{
 "species": "cobblemon:teraonix",
 "order": 0,
 "variations": [
   {
     "aspects": [],
     "poser": "cobblemon:teraonix",
     "model": "cobblemon:teraonix.geo",
     "texture": "cobblemon:textures/pokemon/teraonix/teraonix.png",
     "layers": [
        {
          "name": "emissive",
          "texture": "cobblemon:textures/pokemon/teraonix/teraonix_emissive.png",
          "emissive": true
        }
      ]
   },
   {
     "aspects": [
       "shiny"
     ],
     "texture": "cobblemon:textures/pokemon/teraonix/teraonix_shiny.png",
      "layers": [
        {
          "name": "emissive",
          "texture": "cobblemon:textures/pokemon/teraonix/teraonix_emissive.png",
          "emissive": true
        }
      ]
   }
 ]
}