{
	"format_version": "1.8.0",
	"animations": {
		"animation.teranacli.ground_idle": {
			"loop": true,
			"bones": {
				"body": {
					"rotation": [0, 0, "2.5*math.sin(q.anim_time*1.5*90)"],
					"position": [0, "math.abs(0.1*math.sin(q.anim_time*1.5*90))", 0]
				}
			}
		},
		"animation.teranacli.oldwalk": {
			"loop": true,
			"bones": {
				"body": {
					"position": [0, "math.clamp(math.sin(q.anim_time*90*4/.75-180),0,1)", "6*math.abs(q.anim_time/.75 - math.floor(q.anim_time/.75 + 1/2))-6/4"]
				}
			}
		},
		"animation.teranacli.ground_walk": {
			"loop": true,
			"bones": {
				"body": {
					"rotation": [0, "6*math.sin(q.anim_time*90*4)", "4*math.sin(q.anim_time*4*90-90)"],
					"position": [0, "math.abs(0.15*math.sin(q.anim_time*4*90-90))", 0]
				}
			}
		},
		"animation.teranacli.sleep": {
			"animation_length": 9.3333,
			"bones": {
				"eyelid_left": {
					"position": [0, 0, -0.1]
				},
				"eyelid_right": {
					"position": [0, 0, -0.1]
				}
			}
		},
		"animation.teranacli.blink": {
			"animation_length": 0.2083,
			"bones": {
				"eyelid_left": {
					"position": {
						"0.0": [0, 0, 0],
						"0.0417": [0, 0, -0.1],
						"0.2083": {"pre": [0, 0, -0.1], "post": [0, 0, 0]}
					}
				},
				"eyelid_right": {
					"position": {
						"0.0": [0, 0, 0],
						"0.0417": [0, 0, -0.1],
						"0.2083": {"pre": [0, 0, -0.1], "post": [0, 0, 0]}
					}
				}
			}
		}
	}
}