{
	"format_version": "1.8.0",
	"animations": {
		"animation.teraboldore.ground_idle": {
			"loop": true,
			"bones": {
				"leg_left": {
					"rotation": ["10+2*math.sin(q.anim_time*90*1)", 0, 0],
					"position": [0, "-0.1+0.1*math.sin(q.anim_time*90*1)", 0]
				},
				"feet_left": {
					"rotation": ["32.5-2*math.sin(q.anim_time*90*1)", 0, 0]
				},
				"toe_left": {
					"rotation": [-42.5, 0, 0]
				},
				"leg_right": {
					"rotation": ["10+2*math.sin(q.anim_time*90*1)", 0, 0],
					"position": [0, "-0.1+0.1*math.sin(q.anim_time*90*1)", 0]
				},
				"feet_right": {
					"rotation": ["32.5-2*math.sin(q.anim_time*90*1)", 0, 0]
				},
				"toe_right": {
					"rotation": [-42.5, 0, 0]
				},
				"feet_back": {
					"rotation": ["10+2*math.cos(q.anim_time*90*1-90)", 0, 0]
				},
				"leg_back": {
					"rotation": ["-12.5-2*math.sin(q.anim_time*90*1)", 0, 0],
					"position": [0, "-0.1+0.1*math.sin(q.anim_time*90*1)", 0]
				},
				"torso": {
					"position": [0, "-0.21+0.1*math.sin(q.anim_time*90*1)+0.02*math.sin(q.anim_time*90*7-50)", "0.1*math.cos(q.anim_time*90*1)"]
				}
			}
		},
		"animation.teraboldore.ground_walk": {
			"loop": true,
			"animation_length": 3,
			"bones": {
				"leg_left": {
					"rotation": {
						"0.0": {
							"post": [10.66, 0.03, 0.21],
							"lerp_mode": "catmullrom"
						},
						"0.2083": {
							"post": [10, 0, 0],
							"lerp_mode": "catmullrom"
						},
						"0.625": {
							"post": [-6.96062, -0.70805, -5.47762],
							"lerp_mode": "catmullrom"
						},
						"0.9167": [-15, 0, 0],
						"1.0": [10, 0, 0],
						"3.0": [10.66, 0.03, 0.21]
					},
					"position": {
						"0.0": [0, -0.1, 3.29],
						"0.3333": [0, -0.1, 4],
						"0.9167": [0, 0.9, -1],
						"1.0": [0, -0.1, -1],
						"3.0": [0, -0.1, 3.29]
					}
				},
				"feet_left": {
					"rotation": {
						"0.0": {
							"post": [54.74, 0.2, -10.75],
							"lerp_mode": "catmullrom"
						},
						"0.375": {
							"post": [57.4865, 0.21786, -11.52818],
							"lerp_mode": "catmullrom"
						},
						"0.875": {
							"post": [56.41151, 0.04357, -2.30564],
							"lerp_mode": "catmullrom"
						},
						"1.0": [32.5, 0, 0],
						"3.0": [54.74, 0.2, -10.75]
					}
				},
				"toe_left": {
					"rotation": [-42.5, 0, 0]
				},
				"leg_right": {
					"rotation": {
						"0.0": [10, 0, 0],
						"2.2083": {
							"pre": [10, 0, 0],
							"post": [10, 0, 0],
							"lerp_mode": "catmullrom"
						},
						"2.625": {
							"post": [-6.96062, 0.70805, 5.47762],
							"lerp_mode": "catmullrom"
						},
						"2.9167": [-15, 0, 0],
						"3.0": [10, 0, 0]
					},
					"position": {
						"0.0": [0, -0.1, -1],
						"2.3333": [0, -0.1, 4],
						"2.9167": [0, 0.9, -1],
						"3.0": [0, -0.1, -1]
					}
				},
				"feet_right": {
					"rotation": {
						"0.0": [32.5, 0, 0],
						"2.375": {
							"pre": [57.4865, -0.21786, 11.52818],
							"post": [57.4865, -0.21786, 11.52818],
							"lerp_mode": "catmullrom"
						},
						"2.875": {
							"post": [56.41151, -0.04357, 2.30564],
							"lerp_mode": "catmullrom"
						},
						"3.0": [32.5, 0, 0]
					}
				},
				"toe_right": {
					"rotation": [-42.5, 0, 0]
				},
				"feet_back": {
					"rotation": {
						"0.0": [5.36, 0, 0],
						"1.2917": {
							"pre": [27.5, 0, 0],
							"post": [27.5, 0, 0],
							"lerp_mode": "catmullrom"
						},
						"1.875": {
							"post": [-10.91564, 0, 0],
							"lerp_mode": "catmullrom"
						},
						"2.0417": {
							"post": [-10, 0, 0],
							"lerp_mode": "catmullrom"
						},
						"3.0": [5.36, 0, 0]
					}
				},
				"leg_back": {
					"rotation": {
						"0.0": [-12.5, 0, 0],
						"0.9583": [-17.5, 0, 0],
						"1.9167": [7.5, 0, 0],
						"2.0": [-12.5, 0, 0],
						"3.0": [-12.5, 0, 0]
					},
					"position": {
						"0.0": [0, -0.1, -0.8],
						"0.9583": [0, -0.1, 0.4],
						"1.9167": [0, 0.9, -2],
						"2.0": [0, -0.1, -2],
						"3.0": [0, -0.1, -0.8]
					}
				},
				"torso": {
					"rotation": {
						"0.0": {
							"post": [12.49, -0.27, 1.22],
							"lerp_mode": "catmullrom"
						},
						"0.0833": {
							"post": [12.5, 0, 0],
							"lerp_mode": "catmullrom"
						},
						"0.25": {
							"post": [10.90532, 0.11101, 1.35881],
							"lerp_mode": "catmullrom"
						},
						"0.9167": {
							"post": [4.98107, 0.43523, -4.98107],
							"lerp_mode": "catmullrom"
						},
						"1.0833": {
							"post": [12.5, 0, 0],
							"lerp_mode": "catmullrom"
						},
						"1.5417": {
							"post": [14.625, 0, 0],
							"lerp_mode": "catmullrom"
						},
						"1.9167": {
							"post": [19.99527, 0.21782, -2.4905],
							"lerp_mode": "catmullrom"
						},
						"2.0": {
							"post": [16.18769, 0.00813, 2.45384],
							"lerp_mode": "catmullrom"
						},
						"2.0833": {
							"post": [12.5, 0, 0],
							"lerp_mode": "catmullrom"
						},
						"2.2083": {
							"post": [8.87237, -0.03263, 0.7493],
							"lerp_mode": "catmullrom"
						},
						"2.5417": {
							"post": [-1.25797, 0.16638, 3.15231],
							"lerp_mode": "catmullrom"
						},
						"2.875": {
							"post": [4.98107, -0.43523, 4.98107],
							"lerp_mode": "catmullrom"
						},
						"3.0": {
							"post": [12.49, -0.27, 1.22],
							"lerp_mode": "catmullrom"
						}
					},
					"position": {
						"0.0": [0, 0.06, "-0.1*math.cos(q.anim_time*90*4)"],
						"0.0417": [0, "-0.21+0*math.sin(q.anim_time*90*4+90)", "-0.1*math.cos(q.anim_time*90*4)"],
						"0.9167": [0, "0.59+0*math.sin(q.anim_time*90*4+90)", "-0.1*math.cos(q.anim_time*90*4)"],
						"1.0417": [0, "-0.21+0*math.sin(q.anim_time*90*4+90)", "-0.1*math.cos(q.anim_time*90*4)"],
						"1.9167": [0, "0.59+0*math.sin(q.anim_time*90*4+90)", "-0.1*math.cos(q.anim_time*90*4)"],
						"2.0": [0, 0.06, "-0.1*math.cos(q.anim_time*90*4)"],
						"2.0417": [0, "-0.21+0*math.sin(q.anim_time*90*4+90)", "-0.1*math.cos(q.anim_time*90*4)"],
						"2.9167": [0, "0.59+0*math.sin(q.anim_time*90*4+90)", "-0.1*math.cos(q.anim_time*90*4)"],
						"3.0": [0, 0.06, "-0.1*math.cos(q.anim_time*90*4)"]
					}
				},
				"body": {
					"position": {
						"0.0": [0, 0, 0],
						"0.0417": [0, -0.4, 0],
						"0.0833": [0, 0.2, 0],
						"0.125": [0, -0.3, 0],
						"0.1667": [0, 0, 0],
						"0.25": [0, -0.1, 0],
						"0.3333": [0, 0, 0],
						"1.0": [0, 0, 0],
						"1.0417": [0, -0.4, 0],
						"1.0833": [0, 0.2, 0],
						"1.125": [0, -0.3, 0],
						"1.1667": [0, 0, 0],
						"1.25": [0, -0.1, 0],
						"1.3333": [0, 0, 0],
						"2.0": [0, 0, 0],
						"2.0417": [0, -0.4, 0],
						"2.0833": [0, 0.2, 0],
						"2.125": [0, -0.3, 0],
						"2.1667": [0, 0, 0],
						"2.25": [0, -0.1, 0],
						"2.3333": [0, 0, 0],
						"3.0": [0, 0, 0]
					}
				},
				"toe_right2": {
					"rotation": {
						"0.0": [0, 0, 0],
						"1.0417": [12.5, 0, 0],
						"2.25": [0, 0, 0],
						"3.0": [0, 0, 0]
					}
				}
			}
		},
		"animation.teraboldore.battle_idle": {
			"loop": true,
			"animation_length": 4,
			"bones": {
				"leg_left": {
					"rotation": {
						"0.0": {
							"post": [-16.32, 0, 0],
							"lerp_mode": "catmullrom"
						},
						"1.0": {
							"post": [-17.5, 0, 0],
							"lerp_mode": "catmullrom"
						},
						"1.4583": {
							"post": [-37.5, 0, 0],
							"lerp_mode": "catmullrom"
						},
						"1.7917": {
							"post": [-17.5, 0, 0],
							"lerp_mode": "catmullrom"
						},
						"3.0": {
							"post": [-17.5, 0, 0],
							"lerp_mode": "catmullrom"
						},
						"3.4583": {
							"post": [-37.5, 0, 0],
							"lerp_mode": "catmullrom"
						},
						"3.7917": {
							"post": [-17.5, 0, 0],
							"lerp_mode": "catmullrom"
						},
						"4.0": {
							"post": [-16.32, 0, 0],
							"lerp_mode": "catmullrom"
						}
					},
					"position": {
						"0.0": {
							"post": [0, -1.67, -0.75],
							"lerp_mode": "catmullrom"
						},
						"0.375": {
							"post": [0, -1.6, -0.75],
							"lerp_mode": "catmullrom"
						},
						"1.0": {
							"post": [0, -1.6, -0.75],
							"lerp_mode": "catmullrom"
						},
						"1.7083": {
							"post": [0, -0.6, -0.75],
							"lerp_mode": "catmullrom"
						},
						"1.7917": {
							"post": [0, -1.6, -0.75],
							"lerp_mode": "catmullrom"
						},
						"1.875": [0, -1.66, -0.75],
						"1.9167": [0, -1.76, -0.75],
						"1.9583": [0, -1.47, -0.75],
						"2.0": [0, -1.68, -0.75],
						"2.375": {
							"pre": [0, -1.6, -0.75],
							"post": [0, -1.6, -0.75],
							"lerp_mode": "catmullrom"
						},
						"3.0": {
							"post": [0, -1.6, -0.75],
							"lerp_mode": "catmullrom"
						},
						"3.7083": {
							"post": [0, -0.6, -0.75],
							"lerp_mode": "catmullrom"
						},
						"3.7917": {
							"post": [0, -1.6, -0.75],
							"lerp_mode": "catmullrom"
						},
						"3.8333": [0, -1.66, -0.75],
						"3.875": [0, -1.76, -0.75],
						"3.9167": [0, -1.47, -0.75],
						"3.9583": [0, -1.68, -0.75],
						"4.0": [0, -1.67, -0.75]
					}
				},
				"feet_left": {
					"rotation": {
						"0.0": {
							"post": [62.23, 0, 0],
							"lerp_mode": "catmullrom"
						},
						"1.0": {
							"post": [62.5, 0, 0],
							"lerp_mode": "catmullrom"
						},
						"1.25": {
							"post": [67.5, 0, 0],
							"lerp_mode": "catmullrom"
						},
						"1.7083": {
							"post": [67, 0, 0],
							"lerp_mode": "catmullrom"
						},
						"1.7917": {
							"post": [62.5, 0, 0],
							"lerp_mode": "catmullrom"
						},
						"3.0": {
							"post": [62.5, 0, 0],
							"lerp_mode": "catmullrom"
						},
						"3.25": {
							"post": [67.5, 0, 0],
							"lerp_mode": "catmullrom"
						},
						"3.7083": {
							"post": [67, 0, 0],
							"lerp_mode": "catmullrom"
						},
						"3.7917": {
							"post": [62.5, 0, 0],
							"lerp_mode": "catmullrom"
						},
						"4.0": {
							"post": [62.23, 0, 0],
							"lerp_mode": "catmullrom"
						}
					},
					"position": {
						"0.0": [0, 0, 0],
						"1.0": [0, 0, 0],
						"1.75": [0, 0.94371, -0.33078],
						"1.7917": [0, 0, 0],
						"3.0": [0, 0, 0],
						"3.75": [0, 0.94371, -0.33078],
						"3.7917": [0, 0, 0],
						"4.0": [0, 0, 0]
					}
				},
				"toe_left": {
					"rotation": [-42.5, 0, 0]
				},
				"leg_right": {
					"rotation": {
						"0.0": {
							"post": [-17.5, 0, 0],
							"lerp_mode": "catmullrom"
						},
						"0.4583": {
							"post": [-37.5, 0, 0],
							"lerp_mode": "catmullrom"
						},
						"0.7917": {
							"post": [-17.5, 0, 0],
							"lerp_mode": "catmullrom"
						},
						"2.0": {
							"post": [-17.5, 0, 0],
							"lerp_mode": "catmullrom"
						},
						"2.4583": {
							"post": [-37.5, 0, 0],
							"lerp_mode": "catmullrom"
						},
						"2.7917": {
							"post": [-17.5, 0, 0],
							"lerp_mode": "catmullrom"
						},
						"4.0": {
							"post": [-17.5, 0, 0],
							"lerp_mode": "catmullrom"
						}
					},
					"position": {
						"0.0": {
							"post": [0, -1.6, -0.75],
							"lerp_mode": "catmullrom"
						},
						"0.7083": {
							"post": [0, -0.6, -0.75],
							"lerp_mode": "catmullrom"
						},
						"0.7917": {
							"post": [0, -1.6, -0.75],
							"lerp_mode": "catmullrom"
						},
						"0.875": {
							"post": [0, -1.45, -0.75],
							"lerp_mode": "catmullrom"
						},
						"0.9583": [0, -1.66, -0.75],
						"1.0": [0, -1.76, -0.75],
						"1.0417": [0, -1.47, -0.75],
						"1.0833": [0, -1.68, -0.75],
						"2.0": {
							"pre": [0, -1.6, -0.75],
							"post": [0, -1.6, -0.75],
							"lerp_mode": "catmullrom"
						},
						"2.7083": {
							"post": [0, -0.6, -0.75],
							"lerp_mode": "catmullrom"
						},
						"2.7917": {
							"post": [0, -1.6, -0.75],
							"lerp_mode": "catmullrom"
						},
						"2.875": [0, -1.66, -0.75],
						"2.9167": [0, -1.76, -0.75],
						"2.9583": [0, -1.47, -0.75],
						"3.0": [0, -1.68, -0.75],
						"3.375": {
							"pre": [0, -1.6, -0.75],
							"post": [0, -1.6, -0.75],
							"lerp_mode": "catmullrom"
						},
						"4.0": {
							"post": [0, -1.6, -0.75],
							"lerp_mode": "catmullrom"
						}
					}
				},
				"feet_right": {
					"rotation": {
						"0.0": {
							"post": [62.5, 0, 0],
							"lerp_mode": "catmullrom"
						},
						"0.25": {
							"post": [67.5, 0, 0],
							"lerp_mode": "catmullrom"
						},
						"0.7083": {
							"post": [67, 0, 0],
							"lerp_mode": "catmullrom"
						},
						"0.7917": {
							"post": [62.5, 0, 0],
							"lerp_mode": "catmullrom"
						},
						"2.0": {
							"post": [62.5, 0, 0],
							"lerp_mode": "catmullrom"
						},
						"2.25": {
							"post": [67.5, 0, 0],
							"lerp_mode": "catmullrom"
						},
						"2.7083": {
							"post": [67, 0, 0],
							"lerp_mode": "catmullrom"
						},
						"2.7917": {
							"post": [62.5, 0, 0],
							"lerp_mode": "catmullrom"
						},
						"4.0": {
							"post": [62.5, 0, 0],
							"lerp_mode": "catmullrom"
						}
					},
					"position": {
						"0.0": [0, 0, 0],
						"0.75": [0, 0.94371, -0.33078],
						"0.7917": [0, 0, 0],
						"2.0": [0, 0, 0],
						"2.75": [0, 0.94371, -0.33078],
						"2.7917": [0, 0, 0],
						"4.0": [0, 0, 0]
					}
				},
				"toe_right": {
					"rotation": [-42.5, 0, 0]
				},
				"feet_back": {
					"rotation": ["52.5+2*math.cos(q.anim_time*90*1-90)", 0, 0]
				},
				"leg_back": {
					"rotation": ["-37.5-2*math.sin(q.anim_time*90*1)", 0, "3*math.sin(q.anim_time*90*2)"],
					"position": [
						"0.4*math.sin(q.anim_time*90*2)",
						"0.4+0.1*math.sin(q.anim_time*90*1)+0.02*math.sin(q.anim_time*90*7-50)",
						"-0.9+0.1*math.cos(q.anim_time*90*1)"
					]
				},
				"torso": {
					"rotation": [
						"12.5+4*math.sin(q.anim_time*90*4+120)",
						"-2*math.sin(q.anim_time*90*2+120)",
						"0+0.1*math.cos(q.anim_time*90*6)+4*math.sin(q.anim_time*90*2+40)"
					],
					"position": [0, "-0.21+0.1*math.sin(q.anim_time*90*1)+0.02*math.sin(q.anim_time*90*7-50)", "0.1*math.cos(q.anim_time*90*1)"]
				},
				"body": {
					"rotation": [0, 0, 0],
					"position": {
						"0.0": [0, -0.05, 0],
						"0.0417": [0, -0.1, 0],
						"0.125": [0, 0, 0],
						"0.7917": [0, 0, 0],
						"0.8333": [0, -0.2, 0],
						"0.875": [0, 0.1, 0],
						"0.9167": [0, -0.1, 0],
						"0.9583": [0, 0, 0],
						"1.0417": [0, -0.1, 0],
						"1.125": [0, 0, 0],
						"1.7917": [0, 0, 0],
						"1.8333": [0, -0.2, 0],
						"1.875": [0, 0.1, 0],
						"1.9167": [0, -0.1, 0],
						"1.9583": [0, 0, 0],
						"2.0417": [0, -0.1, 0],
						"2.125": [0, 0, 0],
						"2.7917": [0, 0, 0],
						"2.8333": [0, -0.2, 0],
						"2.875": [0, 0.1, 0],
						"2.9167": [0, -0.1, 0],
						"2.9583": [0, 0, 0],
						"3.0417": [0, -0.1, 0],
						"3.125": [0, 0, 0],
						"3.7917": [0, 0, 0],
						"3.8333": [0, -0.2, 0],
						"3.875": [0, 0.1, 0],
						"3.9167": [0, -0.1, 0],
						"3.9583": [0, 0, 0],
						"4.0": [0, -0.05, 0]
					}
				},
				"toe_right2": {
					"rotation": [-17.5, 0, 0]
				}
			}
		},
		"animation.teraboldore.cry": {
			"animation_length": 1.5,
			"bones": {
				"torso": {
					"rotation": {
						"0.0": {
							"post": [0, 0, 0],
							"lerp_mode": "catmullrom"
						},
						"0.125": {
							"post": [1.95584, -0.30834, -0.71593],
							"lerp_mode": "catmullrom"
						},
						"0.4167": {
							"post": [-1.49883, -1.06508, -2.47299],
							"lerp_mode": "catmullrom"
						},
						"0.625": {
							"post": [3.5, 0, 0],
							"lerp_mode": "catmullrom"
						},
						"0.6667": {
							"post": [3.7661, 0.18242, -2.87734],
							"lerp_mode": "catmullrom"
						},
						"0.7083": {
							"post": [3.79736, -0.02118, 1.15714],
							"lerp_mode": "catmullrom"
						},
						"0.75": {
							"post": [3.81427, 0.10202, -0.79751],
							"lerp_mode": "catmullrom"
						},
						"0.7917": {
							"post": [3.5, 0, 0],
							"lerp_mode": "catmullrom"
						},
						"0.8333": {
							"post": [3.7661, 0.18242, -2.87734],
							"lerp_mode": "catmullrom"
						},
						"0.875": {
							"post": [3.79736, -0.02118, 1.15714],
							"lerp_mode": "catmullrom"
						},
						"0.9167": {
							"post": [3.81427, 0.10202, -0.79751],
							"lerp_mode": "catmullrom"
						},
						"0.9583": {
							"post": [3.84088, -0.04382, 1.25798],
							"lerp_mode": "catmullrom"
						},
						"1.125": {
							"post": [5.99981, -0.89, -1.09904],
							"lerp_mode": "catmullrom"
						},
						"1.5": {
							"post": [0, 0, 0],
							"lerp_mode": "catmullrom"
						}
					},
					"position": {
						"0.0": [0, 0, 0],
						"0.0833": [0, "0.04-0.5*math.cos(q.anim_time*90*30)", 0],
						"0.1667": [0, "-0.2*math.cos(q.anim_time*90*15)", 0],
						"0.5833": [0, "-0.1*math.cos(q.anim_time*90*50)", 0],
						"1.3333": [0, 0, 0]
					}
				}
			},
			"sound_effects": {
				"0.0": {
					"effect": "pokemon.boldore.cry"
				}
			}
		},
		"animation.teraboldore.sleep": {
			"loop": true,
			"bones": {
				"torso": {
					"rotation": ["-15+2*math.cos(q.anim_time*90*1-50)", 0, 0],
					"position": [0, "-4+0.1*math.cos(q.anim_time*90*1)", 0]
				},
				"leg_left": {
					"rotation": [-15, "45+3*math.cos(q.anim_time*90*1)", "-(3*math.cos(q.anim_time*90*1))"],
					"position": [0, -3, -1]
				},
				"feet_left": {
					"rotation": [75, 0, 0],
					"position": [0, 2.25, 0]
				},
				"toe_left": {
					"rotation": [-57.5, 0, 0]
				},
				"leg_right": {
					"rotation": [-15, "-45-3*math.cos(q.anim_time*90*1)", "3*math.cos(q.anim_time*90*1)"],
					"position": [0, -3, -1]
				},
				"feet_right": {
					"rotation": [75, 0, 0],
					"position": [0, 2.25, 0]
				},
				"toe_right": {
					"rotation": [-57.5, 0, 0]
				},
				"leg_back": {
					"rotation": ["40-1*math.cos(q.anim_time*90*1)", 0, 0],
					"position": [0, -4.5, 0]
				},
				"feet_back": {
					"rotation": ["-20+1*math.cos(q.anim_time*90*1)", 0, 0],
					"position": [0, "0.9724+0.1*math.cos(q.anim_time*90*1)", 0.7076]
				},
				"toe_right2": {
					"rotation": [-27.5, 0, 0]
				}
			}
		},
		"animation.teraboldore.faint": {
			"animation_length": 3,
			"bones": {
				"leg_left": {
					"rotation": {
						"0.0": [10, 0, 0],
						"0.1667": [11.9867, 3.4542, -5.29477],
						"0.2917": [10, 0, 0],
						"0.5417": [7.47124, 44.74457, 74.48958],
						"1.9167": [7.47, 44.74, 74.49],
						"2.0": [4.65727, 54.40615, 75.82549],
						"2.0833": [12.63119, 46.00219, 76.28779]
					},
					"position": {
						"0.0": {
							"post": [0, -0.1, 0],
							"lerp_mode": "catmullrom"
						},
						"0.25": {
							"post": [0, -0.1, 0],
							"lerp_mode": "catmullrom"
						},
						"0.3333": {
							"post": [2, 0.33, -0.14],
							"lerp_mode": "catmullrom"
						},
						"0.4583": {
							"post": [5.15, -1.98, 0.39],
							"lerp_mode": "catmullrom"
						},
						"0.5417": {
							"post": [7.25, -6.6, 0.75],
							"lerp_mode": "catmullrom"
						},
						"0.5833": {
							"post": [7.25, -6.85, 0.75],
							"lerp_mode": "catmullrom"
						},
						"0.625": {
							"post": [7.25, -6.6, 0.75],
							"lerp_mode": "catmullrom"
						},
						"0.6667": [7.25, -6.85, 0.75],
						"1.9167": [7.25, -6.85, 0.75],
						"1.9583": {
							"pre": [7.25, -6.1, 0.75],
							"post": [7.25, -6.1, 0.75],
							"lerp_mode": "catmullrom"
						},
						"2.0": {
							"post": [7.25, -6.3, 0.75],
							"lerp_mode": "catmullrom"
						},
						"2.125": [7.75, -6.8, 0.25]
					}
				},
				"feet_left": {
					"rotation": {
						"0.0": [32.5, 0, 0],
						"0.25": {
							"pre": [34.37069, 0.78607, 4.58285],
							"post": [34.37069, 0.78607, 4.58285],
							"lerp_mode": "catmullrom"
						},
						"0.4167": {
							"post": [27.49544, -1.6995, 6.31616],
							"lerp_mode": "catmullrom"
						},
						"0.5417": [51.98722, 2.05235, 3.00515],
						"0.625": [52.48549, 3.21437, 7.86569],
						"0.75": [51.98722, 2.05235, 3.00515],
						"1.9583": [51.99, 2.05, 3.01],
						"2.0": [52.8246, 1.71685, 0.70434],
						"2.0417": [51.16929, 2.41641, 5.31111],
						"2.0833": [51.99, 2.05, 3.01],
						"2.1667": [51.16929, 2.41641, 5.31111],
						"2.25": [51.99, 2.05, 3.01]
					}
				},
				"toe_left": {
					"rotation": [-42.5, 0, 0]
				},
				"leg_right": {
					"rotation": {
						"0.0": [10, 0, 0],
						"0.5417": [25, 0, 0],
						"1.7083": [26.11191, 4.51157, 2.42577],
						"1.9583": [-48.88809, 4.51157, 2.42577]
					},
					"position": {
						"0.0": [0, -0.1, 0],
						"0.5417": [0, 0.4, 0],
						"1.7083": [1, 0.4, 0],
						"1.9583": [1, -4.6, 0]
					}
				},
				"feet_right": {
					"rotation": {
						"0.0": [32.5, 0, 0],
						"0.5417": [15, 0, 0],
						"1.7083": [12.51153, 2.4407, 0.54143],
						"1.8333": [50.01153, 2.4407, 0.54143],
						"1.9583": [77.51153, 2.4407, 0.54143]
					}
				},
				"toe_right": {
					"rotation": [-42.5, 0, 0]
				},
				"feet_back": {
					"rotation": {
						"0.0": [10, 0, 0],
						"0.25": [-5, 0, 0],
						"1.2083": {
							"pre": [-4.95744, -0.65182, -7.47178],
							"post": [-4.95744, -0.65182, -7.47178],
							"lerp_mode": "catmullrom"
						},
						"1.75": {
							"post": [-7.45744, -0.65182, -7.47178],
							"lerp_mode": "catmullrom"
						},
						"1.875": {
							"post": [-13.87513, -5.6793, -26.86574],
							"lerp_mode": "catmullrom"
						},
						"1.9583": [4.71593, -4.43947, -39.35031]
					}
				},
				"leg_back": {
					"rotation": {
						"0.0": [-12.5, 0, 0],
						"0.25": [5, 0, 0]
					},
					"position": {
						"0.0": [0, -0.1, 0],
						"0.25": [0, -0.85, 0],
						"1.25": [-1, -0.85, 0],
						"1.75": [-1, -0.85, 0],
						"2.0": [-1.5, -2.85, 0]
					}
				},
				"torso": {
					"rotation": {
						"0.0": {
							"post": [0, 0, 0],
							"lerp_mode": "catmullrom"
						},
						"0.125": {
							"post": [-0.35714, 0, 0],
							"lerp_mode": "catmullrom"
						},
						"0.25": {
							"post": [4.44184, -0.22772, 9.16404],
							"lerp_mode": "catmullrom"
						},
						"0.3333": {
							"post": [4.6379, -3.12174, 7.26438],
							"lerp_mode": "catmullrom"
						},
						"0.7083": {
							"post": [-8.81717, -2.60664, -2.50021],
							"lerp_mode": "catmullrom"
						},
						"0.75": {
							"post": [-11.77421, -3.07506, -2.46975],
							"lerp_mode": "catmullrom"
						},
						"0.7917": {
							"post": [-9.29894, -3.4947, -2.35829],
							"lerp_mode": "catmullrom"
						},
						"0.8333": {
							"post": [-11.76198, -3.93054, -2.23909],
							"lerp_mode": "catmullrom"
						},
						"0.9167": {
							"post": [-6.73469, -4.98687, -1.94155],
							"lerp_mode": "catmullrom"
						},
						"1.0833": {
							"post": [-10.26695, -7.88617, -1.1025],
							"lerp_mode": "catmullrom"
						},
						"1.4583": {
							"post": [-9.53907, -10.46213, -2.94761],
							"lerp_mode": "catmullrom"
						},
						"1.75": {
							"post": [-7.16278, -12.53516, -1.82496],
							"lerp_mode": "catmullrom"
						},
						"1.8333": {
							"post": [-16.00812, -12.83738, -4.10654],
							"lerp_mode": "catmullrom"
						},
						"1.9167": {
							"post": [-4.95067, -12.45167, -1.10693],
							"lerp_mode": "catmullrom"
						},
						"1.9583": {
							"post": [-6.93203, -12.45926, -1.04932],
							"lerp_mode": "catmullrom"
						},
						"2.0833": {
							"post": [-3.56518, -12.45594, -1.07453],
							"lerp_mode": "catmullrom"
						},
						"2.2083": [-4.95067, -12.45167, -1.10693]
					},
					"position": {
						"0.0": [0, -0.22532, 0.1],
						"0.2083": [0, -0.98, 0.1],
						"0.5": [0, 0.27, 0.1],
						"1.125": [-0.5, 0.27, 0.85],
						"1.5": [-0.07, -0.03, 0.2],
						"1.7917": [0, 0.67, 0.1],
						"1.9167": [0, -3.73, 0.1],
						"1.9583": [0, -4.03, 0.1],
						"2.0": [0, -3.83, 0.1],
						"2.0417": [0, -4.03, 0.1],
						"2.125": [0, -3.83, 0.1],
						"2.3333": [0, -3.93, 0.1]
					}
				},
				"horn_left2": {
					"rotation": {
						"1.875": [0, 0, 0],
						"1.9583": {
							"pre": [0, 0, 37.5],
							"post": [0, 0, 37.5],
							"lerp_mode": "catmullrom"
						},
						"2.0": {
							"post": [0, 0, 30],
							"lerp_mode": "catmullrom"
						},
						"2.25": [0, 0, 37.5]
					}
				},
				"teeth1": {
					"rotation": {
						"1.9167": [0, 0, 0],
						"1.9583": [7.5, 0, 0],
						"2.2917": {
							"pre": [7.5, 0, 0],
							"post": [7.5, 0, 0],
							"lerp_mode": "catmullrom"
						},
						"2.4583": {
							"post": [15, 0, 0],
							"lerp_mode": "catmullrom"
						},
						"2.625": [97.5, 0, 0],
						"2.6667": [102.5, 0, 0],
						"2.75": [97.5, 0, 0]
					},
					"position": {
						"1.9167": [0, 0, 0],
						"1.9583": [0, 0, 0],
						"2.2917": {
							"pre": [0.00472, 0.24893, -0.02261],
							"post": [0.00472, 0.24893, -0.02261],
							"lerp_mode": "catmullrom"
						},
						"2.4583": {
							"post": [-0.05997, 0.22365, -0.31446],
							"lerp_mode": "catmullrom"
						},
						"2.5417": {
							"post": [-0.31919, -0.62214, -1.36582],
							"lerp_mode": "catmullrom"
						},
						"2.625": [-0.44268, -1.90263, -1.69013],
						"2.6667": [-0.48312, -1.91685, -1.88457]
					}
				},
				"teeth2": {
					"rotation": {
						"0.0": [0, 0, 0],
						"1.9167": [0, 0, 0],
						"1.9583": [-25, 0, 0]
					},
					"position": {
						"0.0": [0, 0, 0],
						"1.9167": [0, 0, 0],
						"1.9583": [-0.10787, -0.05892, -0.48466]
					}
				},
				"teeth3": {
					"rotation": {
						"1.9167": [0, 0, 0],
						"2.0": [-7.98005, 17.18282, -16.71737]
					},
					"position": [0, 0, 0]
				},
				"toe_right2": {
					"rotation": {
						"1.9167": [0, 0, 0],
						"1.9583": [32.5, 0, 0]
					}
				}
			}
		},
		"animation.teraboldore.blink": {
			"loop": true
		}
	}
}