{
	"format_version": "1.8.0",
	"animations": {
		"animation.teragigalith.ground_idle": {
			"loop": true,
			"animation_length": 4,
			"bones": {
				"head": {
					"rotation": ["20+1*math.sin(q.anim_time*90*1-60)+0.2*math.sin(q.anim_time*90*3-50)", 0, 0]
				},
				"leg_front_left": {
					"rotation": ["2*math.sin(q.anim_time*90*1)", -45, 0],
					"position": [0, "0.2*math.sin(q.anim_time*90*1)", 0]
				},
				"leg_front_right": {
					"rotation": ["2*math.sin(q.anim_time*90*1)", 45, 0],
					"position": [0, "0.2*math.sin(q.anim_time*90*1)", 0]
				},
				"leg_back_left": {
					"rotation": ["-2*math.sin(q.anim_time*90*1)", 47.5, 0],
					"position": [0, "0.2*math.sin(q.anim_time*90*1)", 0]
				},
				"leg_back_right": {
					"rotation": ["-2*math.sin(q.anim_time*90*1)", -47.5, 0],
					"position": [0, "0.2*math.sin(q.anim_time*90*1)", 0]
				},
				"torso": {
					"rotation": ["2.5+0.5*math.sin(q.anim_time*90*1+20)", -0.00149, "0+0.1*math.sin(q.anim_time*90*2+20)"],
					"position": [0, "-0.21+0.2*math.sin(q.anim_time*90*1)+0.02*math.sin(q.anim_time*90*7-50)", "0.1*math.cos(q.anim_time*90*1)"]
				},
				"leg_front2_left": {
					"rotation": ["-2*math.sin(q.anim_time*90*1)", 0, 0]
				},
				"leg_front2_right": {
					"rotation": ["-2*math.sin(q.anim_time*90*1)", 0, 0]
				},
				"leg_back2_left": {
					"rotation": ["2*math.sin(q.anim_time*90*1)", 0, 0]
				},
				"leg_back2_right": {
					"rotation": ["2*math.sin(q.anim_time*90*1)", 0, 0]
				},
				"gigalith": {
					"rotation": [0, 0, 0]
				}
			}
		},
		"animation.teragigalith.ground_walk": {
			"loop": true,
			"animation_length": 8,
			"bones": {
				"head": {
					"rotation": ["20+5*math.sin(q.anim_time*90*2-90)+0.2*math.sin(q.anim_time*90*3-50)", 0, "2*math.cos(q.anim_time*90*2-60)"]
				},
				"leg_front_left": {
					"rotation": {
						"0.0": [0, -30, 0],
						"2.0": {
							"pre": [1.33, -62.88, -0.07],
							"post": [1.33, -62.88, -0.07],
							"lerp_mode": "catmullrom"
						},
						"3.0": {
							"post": [0, -72.5, 0],
							"lerp_mode": "catmullrom"
						},
						"3.875": {
							"post": [-17.96099, -32.3813, 0.88994],
							"lerp_mode": "catmullrom"
						},
						"4.0": [0, -30, 0],
						"6.0": {
							"pre": [2, -62.79, -0.1],
							"post": [2, -62.79, -0.1],
							"lerp_mode": "catmullrom"
						},
						"7.0": {
							"post": [0, -72.5, 0],
							"lerp_mode": "catmullrom"
						},
						"7.875": {
							"post": [-17.96099, -32.3813, 0.88994],
							"lerp_mode": "catmullrom"
						},
						"8.0": [0, -30, 0]
					},
					"position": {
						"0.0": [0, "0.2*math.sin(q.anim_time*90*1)", 0],
						"2.0": [0, "0.2*math.sin(q.anim_time*90*1)", 0],
						"6.0": [0, "0.2*math.sin(q.anim_time*90*1)", 0]
					}
				},
				"leg_front_right": {
					"rotation": {
						"0.0": {
							"post": [1.33, 62.88, 0.07],
							"lerp_mode": "catmullrom"
						},
						"1.0": {
							"post": [0, 72.5, 0],
							"lerp_mode": "catmullrom"
						},
						"1.875": {
							"post": [-17.96099, 32.3813, -0.88994],
							"lerp_mode": "catmullrom"
						},
						"2.0": [0, 30, 0],
						"4.0": {
							"pre": [1.33, 62.88, 0.07],
							"post": [1.33, 62.88, 0.07],
							"lerp_mode": "catmullrom"
						},
						"5.0": {
							"post": [0, 72.5, 0],
							"lerp_mode": "catmullrom"
						},
						"5.875": {
							"post": [-17.96099, 32.3813, -0.88994],
							"lerp_mode": "catmullrom"
						},
						"6.0": [0, 30, 0],
						"8.0": [2, 62.79, 0.1]
					},
					"position": {
						"0.0": [0, "0.2*math.sin(q.anim_time*90*1)", 0],
						"4.0": [0, "0.2*math.sin(q.anim_time*90*1)", 0],
						"8.0": [0, "0.2*math.sin(q.anim_time*90*1)", 0]
					}
				},
				"leg_back_left": {
					"rotation": {
						"0.0": [-2.18, 52.97, 0],
						"1.5833": {
							"pre": [0, 37.5, 0],
							"post": [0, 37.5, 0],
							"lerp_mode": "catmullrom"
						},
						"2.5": {
							"post": [17.5, 70, 0],
							"lerp_mode": "catmullrom"
						},
						"2.5833": [0, 70, 0],
						"5.5833": {
							"pre": [0, 37.5, 0],
							"post": [0, 37.5, 0],
							"lerp_mode": "catmullrom"
						},
						"6.5": {
							"post": [17.5, 70, 0],
							"lerp_mode": "catmullrom"
						},
						"6.5833": [0, 70, 0],
						"8.0": [-2.18, 52.97, 0]
					},
					"position": {
						"0.0": [0, 0, 0],
						"1.5833": {
							"pre": [0, 0, 0],
							"post": [0, 0, 0],
							"lerp_mode": "catmullrom"
						},
						"2.5": {
							"post": [0, 0, 0],
							"lerp_mode": "catmullrom"
						},
						"2.5833": [0, 0, 0],
						"5.5833": {
							"pre": [0, 0, 0],
							"post": [0, 0, 0],
							"lerp_mode": "catmullrom"
						},
						"6.5": {
							"post": [0, 0, 0],
							"lerp_mode": "catmullrom"
						},
						"6.5833": [0, 0, 0],
						"8.0": [0, 0, 0]
					}
				},
				"leg_back_right": {
					"rotation": {
						"0.0": [8.74, -49.71, 0],
						"0.5": [17.5, -70, 0],
						"0.5833": [0, -70, 0],
						"3.5833": {
							"pre": [0, -37.5, 0],
							"post": [0, -37.5, 0],
							"lerp_mode": "catmullrom"
						},
						"4.5": {
							"post": [17.5, -70, 0],
							"lerp_mode": "catmullrom"
						},
						"4.5833": [0, -70, 0],
						"7.5833": [0, -37.5, 0],
						"8.0": [8.74, -49.71, 0]
					},
					"position": {
						"0.0": [0, 0, 0],
						"0.5": [0, 0, 0],
						"0.5833": [0, 0, 0],
						"3.5833": {
							"pre": [0, 0, 0],
							"post": [0, 0, 0],
							"lerp_mode": "catmullrom"
						},
						"4.5": {
							"post": [0, 0, 0],
							"lerp_mode": "catmullrom"
						},
						"4.5833": [0, 0, 0],
						"7.5833": [0, 0, 0],
						"8.0": [0, 0, 0]
					}
				},
				"torso": {
					"rotation": ["2.5+3*math.sin(q.anim_time*90*2)", -0.00149, "5*math.sin(q.anim_time*90*1)"],
					"position": {
						"0.0": [0, -0.21, "0.1*math.cos(q.anim_time*90*1)"],
						"0.0833": [0, 0.29, "0.1*math.cos(q.anim_time*90*1)"],
						"0.1667": [0, -0.21, "0.1*math.cos(q.anim_time*90*1)"],
						"0.25": [0, 0.04, "0.1*math.cos(q.anim_time*90*1)"],
						"0.3333": [0, -0.21, "0.1*math.cos(q.anim_time*90*1)"],
						"0.5833": [0, -0.21, "0.1*math.cos(q.anim_time*90*1)"],
						"0.6667": [0, 0.29, "0.1*math.cos(q.anim_time*90*1)"],
						"0.75": [0, -0.21, "0.1*math.cos(q.anim_time*90*1)"],
						"0.8333": [0, 0.04, "0.1*math.cos(q.anim_time*90*1)"],
						"0.9167": [0, -0.21, "0.1*math.cos(q.anim_time*90*1)"],
						"2.0": [0, -0.21, "0.1*math.cos(q.anim_time*90*1)"],
						"2.0833": [0, 0.29, "0.1*math.cos(q.anim_time*90*1)"],
						"2.1667": [0, -0.21, "0.1*math.cos(q.anim_time*90*1)"],
						"2.25": [0, 0.04, "0.1*math.cos(q.anim_time*90*1)"],
						"2.3333": [0, -0.21, "0.1*math.cos(q.anim_time*90*1)"],
						"2.5833": [0, -0.21, "0.1*math.cos(q.anim_time*90*1)"],
						"2.6667": [0, 0.29, "0.1*math.cos(q.anim_time*90*1)"],
						"2.75": [0, -0.21, "0.1*math.cos(q.anim_time*90*1)"],
						"2.8333": [0, 0.04, "0.1*math.cos(q.anim_time*90*1)"],
						"2.9167": [0, -0.21, "0.1*math.cos(q.anim_time*90*1)"],
						"4.0": [0, -0.21, "0.1*math.cos(q.anim_time*90*1)"],
						"4.0833": [0, 0.29, "0.1*math.cos(q.anim_time*90*1)"],
						"4.1667": [0, -0.21, "0.1*math.cos(q.anim_time*90*1)"],
						"4.25": [0, 0.04, "0.1*math.cos(q.anim_time*90*1)"],
						"4.3333": [0, -0.21, "0.1*math.cos(q.anim_time*90*1)"],
						"4.5833": [0, -0.21, "0.1*math.cos(q.anim_time*90*1)"],
						"4.6667": [0, 0.29, "0.1*math.cos(q.anim_time*90*1)"],
						"4.75": [0, -0.21, "0.1*math.cos(q.anim_time*90*1)"],
						"4.8333": [0, 0.04, "0.1*math.cos(q.anim_time*90*1)"],
						"4.9167": [0, -0.21, "0.1*math.cos(q.anim_time*90*1)"],
						"6.0": [0, -0.21, "0.1*math.cos(q.anim_time*90*1)"],
						"6.0833": [0, 0.29, "0.1*math.cos(q.anim_time*90*1)"],
						"6.1667": [0, -0.21, "0.1*math.cos(q.anim_time*90*1)"],
						"6.25": [0, 0.04, "0.1*math.cos(q.anim_time*90*1)"],
						"6.3333": [0, -0.21, "0.1*math.cos(q.anim_time*90*1)"],
						"6.5833": [0, -0.21, "0.1*math.cos(q.anim_time*90*1)"],
						"6.6667": [0, 0.29, "0.1*math.cos(q.anim_time*90*1)"],
						"6.75": [0, -0.21, "0.1*math.cos(q.anim_time*90*1)"],
						"6.8333": [0, 0.04, "0.1*math.cos(q.anim_time*90*1)"],
						"6.9167": [0, -0.21, "0.1*math.cos(q.anim_time*90*1)"],
						"8.0": [0, -0.21, "0.1*math.cos(q.anim_time*90*1)"]
					}
				},
				"leg_front2_left": {
					"rotation": {
						"0.0": [0, 0, 0],
						"2.0": {
							"pre": [0.13, 21.13, 0.24],
							"post": [0.13, 21.13, 0.24],
							"lerp_mode": "catmullrom"
						},
						"3.0": {
							"post": [0.2546, 27.48183, 1.04081],
							"lerp_mode": "catmullrom"
						},
						"3.4167": {
							"post": [13.10236, 16.74809, 4.65163],
							"lerp_mode": "catmullrom"
						},
						"3.875": {
							"post": [0.86727, 3.35073, 7.64281],
							"lerp_mode": "catmullrom"
						},
						"4.0": [0, 0, 0],
						"6.0": {
							"pre": [0.1, 21, -0.04],
							"post": [0.1, 21, -0.04],
							"lerp_mode": "catmullrom"
						},
						"7.0": {
							"post": [0.2546, 27.48183, 1.04081],
							"lerp_mode": "catmullrom"
						},
						"7.4167": {
							"post": [13.10236, 16.74809, 4.65163],
							"lerp_mode": "catmullrom"
						},
						"7.875": {
							"post": [0.86727, 3.35073, 7.64281],
							"lerp_mode": "catmullrom"
						},
						"8.0": [0, 0, 0]
					},
					"position": {
						"0.0": [0, 0, 0],
						"0.0417": [0.01, 0.25, 0.04006],
						"0.125": [0.03999, -0.01, 0.11978],
						"0.2083": [0.07002, 0.24, 0.20041],
						"0.25": [0.07998, -0.02, 0.23949],
						"2.0": [0.67, 0, 3.08],
						"3.0": [1, 0, 3.85],
						"4.0": [0, 0, 0],
						"4.0417": [0.01, 0.25, 0.04006],
						"4.125": [0.03999, -0.01, 0.11978],
						"4.2083": [0.07002, 0.24, 0.20041],
						"4.25": [0.07998, -0.02, 0.23949],
						"6.0": [0.67, 0, 3.08],
						"7.0": [1, 0, 3.85],
						"8.0": [0, 0, 0]
					}
				},
				"leg_front2_right": {
					"rotation": {
						"0.0": {
							"post": [0.13, -21.13, -0.24],
							"lerp_mode": "catmullrom"
						},
						"1.0": {
							"post": [0.2546, -27.48183, -1.04081],
							"lerp_mode": "catmullrom"
						},
						"1.4167": {
							"post": [13.10236, -16.74809, -4.65163],
							"lerp_mode": "catmullrom"
						},
						"1.875": {
							"post": [0.86727, -3.35073, -7.64281],
							"lerp_mode": "catmullrom"
						},
						"2.0": [0, 0, 0],
						"4.0": {
							"pre": [0.13, -21.13, -0.24],
							"post": [0.13, -21.13, -0.24],
							"lerp_mode": "catmullrom"
						},
						"5.0": {
							"post": [0.2546, -27.48183, -1.04081],
							"lerp_mode": "catmullrom"
						},
						"5.4167": {
							"post": [13.10236, -16.74809, -4.65163],
							"lerp_mode": "catmullrom"
						},
						"5.875": {
							"post": [0.86727, -3.35073, -7.64281],
							"lerp_mode": "catmullrom"
						},
						"6.0": [0, 0, 0],
						"8.0": [0.1, -21, 0.04]
					},
					"position": {
						"0.0": [-0.67, 0, 1.83],
						"1.0": [-1, 0, 2.75],
						"2.0": [0, 0, 0],
						"2.0833": [-0.01004, 0.25, 0.04083],
						"2.125": [-0.01993, -0.00999, 0.0784],
						"2.2083": [-0.0301, 0.23999, 0.12232],
						"2.2917": [-0.03987, -0.01998, 0.15702],
						"4.0": [-0.67, 0, 1.83],
						"5.0": [-1, 0, 2.75],
						"6.0": [0, 0, 0],
						"6.0833": [-0.01004, 0.25, 0.04083],
						"6.125": [-0.01993, -0.00999, 0.0784],
						"6.2083": [-0.0301, 0.23999, 0.12232],
						"6.2917": [-0.03987, -0.01998, 0.15702],
						"8.0": [-0.67, 0, 1.83]
					}
				},
				"leg_back2_left": {
					"rotation": {
						"0.0": [1.79, 14.37, 0.37],
						"1.5833": [-0.2546, 27.48183, -1.04081],
						"2.5": {
							"pre": [-15.44602, 0.30036, -7.32018],
							"post": [-15.44602, 0.30036, -7.32018],
							"lerp_mode": "catmullrom"
						},
						"2.5833": {
							"post": [0, 0, 0],
							"lerp_mode": "catmullrom"
						},
						"5.5833": [-0.2546, 27.48183, -1.04081],
						"6.5": {
							"pre": [-15.44602, 0.30036, -7.32018],
							"post": [-15.44602, 0.30036, -7.32018],
							"lerp_mode": "catmullrom"
						},
						"6.5833": {
							"post": [0, 0, 0],
							"lerp_mode": "catmullrom"
						},
						"8.0": [1.79, 14.37, 0.37]
					},
					"position": {
						"0.0": [0.07, -0.02, 0.55],
						"1.5833": [-0.16594, -0.0367, 1.44762],
						"2.5": [0, 0, 0],
						"2.5833": [0, 0, 0],
						"2.6667": [0, 0.25, 0.02848],
						"2.7083": [0, 0.00001, 0.05247],
						"2.7917": [0.01, 0.23997, 0.08582],
						"2.875": [0.02, -0.00994, 0.12565],
						"5.5833": [-0.16594, -0.0367, 1.44762],
						"6.5": [0, 0, 0],
						"6.5833": [0, 0, 0],
						"6.6667": [0, 0.25, 0.02848],
						"6.7083": [0, 0.00001, 0.05247],
						"6.7917": [0.01, 0.23997, 0.08582],
						"6.875": [0.02, -0.00994, 0.12565],
						"8.0": [0.07, -0.02, 0.55]
					}
				},
				"leg_back2_right": {
					"rotation": {
						"0.0": [-7.88, -17.31, 4.31],
						"0.5": {
							"pre": [-15.44602, -0.30036, 7.32018],
							"post": [-15.44602, -0.30036, 7.32018],
							"lerp_mode": "catmullrom"
						},
						"0.5833": {
							"post": [0, 0, 0],
							"lerp_mode": "catmullrom"
						},
						"3.5833": [-0.2546, -27.48183, 1.04081],
						"4.5": {
							"pre": [-15.44602, -0.30036, 7.32018],
							"post": [-15.44602, -0.30036, 7.32018],
							"lerp_mode": "catmullrom"
						},
						"4.5833": {
							"post": [0, 0, 0],
							"lerp_mode": "catmullrom"
						},
						"7.5833": [-0.2546, -27.48183, 1.04081],
						"8.0": [-7.88, -17.31, 4.31]
					},
					"position": {
						"0.0": [-0.09, -0.02, 0.66],
						"0.5": [0, 0, 0],
						"0.5833": [0, 0, 0],
						"0.6667": [0, 0.25, 0.01897],
						"0.7083": [0, 0.00001, 0.042],
						"0.75": [0, 0.24998, 0.05708],
						"0.8333": [0, 0.00003, 0.08418],
						"3.5833": [-0.16594, -0.0367, 1.44762],
						"4.5": [0, 0, 0],
						"4.5833": [0, 0, 0],
						"4.6667": [0, 0.25, 0.01897],
						"4.7083": [0, 0.00001, 0.042],
						"4.75": [0, 0.24998, 0.05708],
						"4.8333": [0, 0.00003, 0.08418],
						"7.5833": [-0.16594, -0.0367, 1.44762],
						"8.0": [-0.09, -0.02, 0.66]
					}
				},
				"body": {
					"position": {
						"0.0": [0, 0, 0],
						"0.0417": [0, -0.25, 0],
						"0.1667": [0, 0, 0],
						"0.5833": [0, 0, 0],
						"0.625": [0, -0.25, 0],
						"0.75": [0, 0, 0],
						"2.0": [0, 0, 0],
						"2.0417": [0, -0.25, 0],
						"2.1667": [0, 0, 0],
						"2.5833": [0, 0, 0],
						"2.625": [0, -0.25, 0],
						"2.75": [0, 0, 0],
						"4.0": [0, 0, 0],
						"4.0417": [0, -0.25, 0],
						"4.1667": [0, 0, 0],
						"4.5833": [0, 0, 0],
						"4.625": [0, -0.25, 0],
						"4.75": [0, 0, 0],
						"6.0": [0, 0, 0],
						"6.0417": [0, -0.25, 0],
						"6.1667": [0, 0, 0],
						"6.5833": [0, 0, 0],
						"6.625": [0, -0.25, 0],
						"6.75": [0, 0, 0],
						"8.0": [0, 0, 0]
					}
				},
				"head_upper": {
					"rotation": ["-1+1*math.sin(q.anim_time*90*2-90)+0.1*math.sin(q.anim_time*90*9-90)", 0, 0]
				},
				"gigalith": {
					"position": [0, 0, 0]
				}
			}
		},
		"animation.teragigalith.battle_idle": {
			"loop": true,
			"animation_length": 4,
			"bones": {
				"head": {
					"rotation": ["20+1*math.sin(q.anim_time*90*1-60)+0.2*math.sin(q.anim_time*90*3-50)", 0, 0]
				},
				"leg_front_left": {
					"rotation": ["2*math.sin(q.anim_time*90*1)", -50, 0],
					"position": [0, "0.2*math.sin(q.anim_time*90*1)", 0]
				},
				"leg_front_right": {
					"rotation": ["2*math.sin(q.anim_time*90*1)", 50, 0],
					"position": [0, "0.2*math.sin(q.anim_time*90*1)", 0]
				},
				"leg_back_left": {
					"rotation": ["-2*math.sin(q.anim_time*90*1)", 47.5, 0],
					"position": [0, "0.2*math.sin(q.anim_time*90*1)", 0]
				},
				"leg_back_right": {
					"rotation": ["-2*math.sin(q.anim_time*90*1)", -47.5, 0],
					"position": [0, "0.2*math.sin(q.anim_time*90*1)", 0]
				},
				"torso": {
					"rotation": [
						"7.5+0.2*math.sin(q.anim_time*90*3+20)+0.5*math.sin(q.anim_time*90*1+20)",
						-0.00149,
						"0+0.1*math.sin(q.anim_time*90*5+20)+0.8*math.cos(q.anim_time*90*1+20)"
					],
					"position": [0, "-0.21+0.2*math.sin(q.anim_time*90*1)+0.02*math.sin(q.anim_time*90*7-50)", "0.1*math.cos(q.anim_time*90*1)"]
				},
				"leg_front2_left": {
					"rotation": ["-2*math.sin(q.anim_time*90*1)", 0, 0]
				},
				"leg_front2_right": {
					"rotation": ["-2*math.sin(q.anim_time*90*1)", 0, 0]
				},
				"leg_back2_left": {
					"rotation": ["2*math.sin(q.anim_time*90*1)", 0, 0]
				},
				"leg_back2_right": {
					"rotation": ["2*math.sin(q.anim_time*90*1)", 0, 0]
				},
				"head_upper": {
					"rotation": ["-7.5+1*math.cos(q.anim_time*90*1)", 0, 0]
				}
			}
		},
		"animation.teragigalith.sleep": {
			"loop": true,
			"animation_length": 4,
			"bones": {
				"head": {
					"rotation": ["32.5+1*math.sin(q.anim_time*90*1-60)", 0, "1*math.cos(q.anim_time*90*1-60)"]
				},
				"leg_front_left": {
					"rotation": [-25, -45, 0],
					"position": [0, 0, 0]
				},
				"leg_front_right": {
					"rotation": [-25, 45, 0],
					"position": [0, 0, 0]
				},
				"leg_back_left": {
					"rotation": [25, 47.5, 0],
					"position": [0, 0, 0]
				},
				"leg_back_right": {
					"rotation": [25, -47.5, 0],
					"position": [0, 0, 0]
				},
				"torso": {
					"rotation": ["0+0.1*math.sin(q.anim_time*90*1+20)", -0.00149, "0.3*math.cos(q.anim_time*90*1+20)"],
					"position": [0, 0, 0]
				},
				"leg_front2_left": {
					"rotation": [27.5, 0, 0],
					"position": [0, 1.25, 2.75]
				},
				"leg_front2_right": {
					"rotation": [27.5, 0, 0],
					"position": [0, 1.25, 2.75]
				},
				"leg_back2_left": {
					"rotation": [-27.5, 0, 0],
					"position": [0, 1, -2.25]
				},
				"leg_back2_right": {
					"rotation": [-27.5, 0, 0],
					"position": [0, 1, -2.25]
				},
				"body": {
					"position": [0, -3, 0]
				},
				"leg_front3_left": {
					"position": [0, 0, 0]
				}
			}
		},
		"animation.teragigalith.cry": {
			"animation_length": 3,
			"bones": {
				"torso": {
					"rotation": {
						"0.0": {
							"post": [0, 0, 0],
							"lerp_mode": "catmullrom"
						},
						"0.2083": {
							"post": [2.5, 0, 0],
							"lerp_mode": "catmullrom"
						},
						"0.4167": {
							"post": [-0.30978, 0.0956, -2.49817],
							"lerp_mode": "catmullrom"
						},
						"1.4167": {
							"post": [-0.11784, 0.04208, 1.53579],
							"lerp_mode": "catmullrom"
						},
						"1.75": {
							"post": [2.44287, 0.0204, 0.74462],
							"lerp_mode": "catmullrom"
						},
						"3.0": {
							"post": [0, 0, 0],
							"lerp_mode": "catmullrom"
						}
					},
					"position": {
						"0.0": [0, 0, 0],
						"0.2917": [0, 0, 0],
						"0.3333": [0, 0.25, 0],
						"0.4167": [0, -0.01, 0],
						"0.4583": [0, 0.24, 0],
						"0.5417": [0, -0.02, 0],
						"0.5833": [0, 0.23, 0],
						"0.625": [0, -0.03, 0],
						"0.75": [0, 0.22, 0],
						"1.4167": [0, 0, 0],
						"1.4583": [0, 0.25, 0],
						"1.5417": [0, -0.01, 0],
						"1.5833": [0, 0.24, 0],
						"1.6667": [0, -0.02, 0],
						"3.0": [0, 0, 0]
					}
				},
				"head": {
					"rotation": {
						"0.0": {
							"post": [0, 0, 0],
							"lerp_mode": "catmullrom"
						},
						"0.25": {
							"post": [5, 0, 0],
							"lerp_mode": "catmullrom"
						},
						"0.5833": {
							"post": [1.67, 0, 0],
							"lerp_mode": "catmullrom"
						},
						"1.875": {
							"post": [1.67, 0, 0],
							"lerp_mode": "catmullrom"
						},
						"2.0417": {
							"post": [8.59, 0, 0],
							"lerp_mode": "catmullrom"
						},
						"2.25": {
							"post": [2.6, 0, 0],
							"lerp_mode": "catmullrom"
						},
						"3.0": {
							"post": [0, 0, 0],
							"lerp_mode": "catmullrom"
						}
					}
				},
				"head_upper": {
					"rotation": {
						"0.0": {
							"post": [0, 0, 0],
							"lerp_mode": "catmullrom"
						},
						"0.2083": {
							"post": [0, 0, 0],
							"lerp_mode": "catmullrom"
						},
						"0.4583": {
							"post": [-15, 0, 0],
							"lerp_mode": "catmullrom"
						},
						"0.9167": {
							"post": [-10.17, 0, 0],
							"lerp_mode": "catmullrom"
						},
						"1.375": {
							"post": [-7.84, 0, 0],
							"lerp_mode": "catmullrom"
						},
						"1.75": {
							"post": [-27.84, 0, 0],
							"lerp_mode": "catmullrom"
						},
						"2.0": {
							"post": [0, 0, 0],
							"lerp_mode": "catmullrom"
						},
						"3.0": {
							"post": [0, 0, 0],
							"lerp_mode": "catmullrom"
						}
					}
				}
			},
			"sound_effects": {
				"0.1667": {
					"effect": "pokemon.gigalith.cry"
				}
			}
		},
		"animation.teragigalith.faint": {
			"animation_length": 3,
			"bones": {
				"head": {
					"rotation": {
						"0.0": [18.98077, 0, 0],
						"0.375": {
							"pre": [23.98, 0, 0],
							"post": [23.98, 0, 0],
							"lerp_mode": "catmullrom"
						},
						"1.0833": {
							"post": [3.9649, 0.3466, -4.988],
							"lerp_mode": "catmullrom"
						},
						"1.4583": {
							"post": [3.94606, -0.51908, 7.48212],
							"lerp_mode": "catmullrom"
						},
						"1.7083": {
							"post": [-8.52, 0, 0],
							"lerp_mode": "catmullrom"
						},
						"1.875": {
							"post": [28.98, 0, 0],
							"lerp_mode": "catmullrom"
						},
						"2.0": {
							"post": [26.48, 0, 0],
							"lerp_mode": "catmullrom"
						},
						"2.2083": [31.48, 0, 0]
					}
				},
				"leg_front_left": {
					"rotation": {
						"0.0": [0, -45, 0],
						"1.0833": [12.5, -45, 0],
						"1.625": [12.5, -45, 0],
						"1.875": [-15, -45, 0],
						"1.9167": [-17.5, -45, 0],
						"1.9583": [-15, -45, 0]
					},
					"position": {
						"0.0": [0, 0, 0],
						"1.0833": [0, 1.5, 0],
						"1.625": [0, 1.5, 0],
						"1.875": [0, -2, 0]
					}
				},
				"leg_front_right": {
					"rotation": {
						"0.0": [0, 45, 0],
						"1.0833": [12.5, 45, 0],
						"1.625": [12.5, 45, 0],
						"1.875": [-15, 45, 0],
						"1.9167": [-17.5, 45, 0],
						"1.9583": [-15, 45, 0]
					},
					"position": {
						"0.0": [0, 0, 0],
						"1.0833": [0, 1.5, 0],
						"1.625": [0, 1.5, 0],
						"1.875": [0, -2, 0]
					}
				},
				"leg_back_left": {
					"rotation": {
						"0.0": [0, 47.5, 0],
						"1.0833": [-12.5, 47.5, 0],
						"1.625": [-12.5, 47.5, 0],
						"1.875": [10, 47.5, 0],
						"1.9167": [7.5, 47.5, 0],
						"1.9583": [10, 47.5, 0]
					},
					"position": {
						"0.0": [0, 0, 0],
						"1.0833": [0, 1.25, 0],
						"1.625": [0, 1.25, 0],
						"1.875": [0, -1.5, 0]
					}
				},
				"leg_back_right": {
					"rotation": {
						"0.0": [0, -47.5, 0],
						"1.0833": [-12.5, -47.5, 0],
						"1.625": [-12.5, -47.5, 0],
						"1.875": [10, -47.5, 0],
						"1.9167": [7.5, -47.5, 0],
						"1.9583": [10, -47.5, 0]
					},
					"position": {
						"0.0": [0, 0, 0],
						"1.0833": [0, 1.25, 0],
						"1.625": [0, 1.25, 0],
						"1.875": [0, -1.5, 0]
					}
				},
				"torso": {
					"rotation": {
						"0.0": [2.67101, -0.00149, 0.0342],
						"0.2917": {
							"pre": [3.43967, -0.00065, 0.03183],
							"post": [3.43967, -0.00065, 0.03183],
							"lerp_mode": "catmullrom"
						},
						"0.7917": {
							"post": [0.33824, 0.01436, -2.46881],
							"lerp_mode": "catmullrom"
						},
						"0.8333": {
							"post": [2.48727, 0.0226, -2.19042],
							"lerp_mode": "catmullrom"
						},
						"0.875": {
							"post": [-0.4166, 0.03136, -1.67681],
							"lerp_mode": "catmullrom"
						},
						"0.9167": {
							"post": [1.74821, 0.04147, -1.07678],
							"lerp_mode": "catmullrom"
						},
						"1.0417": {
							"post": [-1.21064, 0.06292, 0.78027],
							"lerp_mode": "catmullrom"
						},
						"1.25": {
							"post": [-2.50265, -0.06875, -1.9853],
							"lerp_mode": "catmullrom"
						},
						"1.625": {
							"post": [-4.83, 0, 0.03],
							"lerp_mode": "catmullrom"
						},
						"1.7917": {
							"post": [0.17, 0, 0.03],
							"lerp_mode": "catmullrom"
						},
						"1.8333": {
							"post": [-2.33, 0, 0.03],
							"lerp_mode": "catmullrom"
						},
						"1.9167": [0.17, 0, 0.03],
						"3.0": [1.17, 0, 0.03]
					},
					"position": {
						"0.0": [0, -0.22532, 0.1],
						"0.375": {
							"pre": [0, -0.73, 0.1],
							"post": [0, -0.73, 0.1],
							"lerp_mode": "catmullrom"
						},
						"0.9167": {
							"post": [0, 0.27, 0.1],
							"lerp_mode": "catmullrom"
						},
						"1.0": {
							"post": [0, 0.52, 0.1],
							"lerp_mode": "catmullrom"
						},
						"1.0833": {
							"post": [0, 0.24, 0.1],
							"lerp_mode": "catmullrom"
						},
						"1.1667": {
							"post": [0, 0.49, 0.1],
							"lerp_mode": "catmullrom"
						},
						"1.375": {
							"post": [0, 0.14, 0.1],
							"lerp_mode": "catmullrom"
						},
						"1.625": {
							"post": [0, 0.27, 0.1],
							"lerp_mode": "catmullrom"
						},
						"1.7917": {
							"post": [0, -3.23, 0.1],
							"lerp_mode": "catmullrom"
						},
						"1.8333": {
							"post": [0, -2.73, 0.1],
							"lerp_mode": "catmullrom"
						},
						"1.875": {
							"post": [0, -3.23, 0.1],
							"lerp_mode": "catmullrom"
						},
						"1.9167": [0, -2.98, 0.1],
						"1.9583": [0, -3.48, 0.1],
						"2.0": [0, -3.23, 0.1],
						"2.0833": [0, -3.48, 0.1]
					}
				},
				"leg_front2_left": {
					"rotation": {
						"0.0": [0, 0, 0],
						"1.0833": [-12.5, 0, 0],
						"1.625": [-12.5, 0, 0],
						"1.875": [17.5, 0, 0]
					},
					"position": {
						"0.0": [0, 0, 0],
						"1.7917": [0, 0, 0],
						"1.875": [0, 0.48296, -0.12941],
						"1.9583": [0, -0.00148, 0.0047],
						"2.0": [0, 0.24148, -0.0647],
						"2.0417": [0, -0.00148, 0.0047]
					}
				},
				"leg_front2_right": {
					"rotation": {
						"0.0": [0, 0, 0],
						"1.0833": [-12.5, 0, 0],
						"1.625": [-12.5, 0, 0],
						"1.875": [17.5, 0, 0]
					},
					"position": {
						"0.0": [0, 0, 0],
						"1.7917": [0, 0, 0],
						"1.875": [0, 0.48296, -0.12941],
						"1.9583": [0, -0.00148, 0.0047],
						"2.0": [0, 0.24148, -0.0647],
						"2.0417": [0, -0.00148, 0.0047]
					}
				},
				"leg_back2_left": {
					"rotation": {
						"0.0": [0, 0, 0],
						"1.0833": [12.5, 0, 0],
						"1.625": [12.5, 0, 0],
						"1.875": [-2.5, 0, 0],
						"1.9167": [-5, 0, 0],
						"2.0": [-15, 0, 0]
					},
					"position": {
						"0.0": [0, 0, 0],
						"1.7917": [0, 0, 0],
						"1.875": [0, 0.48296, -0.12941],
						"1.9583": [0, -0.00148, 0.0047],
						"2.0": [0, 0.24148, -0.0647],
						"2.0417": [0, -0.00148, 0.0047]
					}
				},
				"leg_back2_right": {
					"rotation": {
						"0.0": [0, 0, 0],
						"1.0833": [12.5, 0, 0],
						"1.625": [12.5, 0, 0],
						"1.875": [-2.5, 0, 0],
						"1.9167": [-5, 0, 0],
						"2.0": [-15, 0, 0]
					},
					"position": {
						"0.0": [0, 0, 0],
						"1.7917": [0, 0, 0],
						"1.875": [0, 0.48296, -0.12941],
						"1.9583": [0, -0.00148, 0.0047],
						"2.0": [0, 0.24148, -0.0647],
						"2.0417": [0, -0.00148, 0.0047]
					}
				},
				"body": {
					"rotation": {
						"0.0": [0, 0, 0],
						"1.875": {
							"pre": [0, 0, 0],
							"post": [0, 0, 0],
							"lerp_mode": "catmullrom"
						},
						"1.9167": {
							"post": [2.5, 0, 0],
							"lerp_mode": "catmullrom"
						},
						"1.9583": [0, 0, 0]
					},
					"position": {
						"0.0": [0, 0, 0],
						"0.875": {
							"pre": [0, 0, 0],
							"post": [0, 0, 0],
							"lerp_mode": "catmullrom"
						},
						"0.9167": {
							"post": [0, 0.25, 0],
							"lerp_mode": "catmullrom"
						},
						"0.9583": {
							"post": [0, -0.01, 0],
							"lerp_mode": "catmullrom"
						},
						"1.0": {
							"post": [0, 0.24, 0],
							"lerp_mode": "catmullrom"
						},
						"1.0417": {
							"post": [0, -0.02, 0],
							"lerp_mode": "catmullrom"
						},
						"1.875": {
							"post": [0, 0, 0],
							"lerp_mode": "catmullrom"
						},
						"1.9167": {
							"post": [0, -0.25, 0],
							"lerp_mode": "catmullrom"
						},
						"1.9583": [0, 0, 0],
						"2.0": [0, -0.25, 0]
					}
				},
				"head_upper": {
					"rotation": {
						"0.0": [0, 0, 0],
						"0.5833": [0, 0, 0],
						"0.9167": [-12.5, 0, 0],
						"1.7083": [-12.5, 0, 0],
						"1.9583": [0, 0, 0]
					}
				}
			}
		},
		"animation.teragigalith.walkspeedtest": {
			"loop": true,
			"bones": {
				"gigalith": {
					"position": [0, 0, "-q.anim_time*90*0.024"]
				}
			}
		},
		"animation.teragigalith.blink": {
			"loop": true
		}
	}
}