{
	"format_version": "1.12.0",
	"minecraft:geometry": [
		{
			"description": {
				"identifier": "geometry.teranacli",
				"texture_width": 64,
				"texture_height": 32,
				"visible_bounds_width": 2,
				"visible_bounds_height": 2.5,
				"visible_bounds_offset": [0, 0.75, 0]
			},
			"bones": [
				{
					"name": "teranacli",
					"pivot": [0, 0, 0]
				},
				{
					"name": "body",
					"parent": "teranacli",
					"pivot": [0, 0, 0],
					"cubes": [
						{"origin": [-2.5, 0, -2.5], "size": [5, 5, 5], "uv": [0, 19]}
					]
				},
				{
					"name": "cap",
					"parent": "body",
					"pivot": [0, 1.3, 0],
					"rotation": [0, 0, -15],
					"cubes": [
						{"origin": [-3.43377, 2.12013, -3.5], "size": [6, 4, 7], "uv": [0, 0]},
						{"origin": [-1.43377, 6.12013, -3.5], "size": [4, 1, 7], "uv": [0, 11]},
						{"origin": [2.56623, 1.12013, -3.5], "size": [2, 5, 7], "uv": [15, 12]}
					]
				},
				{
					"name": "salt_top",
					"parent": "cap",
					"pivot": [2.06623, 5.12013, 0],
					"rotation": [0, 0, 30],
					"cubes": [
						{"origin": [0.46623, 5.82013, -1], "size": [3, 4, 3], "pivot": [1.96623, 7.32013, 0.5], "rotation": [0, 0, -2.5], "uv": [19, 0]},
						{"origin": [-1.3, 5.82013, 0], "size": [2, 4, 2], "pivot": [1.96623, 7.32013, 0.5], "rotation": [0, 15, -40], "uv": [56, 6]},
						{"origin": [2.6, 5.82013, -2], "size": [2, 4, 2], "pivot": [1.96623, 7.32013, 0.5], "rotation": [14.33501, 4.46375, 33.06161], "uv": [26, 8]},
						{"origin": [-1.3, 4.82013, -0.8], "size": [2, 4, 2], "pivot": [1.96623, 7.32013, 0.5], "rotation": [0, -22.5, -40], "uv": [40, 5]}
					]
				},
				{
					"name": "eyes",
					"parent": "body",
					"pivot": [0, 0, 0]
				},
				{
					"name": "eye_left",
					"parent": "eyes",
					"pivot": [1, 2, -2.5],
					"cubes": [
						{"origin": [0.5, 1, -2.51], "size": [1, 2, 0], "uv": [35, 0]}
					]
				},
				{
					"name": "eye_angry_left",
					"parent": "eye_left",
					"pivot": [1, 2, -2.4],
					"cubes": [
						{"origin": [0.5, 1, -2.41], "size": [1, 2, 1], "inflate": 0.01, "uv": [35, 2]}
					]
				},
				{
					"name": "eyelid_left",
					"parent": "eye_left",
					"pivot": [1, 2, -2.4],
					"cubes": [
						{"origin": [0.5, 1, -2.41], "size": [1, 2, 1], "inflate": 0.01, "uv": [35, 5]}
					]
				},
				{
					"name": "eye_right",
					"parent": "eyes",
					"pivot": [-1, 2, -2.5],
					"cubes": [
						{"origin": [-1.5, 1, -2.51], "size": [1, 2, 0], "uv": [33, 0]}
					]
				},
				{
					"name": "eye_angry_right",
					"parent": "eye_right",
					"pivot": [-1, 2, -2.4],
					"cubes": [
						{"origin": [-1.5, 1, -2.41], "size": [1, 2, 1], "inflate": 0.01, "uv": [31, 2]}
					]
				},
				{
					"name": "eyelid_right",
					"parent": "eye_right",
					"pivot": [-1, 2, -2.4],
					"cubes": [
						{"origin": [-1.5, 1, -2.41], "size": [1, 2, 1], "inflate": 0.01, "uv": [31, 5]}
					]
				},
				{
					"name": "antenna_left",
					"parent": "body",
					"pivot": [1.5, 21, -1.5],
					"rotation": [7.5, -12.5, -1],
					"cubes": [
						{"origin": [0.48594, 6.3, -4.61898], "size": [1, 3, 0], "uv": [43, 0]}
					]
				},
				{
					"name": "antenna_left2",
					"parent": "antenna_left",
					"pivot": [1.5, 25, -1.5],
					"rotation": [105, 0, 0],
					"cubes": [
						{"origin": [0.48594, 32.07, -15.86], "size": [1, 2, 0], "uv": [39, 3]}
					]
				},
				{
					"name": "antenna_right3",
					"parent": "body",
					"pivot": [-1.5, 21, -1.5],
					"rotation": [7.5, 12.5, 1],
					"cubes": [
						{"origin": [-2.23709, 6.3, -4.71296], "size": [1, 3, 0], "uv": [43, 0]}
					]
				},
				{
					"name": "antenna_right4",
					"parent": "antenna_right3",
					"pivot": [-1.5, 25, -1.5],
					"rotation": [105, 0, 0],
					"cubes": [
						{"origin": [-2.23709, 32.15, -15.84], "size": [1, 2, 0], "uv": [39, 3]}
					]
				}
			]
		}
	]
}