{
	"format_version": "1.12.0",
	"minecraft:geometry": [
		{
			"description": {
				"identifier": "geometry.feralspine",
				"texture_width": 256,
				"texture_height": 256,
				"visible_bounds_width": 15,
				"visible_bounds_height": 6.5,
				"visible_bounds_offset": [0, 2.75, 0]
			},
			"bones": [
				{
					"name": "feralspine",
					"pivot": [0, 0, 0]
				},
				{
					"name": "body",
					"parent": "feralspine",
					"pivot": [0.1, 0, 0]
				},
				{
					"name": "torso",
					"parent": "body",
					"pivot": [0, 33.16667, 25.33333],
					"rotation": [-5, 0, 0]
				},
				{
					"name": "torso1",
					"parent": "torso",
					"pivot": [-0.3, 33.57806, 24.57343],
					"cubes": [
						{"origin": [-7.8, 23.91139, 6.80739], "size": [15, 18, 23], "uv": [0, 0]},
						{"origin": [2.2, 41.91139, 10.80739], "size": [4, 2, 17], "pivot": [4.2, 43.41139, 18.30739], "rotation": [0, 2.5, 0], "uv": [123, 106]},
						{"origin": [-6.8, 41.91139, 10.80739], "size": [4, 2, 17], "pivot": [-4.8, 43.41139, 18.30739], "rotation": [0, -2.5, 0], "uv": [108, 125]}
					]
				},
				{
					"name": "back_spikes",
					"parent": "torso1",
					"pivot": [-0.4, 39.79153, 9.56746],
					"rotation": [2.5, 0, 0],
					"cubes": [
						{"origin": [-0.4, 37.11292, 17.6009], "size": [0, 26, 15], "pivot": [0, 53.61292, 22.9009], "rotation": [-20, 0, 0], "uv": [0, 99]},
						{"origin": [-0.4, 39.89965, 1.24537], "size": [0, 35, 18], "inflate": 0.01, "pivot": [1, 61.89965, 5.04537], "rotation": [-2.5, 0, 0], "uv": [0, 177]},
						{"origin": [-0.4, 47.81292, -9.9991], "size": [0, 26, 15], "pivot": [0, 53.61292, 23.2009], "rotation": [20, 0, 0], "uv": [36, 98]}
					]
				},
				{
					"name": "torso2",
					"parent": "torso1",
					"pivot": [-0.33314, 32.74642, 7.18537],
					"cubes": [
						{"origin": [-6.9, 24.41523, -9.75341], "size": [13, 17, 17], "pivot": [-0.4, 32.91523, -1.25341], "rotation": [2.5, 0, 0], "uv": [0, 41]},
						{"origin": [1.32761, 41.41139, -7.17357], "size": [4, 2, 11], "pivot": [3.32761, 43.21139, -1.67357], "rotation": [2.5, 2.5, 0], "uv": [145, 0]},
						{"origin": [-5.92761, 41.41139, -7.17357], "size": [4, 2, 11], "pivot": [-3.92761, 42.91139, -1.67357], "rotation": [2.5, -2.5, 0], "uv": [97, 144]}
					]
				},
				{
					"name": "torso3",
					"parent": "torso2",
					"pivot": [-0.4, 32.91139, -7.19261],
					"cubes": [
						{"origin": [-5.8, 27.2109, -17.08347], "size": [11, 13, 10], "pivot": [-0.9, 33.6109, -13.58347], "rotation": [-10, 0, 0], "uv": [66, 123]}
					]
				},
				{
					"name": "neck",
					"parent": "torso3",
					"pivot": [-0.4, 34.2133, -15.23618],
					"rotation": [5, 0, 0],
					"cubes": [
						{"origin": [-3.9, 29.23433, -27.16977], "size": [7, 11, 12], "pivot": [-1.1, 35.23433, -21.16977], "rotation": [-5, 0, 0], "uv": [53, 0]}
					]
				},
				{
					"name": "head",
					"parent": "neck",
					"pivot": [-0.4, 35.38852, -26.80772],
					"rotation": [1, 0, 0],
					"cubes": [
						{"origin": [-4.4, 33.12099, -36.59833], "size": [8, 9, 8], "uv": [139, 42]},
						{"origin": [-4.4, 29.12099, -31.59833], "size": [8, 12, 5], "uv": [71, 146]},
						{"origin": [-4.4, 46.17936, -34.02596], "size": [3, 7, 1], "pivot": [-0.1, 45.67936, -36.62596], "rotation": [-90, 0, 0], "uv": [70, 51]},
						{"origin": [0.6, 46.17936, -34.02596], "size": [3, 7, 1], "pivot": [-0.1, 45.67936, -36.62596], "rotation": [-90, 0, 0], "uv": [24, 75]}
					]
				},
				{
					"name": "eyes",
					"parent": "head",
					"pivot": [0, -2.97901, -0.09833]
				},
				{
					"name": "eye_left",
					"parent": "eyes",
					"pivot": [3.1, 39.52099, -34.09833],
					"rotation": [90, 0, 0],
					"cubes": [
						{"origin": [2.6, 37.02099, -35.59833], "size": [1, 5, 3], "inflate": 0.01, "uv": [0, 175]}
					]
				},
				{
					"name": "eyelid_left",
					"parent": "eye_left",
					"pivot": [3, 39.42099, -34.09833],
					"cubes": [
						{"origin": [2.5, 36.92099, -35.59833], "size": [1, 5, 3], "inflate": 0.02, "uv": [0, 167]}
					]
				},
				{
					"name": "eye_right",
					"parent": "eyes",
					"pivot": [-3.9, 39.52099, -34.09833],
					"rotation": [90, 0, 0],
					"cubes": [
						{"origin": [-4.4, 37.02099, -35.59833], "size": [1, 5, 3], "inflate": 0.01, "uv": [10, 167], "mirror": true}
					]
				},
				{
					"name": "eyelid_right",
					"parent": "eye_right",
					"pivot": [-3.8, 39.42099, -34.09833],
					"cubes": [
						{"origin": [-4.3, 36.92099, -35.59833], "size": [1, 5, 3], "inflate": 0.02, "uv": [9, 175], "mirror": true}
					]
				},
				{
					"name": "Jaw",
					"parent": "head",
					"pivot": [-0.40458, 32.06024, -31.46594],
					"cubes": [
						{"origin": [-4.9, 29.12099, -36.59833], "size": [9, 5, 5], "inflate": 0.01, "uv": [79, 0]},
						{"origin": [-3.9, 30.12099, -46.59833], "size": [7, 4, 10], "uv": [70, 51]},
						{"origin": [-2.9, 30.12099, -52.59833], "size": [5, 4, 6], "uv": [107, 29]},
						{"origin": [-2.4, 31.12099, -54.59833], "size": [4, 3, 2], "uv": [108, 136]},
						{"origin": [3.85, 33.29472, -34.87881], "size": [0, 2, 2], "pivot": [-97.15, 34.99472, -40.87881], "rotation": [5, 0, 0], "uv": [16, 2]},
						{"origin": [-4.65, 33.29472, -34.87881], "size": [0, 2, 2], "pivot": [-97.15, 34.99472, -40.87881], "rotation": [5, 0, 0], "uv": [16, 0]},
						{"origin": [3.13971, 31.52391, -41.13264], "size": [0, 1, 1], "pivot": [3.03971, 34.22391, -38.53264], "rotation": [-45, 0, 30], "uv": [20, 15]},
						{"origin": [-3.06029, 33.82391, -43.63264], "size": [0, 1, 1], "pivot": [3.03971, 34.22391, -38.53264], "rotation": [-45, 0, -30], "uv": [15, 20]},
						{"origin": [2.03971, 24.52391, -48.03264], "size": [0, 1, 1], "pivot": [3.03971, 34.22391, -38.53264], "rotation": [-45, 0, 0], "uv": [20, 4]},
						{"origin": [-2.86029, 24.42391, -48.03264], "size": [0, 1, 1], "pivot": [3.03971, 34.22391, -38.53264], "rotation": [-45, 0, 0], "uv": [20, 3]},
						{"origin": [-2.26029, 23.02391, -49.53264], "size": [0, 1, 1], "pivot": [3.03971, 34.22391, -38.53264], "rotation": [-45, 0, 0], "uv": [18, 9]},
						{"origin": [1.43971, 23.02391, -49.53264], "size": [0, 1, 1], "pivot": [3.03971, 34.22391, -38.53264], "rotation": [-45, 0, 0], "uv": [4, 1]}
					]
				},
				{
					"name": "muzzle",
					"parent": "head",
					"pivot": [-0.39421, 35.99324, -36.45642],
					"cubes": [
						{"origin": [-3.9, 34.12099, -47.49833], "size": [7, 4, 11], "uv": [133, 125]},
						{"origin": [-3.9, 38.12099, -40.59833], "size": [7, 4, 4], "uv": [133, 0]},
						{"origin": [-3.9, 38.12099, -44.59833], "size": [7, 2, 4], "uv": [145, 13]},
						{"origin": [3.03971, 33.52391, -39.13264], "size": [0, 1, 1], "pivot": [3.03971, 34.22391, -38.53264], "rotation": [-45, 0, -30], "uv": [20, 17]},
						{"origin": [3.03971, 29.32391, -43.23264], "size": [0, 1, 1], "pivot": [3.03971, 34.22391, -38.53264], "rotation": [-45, 0, -30], "uv": [20, 16]},
						{"origin": [-4.20767, 33.23249, -45.71376], "size": [0, 1, 1], "pivot": [-4.00767, 33.53249, -44.61376], "rotation": [-45, 0, 30], "uv": [20, 9]},
						{"origin": [-3.86029, 33.6532, -39.24478], "size": [0, 1, 1], "pivot": [-3.76029, 34.1532, -38.74478], "rotation": [-45, 0, 30], "uv": [7, 20]}
					]
				},
				{
					"name": "muzzle2",
					"parent": "muzzle",
					"pivot": [9.4, -2.87901, 3.40167],
					"cubes": [
						{"origin": [-2.9, 34.11924, -53.39835], "size": [5, 4, 6], "uv": [0, 0]},
						{"origin": [2.03971, 26.12391, -46.43264], "size": [0, 1, 1], "pivot": [3.03971, 34.22391, -38.53264], "rotation": [-45, 0, 0], "uv": [20, 2]},
						{"origin": [-2.86029, 26.22391, -46.33264], "size": [0, 1, 1], "pivot": [3.03971, 34.22391, -38.53264], "rotation": [-45, 0, 0], "uv": [20, 1]}
					]
				},
				{
					"name": "muzzle3",
					"parent": "muzzle2",
					"pivot": [9.4, -2.87901, 3.40167],
					"cubes": [
						{"origin": [-2.4, 34.12099, -55.39833], "size": [4, 4, 2], "uv": [108, 130]},
						{"origin": [1.23971, 33.68249, -54.02331], "size": [0, 1, 1], "pivot": [0.43971, 34.08249, -53.52331], "rotation": [-45, 90, 0], "uv": [2, 1]},
						{"origin": [1.23971, 32.38249, -55.32331], "size": [0, 1, 1], "pivot": [0.43971, 34.08249, -53.52331], "rotation": [-45, 90, 0], "uv": [0, 1]}
					]
				},
				{
					"name": "snout",
					"parent": "muzzle3",
					"pivot": [9.4, -2.87901, 3.40167],
					"cubes": [
						{"origin": [-2.4, 35.87039, -57.04344], "size": [4, 4, 4], "pivot": [-0.3, 36.04528, -53.4097], "rotation": [47.5, 0, 0], "uv": [43, 48]}
					]
				},
				{
					"name": "spikes_head",
					"parent": "head",
					"pivot": [-0.1, 42.87936, -32.72596],
					"rotation": [90, 0, 0]
				},
				{
					"name": "spike_middle_head",
					"parent": "spikes_head",
					"pivot": [-0.6, 42.62936, -32.22596],
					"rotation": [-10, 0, 0],
					"cubes": [
						{"origin": [-0.6, 40.12936, -33.72596], "size": [0, 5, 10], "inflate": 0.01, "uv": [0, 6]}
					]
				},
				{
					"name": "spike_front_head",
					"parent": "spikes_head",
					"pivot": [-0.6, 45.62936, -33.22596],
					"rotation": [20, 0, 0],
					"cubes": [
						{"origin": [-0.6, 43.62936, -34.22596], "size": [0, 4, 8], "uv": [0, 33]}
					]
				},
				{
					"name": "spike_front_back",
					"parent": "spikes_head",
					"pivot": [-0.6, 39.62936, -32.72596],
					"rotation": [-35, 0, 0],
					"cubes": [
						{"origin": [-0.6, 38.12936, -33.72596], "size": [0, 3, 6], "uv": [76, 29]}
					]
				},
				{
					"name": "shoulder_bone_left",
					"parent": "torso2",
					"pivot": [5.8, 26.5324, -6.34899],
					"rotation": [5, 0, 0],
					"cubes": [
						{"origin": [6, 24.5324, -8.84899], "size": [4, 4, 5], "uv": [148, 103]}
					]
				},
				{
					"name": "arm_left",
					"parent": "shoulder_bone_left",
					"pivot": [10, 26.0324, -6.34899],
					"cubes": [
						{"origin": [10, 25.0324, -8.34899], "size": [7, 3, 4], "uv": [116, 144]},
						{"origin": [10.5, 26.55421, -8.34947], "size": [2, 2, 4], "inflate": 0.03, "uv": [130, 42]},
						{"origin": [13, 26.55421, -8.34947], "size": [2, 2, 4], "inflate": 0.03, "uv": [123, 29]}
					]
				},
				{
					"name": "arm_left2",
					"parent": "arm_left",
					"pivot": [17, 26.0324, -6.34899],
					"cubes": [
						{"origin": [20.2, 26.55421, -8.34947], "size": [2, 2, 4], "inflate": 0.03, "uv": [130, 42]},
						{"origin": [22.7, 26.55421, -8.34947], "size": [2, 2, 4], "inflate": 0.03, "uv": [123, 29]},
						{"origin": [17, 25.0324, -8.34899], "size": [8, 3, 4], "inflate": 0.01, "uv": [98, 123]}
					]
				},
				{
					"name": "hand_left",
					"parent": "arm_left2",
					"pivot": [25, 26.0324, -6.34899],
					"cubes": [
						{"origin": [25, 25.5324, -8.34899], "size": [4, 2, 4], "uv": [76, 29]}
					]
				},
				{
					"name": "hand_left_finger_left",
					"parent": "hand_left",
					"pivot": [28.9, 27.0324, -7.84899],
					"cubes": [
						{"origin": [28.9, 26.5324, -8.34899], "size": [2, 1, 1], "uv": [70, 65]}
					]
				},
				{
					"name": "hand_left_finger_left2",
					"parent": "hand_left_finger_left",
					"pivot": [30.9, 27.0324, -7.84899],
					"cubes": [
						{"origin": [30.9, 26.5324, -8.34899], "size": [3, 1, 1], "uv": [70, 59]}
					]
				},
				{
					"name": "hand_left_finfer_left_nail",
					"parent": "hand_left_finger_left2",
					"pivot": [33.9, 27.0324, -7.84899],
					"cubes": [
						{"origin": [34.5, 26.5324, -7.24899], "size": [0, 1, 3], "pivot": [36, 27.4324, -6.34899], "rotation": [0, -90, 0], "uv": [12, 7]}
					]
				},
				{
					"name": "hand_left_finger_right",
					"parent": "hand_left",
					"pivot": [28.9, 27.0324, -4.84899],
					"cubes": [
						{"origin": [28.9, 26.5324, -5.34899], "size": [2, 1, 1], "uv": [63, 48]}
					]
				},
				{
					"name": "hand_left_finger_right2",
					"parent": "hand_left_finger_right",
					"pivot": [30.9, 27.0324, -4.84899],
					"cubes": [
						{"origin": [30.9, 26.5324, -5.34899], "size": [3, 1, 1], "uv": [51, 56]}
					]
				},
				{
					"name": "hand_left_finger_right_nail2",
					"parent": "hand_left_finger_right2",
					"pivot": [33.9, 27.0324, -4.84899],
					"cubes": [
						{"origin": [34.5, 26.5324, -4.24899], "size": [0, 1, 3], "pivot": [36, 27.4324, -3.34899], "rotation": [0, -90, 0], "uv": [6, 7]}
					]
				},
				{
					"name": "hand_left_finger_middle",
					"parent": "hand_left",
					"pivot": [28.9, 27.0324, -6.34899],
					"cubes": [
						{"origin": [28.9, 26.5324, -6.84899], "size": [2, 1, 1], "uv": [11, 56]}
					]
				},
				{
					"name": "hand_left_finger_middle2",
					"parent": "hand_left_finger_middle",
					"pivot": [30.9, 27.0324, -6.34899],
					"cubes": [
						{"origin": [30.9, 26.5324, -6.84899], "size": [3, 1, 1], "uv": [43, 56]}
					]
				},
				{
					"name": "hand_left_finfer_middle_nail2",
					"parent": "hand_left_finger_middle2",
					"pivot": [33.9, 27.0324, -6.34899],
					"cubes": [
						{"origin": [34.5, 26.5324, -5.74899], "size": [0, 1, 3], "pivot": [36, 27.4324, -4.84899], "rotation": [0, -90, 0], "uv": [0, 7]}
					]
				},
				{
					"name": "shoulder_bone_right",
					"parent": "torso2",
					"pivot": [-5.8, 26.5324, -6.34899],
					"rotation": [5, 0, 0],
					"cubes": [
						{"origin": [-10, 24.5324, -8.84899], "size": [4, 4, 5], "uv": [148, 103], "mirror": true}
					]
				},
				{
					"name": "arm_right",
					"parent": "shoulder_bone_right",
					"pivot": [-10, 26.0324, -6.34899],
					"cubes": [
						{"origin": [-17, 25.0324, -8.34899], "size": [7, 3, 4], "uv": [116, 144], "mirror": true},
						{"origin": [-12.5, 26.55421, -8.34947], "size": [2, 2, 4], "inflate": 0.03, "uv": [130, 42], "mirror": true},
						{"origin": [-15, 26.55421, -8.34947], "size": [2, 2, 4], "inflate": 0.03, "uv": [123, 29], "mirror": true}
					]
				},
				{
					"name": "arm_right2",
					"parent": "arm_right",
					"pivot": [-17, 26.0324, -6.34899],
					"cubes": [
						{"origin": [-22.2, 26.55421, -8.34947], "size": [2, 2, 4], "inflate": 0.03, "uv": [130, 42], "mirror": true},
						{"origin": [-24.7, 26.55421, -8.34947], "size": [2, 2, 4], "inflate": 0.03, "uv": [123, 29], "mirror": true},
						{"origin": [-25, 25.0324, -8.34899], "size": [8, 3, 4], "inflate": 0.01, "uv": [98, 123], "mirror": true}
					]
				},
				{
					"name": "hand_right",
					"parent": "arm_right2",
					"pivot": [-25, 26.0324, -6.34899],
					"cubes": [
						{"origin": [-29, 25.5324, -8.34899], "size": [4, 2, 4], "uv": [76, 29], "mirror": true}
					]
				},
				{
					"name": "hand_right_finger_left",
					"parent": "hand_right",
					"pivot": [-28.9, 27.0324, -7.84899],
					"cubes": [
						{"origin": [-30.9, 26.5324, -8.34899], "size": [2, 1, 1], "uv": [70, 65], "mirror": true}
					]
				},
				{
					"name": "hand_right_finger_left2",
					"parent": "hand_right_finger_left",
					"pivot": [-30.9, 27.0324, -7.84899],
					"cubes": [
						{"origin": [-33.9, 26.5324, -8.34899], "size": [3, 1, 1], "uv": [70, 59], "mirror": true}
					]
				},
				{
					"name": "hand_right_finfer_left_nail",
					"parent": "hand_right_finger_left2",
					"pivot": [-33.9, 27.0324, -7.84899],
					"cubes": [
						{"origin": [-34.5, 26.5324, -7.24899], "size": [0, 1, 3], "pivot": [-36, 27.4324, -6.34899], "rotation": [0, 90, 0], "uv": [12, 7], "mirror": true}
					]
				},
				{
					"name": "hand_left_finger_left3",
					"parent": "hand_right",
					"pivot": [-28.9, 27.0324, -4.84899],
					"cubes": [
						{"origin": [-30.9, 26.5324, -5.34899], "size": [2, 1, 1], "uv": [63, 48], "mirror": true}
					]
				},
				{
					"name": "hand_left_finger_left5",
					"parent": "hand_left_finger_left3",
					"pivot": [-30.9, 27.0324, -4.84899],
					"cubes": [
						{"origin": [-33.9, 26.5324, -5.34899], "size": [3, 1, 1], "uv": [51, 56], "mirror": true}
					]
				},
				{
					"name": "hand_left_finger_left_nail2",
					"parent": "hand_left_finger_left5",
					"pivot": [-33.9, 27.0324, -4.84899],
					"cubes": [
						{"origin": [-34.5, 26.5324, -4.24899], "size": [0, 1, 3], "pivot": [-36, 27.4324, -3.34899], "rotation": [0, 90, 0], "uv": [6, 7], "mirror": true}
					]
				},
				{
					"name": "hand_right_finger_middle",
					"parent": "hand_right",
					"pivot": [-28.9, 27.0324, -6.34899],
					"cubes": [
						{"origin": [-30.9, 26.5324, -6.84899], "size": [2, 1, 1], "uv": [11, 56], "mirror": true}
					]
				},
				{
					"name": "hand_right_finger_middle2",
					"parent": "hand_right_finger_middle",
					"pivot": [-30.9, 27.0324, -6.34899],
					"cubes": [
						{"origin": [-33.9, 26.5324, -6.84899], "size": [3, 1, 1], "uv": [43, 56], "mirror": true}
					]
				},
				{
					"name": "hand_right_finfer_middle_nail2",
					"parent": "hand_right_finger_middle2",
					"pivot": [-33.9, 27.0324, -6.34899],
					"cubes": [
						{"origin": [-34.5, 26.5324, -5.74899], "size": [0, 1, 3], "pivot": [-36, 27.4324, -4.84899], "rotation": [0, 90, 0], "uv": [0, 7], "mirror": true}
					]
				},
				{
					"name": "tail",
					"parent": "torso",
					"pivot": [-0.4, 33.51094, 29.79864],
					"rotation": [5, 0, 0],
					"cubes": [
						{"origin": [-6.9, 25.40825, 29.7505], "size": [13, 16, 12], "pivot": [-0.4, 32.90825, 30.9505], "rotation": [-5, 0, 0], "uv": [90, 95]}
					]
				},
				{
					"name": "tail2",
					"parent": "tail",
					"pivot": [-0.4, 32.50246, 41.76771],
					"cubes": [
						{"origin": [-5.9, 26.70825, 36.7505], "size": [11, 14, 16], "pivot": [-0.4, 32.90825, 30.9505], "rotation": [-5, 0, 0], "uv": [36, 83]}
					]
				},
				{
					"name": "tail3",
					"parent": "tail2",
					"pivot": [-0.4, 31.76791, 52.7531],
					"cubes": [
						{"origin": [-4.9, 28.10825, 52.7505], "size": [9, 12, 10], "pivot": [-0.4, 32.90825, 30.9505], "rotation": [-5, 0, 0], "uv": [85, 73]}
					]
				},
				{
					"name": "tail4",
					"parent": "tail3",
					"pivot": [-0.4, 31.1641, 62.6442],
					"cubes": [
						{"origin": [-3.9, 29.50825, 62.7505], "size": [7, 10, 13], "pivot": [-0.4, 32.90825, 30.9505], "rotation": [-5, 0, 0], "uv": [80, 28]}
					]
				},
				{
					"name": "tail5",
					"parent": "tail4",
					"pivot": [-0.4, 30.42955, 75.7296],
					"cubes": [
						{"origin": [-2.9, 30.90825, 75.7505], "size": [5, 8, 13], "pivot": [-0.4, 32.90825, 30.9505], "rotation": [-5, 0, 0], "uv": [47, 62]}
					]
				},
				{
					"name": "tail6",
					"parent": "tail5",
					"pivot": [-0.4, 29.79637, 88.74822],
					"cubes": [
						{"origin": [-1.9, 32.00825, 88.7505], "size": [3, 6, 12], "pivot": [-0.4, 32.90825, 31.9505], "rotation": [-5, 0, 0], "uv": [138, 140]},
						{"origin": [-1.4, 38.00825, 90.1505], "size": [2, 1, 8], "pivot": [-0.4, 32.90825, 31.9505], "rotation": [-5, 0, 0], "uv": [99, 2]}
					]
				},
				{
					"name": "tail_spike",
					"parent": "tail6",
					"pivot": [-0.40667, 29.50773, 98.15358],
					"cubes": [
						{"origin": [-0.4, 33.00825, 100.7505], "size": [0, 5, 11], "pivot": [-0.4, 32.90825, 31.9505], "rotation": [-5, 0, 0], "uv": [0, 0]},
						{"origin": [-0.41, 31.76724, 100.3221], "size": [0, 7, 12], "pivot": [-0.4, 33.96724, 104.2221], "rotation": [72.5, 0, 0], "uv": [0, 63]},
						{"origin": [-0.41, 29.06096, 110.31375], "size": [0, 7, 12], "pivot": [-0.4, 36.36096, 103.61375], "rotation": [-77.5, 0, 0], "uv": [43, 29]}
					]
				},
				{
					"name": "thigh_right",
					"parent": "body",
					"pivot": [-11.2, 37.38017, 25.87508],
					"cubes": [
						{"origin": [-14.7, 21.5, 15.9], "size": [7, 17, 12], "pivot": [-11.2, 30, 21], "rotation": [-22.5, 0, 0], "uv": [113, 51]},
						{"origin": [-13.7, 24.5, 15], "size": [5, 11, 1], "pivot": [-11.2, 30, 21], "rotation": [-22.5, 0, 0], "uv": [53, 0]}
					]
				},
				{
					"name": "leg_right",
					"parent": "thigh_right",
					"pivot": [-11.2, 24.64707, 13.77037],
					"cubes": [
						{"origin": [-14.2, 13.7, 16.1], "size": [6, 13, 10], "pivot": [-11.2, 20, 19], "rotation": [27.5, 0, 0], "uv": [135, 19]}
					]
				},
				{
					"name": "leg_right2",
					"parent": "leg_right",
					"pivot": [-11.2, 17.62831, 27.68898],
					"cubes": [
						{"origin": [-13.7, -0.5, 14.7], "size": [5, 20, 7], "pivot": [-11.6, 6, 21.5], "rotation": [-27.5, 0, 0], "uv": [47, 139]}
					]
				},
				{
					"name": "foot_right",
					"parent": "leg_right2",
					"pivot": [-11.3, 0.025, 18.95],
					"cubes": [
						{"origin": [-14.3, 0.025, 12.95], "size": [6, 4, 6], "uv": [94, 51]}
					]
				},
				{
					"name": "Foot_right2",
					"parent": "foot_right",
					"pivot": [-11.2, 0.025, 12.95],
					"cubes": [
						{"origin": [-14.3, 0.025, 9.95], "size": [6, 4, 3], "uv": [151, 59]}
					]
				},
				{
					"name": "left_foot_right_toe3",
					"parent": "Foot_right2",
					"pivot": [-13.44287, 1.025, 10.92622],
					"rotation": [0, -102.5, 0],
					"cubes": [
						{"origin": [-16.49891, 0.025, 10.22044], "size": [2, 4, 2], "pivot": [-15.49891, 1.025, 13.22044], "rotation": [0, -41, 0], "uv": [151, 66]},
						{"origin": [-16.49891, 0.025, 12.22044], "size": [2, 4, 2], "pivot": [-15.49891, 1.025, 13.22044], "rotation": [0, -41, 0], "uv": [97, 146]},
						{"origin": [-20.33032, 0.025, 14.89111], "size": [4, 3, 0], "pivot": [-17.33032, 1.525, 14.19111], "rotation": [0, 47.5, 0], "uv": [44, 89]}
					]
				},
				{
					"name": "foot_left_left_toe2",
					"parent": "Foot_right2",
					"pivot": [-9.06426, 1.85833, 10.81439],
					"cubes": [
						{"origin": [-9.39893, 0.025, 6.98093], "size": [2, 4, 2], "pivot": [-8.39893, 1.025, 9.98093], "rotation": [0, -41, 0], "uv": [151, 72]},
						{"origin": [-9.39893, 0.025, 8.98093], "size": [2, 4, 2], "pivot": [-8.39893, 1.025, 9.98093], "rotation": [0, -41, 0], "uv": [127, 151]},
						{"origin": [-6.59103, 0.025, 5.29728], "size": [4, 3, 0], "pivot": [-3.89103, 1.025, 6.29728], "rotation": [0, 50, 0], "uv": [36, 95]}
					]
				},
				{
					"name": "left_foot_middle_toe2",
					"parent": "Foot_right2",
					"pivot": [-11.21325, 1.85833, 10.08724],
					"rotation": [0, -102.5, 0],
					"cubes": [
						{"origin": [-14.32856, 0.025, 8.55619], "size": [2, 4, 2], "pivot": [-13.32856, 1.025, 10.55619], "rotation": [0, -78, 0], "uv": [138, 144]},
						{"origin": [-14.32856, 0.025, 10.55619], "size": [2, 4, 2], "pivot": [-13.32856, 1.025, 10.55619], "rotation": [0, -78, 0], "uv": [22, 140]},
						{"origin": [-19.32856, 0.025, 10.55619], "size": [4, 3, 0], "pivot": [-13.32856, 2.025, 10.55619], "rotation": [0, 12.5, 0], "uv": [44, 95]}
					]
				},
				{
					"name": "thigh_left",
					"parent": "body",
					"pivot": [10.6, 37.38017, 25.87508],
					"cubes": [
						{"origin": [7.1, 21.5, 15.9], "size": [7, 17, 12], "pivot": [10.6, 30, 21], "rotation": [-22.5, 0, 0], "uv": [113, 51]},
						{"origin": [8.1, 24.5, 15], "size": [5, 11, 1], "pivot": [10.6, 30, 21], "rotation": [-22.5, 0, 0], "uv": [53, 0]}
					]
				},
				{
					"name": "leg_left",
					"parent": "thigh_left",
					"pivot": [10.6, 24.64707, 13.77037],
					"cubes": [
						{"origin": [7.6, 13.7, 16.1], "size": [6, 13, 10], "pivot": [10.6, 20, 19], "rotation": [27.5, 0, 0], "uv": [135, 19]}
					]
				},
				{
					"name": "leg_left2",
					"parent": "leg_left",
					"pivot": [10.6, 17.62831, 27.68898],
					"cubes": [
						{"origin": [8.1, -0.5, 14.7], "size": [5, 20, 7], "pivot": [10.2, 6, 21.5], "rotation": [-27.5, 0, 0], "uv": [47, 139]}
					]
				},
				{
					"name": "foot_left",
					"parent": "leg_left2",
					"pivot": [11.3, 0.025, 18.95],
					"cubes": [
						{"origin": [8.3, 0.025, 12.95], "size": [6, 4, 6], "uv": [94, 51], "mirror": true}
					]
				},
				{
					"name": "Foot_left2",
					"parent": "foot_left",
					"pivot": [11.2, 0.025, 12.95],
					"cubes": [
						{"origin": [8.3, 0.025, 9.95], "size": [6, 4, 3], "uv": [151, 59], "mirror": true}
					]
				},
				{
					"name": "left_foot_left_toe3",
					"parent": "Foot_left2",
					"pivot": [13.44287, 1.025, 10.92622],
					"rotation": [0, 102.5, 0],
					"cubes": [
						{"origin": [14.49891, 0.025, 10.22044], "size": [2, 4, 2], "pivot": [15.49891, 1.025, 13.22044], "rotation": [0, 41, 0], "uv": [151, 66], "mirror": true},
						{"origin": [14.49891, 0.025, 12.22044], "size": [2, 4, 2], "pivot": [15.49891, 1.025, 13.22044], "rotation": [0, 41, 0], "uv": [97, 146], "mirror": true},
						{"origin": [16.33032, 0.025, 14.89111], "size": [4, 3, 0], "pivot": [17.33032, 1.525, 14.19111], "rotation": [0, -47.5, 0], "uv": [44, 89], "mirror": true}
					]
				},
				{
					"name": "foot_right_left_toe2",
					"parent": "Foot_left2",
					"pivot": [9.06426, 1.85833, 10.81439],
					"cubes": [
						{"origin": [7.39893, 0.025, 6.98093], "size": [2, 4, 2], "pivot": [8.39893, 1.025, 9.98093], "rotation": [0, 41, 0], "uv": [151, 72], "mirror": true},
						{"origin": [7.39893, 0.025, 8.98093], "size": [2, 4, 2], "pivot": [8.39893, 1.025, 9.98093], "rotation": [0, 41, 0], "uv": [127, 151], "mirror": true},
						{"origin": [2.59103, 0.025, 5.29728], "size": [4, 3, 0], "pivot": [3.89103, 1.025, 6.29728], "rotation": [0, -50, 0], "uv": [36, 95], "mirror": true}
					]
				},
				{
					"name": "right_foot_middle_toe2",
					"parent": "Foot_left2",
					"pivot": [11.21325, 1.85833, 10.08724],
					"rotation": [0, 102.5, 0],
					"cubes": [
						{"origin": [12.32856, 0.025, 8.55619], "size": [2, 4, 2], "pivot": [13.32856, 1.025, 10.55619], "rotation": [0, 78, 0], "uv": [138, 144], "mirror": true},
						{"origin": [12.32856, 0.025, 10.55619], "size": [2, 4, 2], "pivot": [13.32856, 1.025, 10.55619], "rotation": [0, 78, 0], "uv": [22, 140], "mirror": true},
						{"origin": [15.32856, 0.025, 10.55619], "size": [4, 3, 0], "pivot": [13.32856, 2.025, 10.55619], "rotation": [0, -12.5, 0], "uv": [44, 95], "mirror": true}
					]
				}
			]
		}
	]
}