{
	"format_version": "1.12.0",
	"minecraft:geometry": [
		{
			"description": {
				"identifier": "geometry.onix",
				"texture_width": 128,
				"texture_height": 128,
				"visible_bounds_width": 12,
				"visible_bounds_height": 3.5,
				"visible_bounds_offset": [0, 1.25, 0]
			},
			"bones": [
				{
					"name": "teraonix",
					"pivot": [0, 0, 0]
				},
				{
					"name": "body",
					"parent": "teraonix",
					"pivot": [0, 5, -22.5]
				},
				{
					"name": "head",
					"parent": "body",
					"pivot": [0, 5, -14.5],
					"cubes": [
						{"origin": [-6.5, -0.5, -22.5], "size": [13, 11, 8], "inflate": 0.01, "uv": [0, 22]},
						{"origin": [-6.5, 1.5, -25.5], "size": [13, 9, 3], "uv": [0, 60]},
						{"origin": [-6.30322, -0.5, -25.48704], "size": [0, 2, 3], "pivot": [-6.30322, 0.5, -23.98704], "rotation": [0, -7.5, 0], "uv": [0, 0]},
						{"origin": [6.30421, -0.5, -25.48717], "size": [0, 2, 3], "pivot": [6.30421, 0.5, -23.98717], "rotation": [0, 7.5, 0], "uv": [0, 2]},
						{"origin": [-6, 2.5, -31.5], "size": [12, 4, 6], "uv": [33, 0]},
						{"origin": [-1.5, 4.975, -33.375], "size": [3, 4, 9], "pivot": [0, 7.475, -27.875], "rotation": [25, 0, 0], "uv": [42, 71]},
						{"origin": [-5, 2.5, -33.5], "size": [10, 4, 2], "uv": [78, 20]}
					]
				},
				{
					"name": "jaw",
					"parent": "head",
					"pivot": [0, 2.5, -22.5],
					"cubes": [
						{"origin": [-5.5, -0.5, -26.5], "size": [11, 3, 4], "uv": [69, 13]},
						{"origin": [-5, -0.5, -31.5], "size": [10, 3, 5], "uv": [62, 31]},
						{"origin": [-3.5, -0.25, -33.25], "size": [7, 3, 2], "uv": [72, 39]}
					]
				},
				{
					"name": "eye_right",
					"parent": "head",
					"pivot": [3.75, 7.75, -25.51],
					"rotation": [0, 0, -10],
					"cubes": [
						{"origin": [1.25, 6.25, -25.51], "size": [5, 3, 0], "uv": [0, 86]}
					]
				},
				{
					"name": "pupil_right",
					"parent": "eye_right",
					"pivot": [3, 7.75, -25.51],
					"rotation": [0, 0, 10],
					"cubes": [
						{"origin": [2.5, 6.75, -25.51], "size": [1, 2, 0], "inflate": 0.01, "uv": [0, 89]}
					]
				},
				{
					"name": "eyelid_right",
					"parent": "eye_right",
					"pivot": [3.75, 7.75, -24.91],
					"cubes": [
						{"origin": [1.25, 6.25, -25.41], "size": [5, 3, 1], "inflate": 0.02, "uv": [11, 86]}
					]
				},
				{
					"name": "eye_left",
					"parent": "head",
					"pivot": [-3.75, 7.75, -25.51],
					"rotation": [0, 0, 10],
					"cubes": [
						{"origin": [-6.25, 6.25, -25.51], "size": [5, 3, 0], "uv": [0, 86], "mirror": true}
					]
				},
				{
					"name": "pupil_left",
					"parent": "eye_left",
					"pivot": [-3, 7.75, -25.51],
					"rotation": [0, 0, -10],
					"cubes": [
						{"origin": [-3.5, 6.75, -25.51], "size": [1, 2, 0], "inflate": 0.01, "uv": [0, 89], "mirror": true}
					]
				},
				{
					"name": "eyelid_left",
					"parent": "eye_left",
					"pivot": [-3.75, 7.75, -24.91],
					"cubes": [
						{"origin": [-6.25, 6.25, -25.41], "size": [5, 3, 1], "inflate": 0.02, "uv": [11, 86], "mirror": true}
					]
				},
				{
					"name": "horn",
					"parent": "head",
					"pivot": [0, 17.1, -18],
					"rotation": [6, 0, 0],
					"cubes": [
						{"origin": [-1, 16.6, -18.7], "size": [2, 8, 2], "uv": [109, 49]},
						{"origin": [-2, 10.1, -20.3], "size": [4, 7, 4], "uv": [105, 69]}
					]
				},
				{
					"name": "segment1",
					"parent": "body",
					"pivot": [0, 5, -14.5],
					"rotation": [0, 0, 0]
				},
				{
					"name": "boulder1",
					"parent": "segment1",
					"pivot": [0, 5, -9],
					"cubes": [
						{"origin": [-5.5, -0.5, -14.5], "size": [11, 11, 11], "uv": [0, 0]}
					]
				},
				{
					"name": "segment2",
					"parent": "segment1",
					"pivot": [0, 5, -3.5],
					"rotation": [0, 0, 0]
				},
				{
					"name": "boulder2",
					"parent": "segment2",
					"pivot": [0, 5, 1],
					"cubes": [
						{"origin": [-4.5, 0.5, -3.5], "size": [9, 9, 9], "uv": [42, 13]}
					]
				},
				{
					"name": "segment3",
					"parent": "segment2",
					"pivot": [0, 5, 5.5],
					"rotation": [0, 0, 0]
				},
				{
					"name": "boulder3",
					"parent": "segment3",
					"pivot": [0, 5, 9],
					"cubes": [
						{"origin": [-3.5, 1.5, 5.5], "size": [7, 7, 7], "uv": [0, 92]}
					]
				},
				{
					"name": "segment4",
					"parent": "segment3",
					"pivot": [0, 5, 12.5],
					"rotation": [0, 0, 0]
				},
				{
					"name": "boulder4",
					"parent": "segment4",
					"pivot": [0, 4.75, 17.5],
					"cubes": [
						{"origin": [-5, -0.25, 12.5], "size": [10, 10, 10], "uv": [32, 31]}
					]
				},
				{
					"name": "segment5",
					"parent": "segment4",
					"pivot": [0, 4.75, 22.5],
					"rotation": [0, 0, 0]
				},
				{
					"name": "boulder5",
					"parent": "segment5",
					"pivot": [0, 4.75, 27],
					"cubes": [
						{"origin": [-4.5, 0.25, 22.5], "size": [9, 9, 9], "uv": [0, 42]}
					]
				},
				{
					"name": "segment6",
					"parent": "segment5",
					"pivot": [0, 4.75, 31.5],
					"rotation": [0, 0, 0]
				},
				{
					"name": "boulder6",
					"parent": "segment6",
					"pivot": [0, 4.75, 35.5],
					"cubes": [
						{"origin": [-4, 0.75, 31.5], "size": [8, 8, 8], "uv": [36, 51]}
					]
				},
				{
					"name": "segment7",
					"parent": "segment6",
					"pivot": [0, 4.75, 39.5],
					"rotation": [0, 0, 0]
				},
				{
					"name": "boulder7",
					"parent": "segment7",
					"pivot": [0, 4.75, 43],
					"cubes": [
						{"origin": [-3, 1.75, 39.5], "size": [6, 6, 7], "uv": [25, 67]}
					]
				},
				{
					"name": "segment8",
					"parent": "segment7",
					"pivot": [0, 4.75, 46.5],
					"rotation": [0, 0, 0]
				},
				{
					"name": "boulder8",
					"parent": "segment8",
					"pivot": [0, 4.75, 50],
					"cubes": [
						{"origin": [-3, 1.75, 46.5], "size": [6, 6, 7], "inflate": 0.01, "uv": [65, 44]}
					]
				},
				{
					"name": "segment9",
					"parent": "segment8",
					"pivot": [0, 4.75, 53.5],
					"rotation": [0, 0, 0]
				},
				{
					"name": "boulder9",
					"parent": "segment9",
					"pivot": [0, 4.75, 57],
					"cubes": [
						{"origin": [-3, 1.75, 53.5], "size": [6, 6, 7], "uv": [61, 60]}
					]
				},
				{
					"name": "segment10",
					"parent": "segment9",
					"pivot": [0, 4.75, 60.5],
					"rotation": [0, 0, 0]
				},
				{
					"name": "boulder10",
					"parent": "segment10",
					"pivot": [0, 4.75, 63],
					"cubes": [
						{"origin": [-2.5, 2.25, 60.5], "size": [5, 5, 5], "uv": [66, 73]}
					]
				},
				{
					"name": "segment11",
					"parent": "segment10",
					"pivot": [0, 4.75, 65.5],
					"rotation": [0, 0, 0]
				},
				{
					"name": "boulder11",
					"parent": "segment11",
					"pivot": [0, 4.75, 67.5],
					"cubes": [
						{"origin": [-2, 2.75, 65.5], "size": [4, 4, 4], "inflate": 0.01, "uv": [82, 79]}
					]
				},
				{
					"name": "segment12",
					"parent": "segment11",
					"pivot": [0, 4.75, 69.5],
					"rotation": [0, 0, 0]
				},
				{
					"name": "boulder12",
					"parent": "segment12",
					"pivot": [0, 4.75, 71.5],
					"cubes": [
						{"origin": [-2, 2.75, 69.5], "size": [4, 4, 4], "uv": [80, 57]}
					]
				},
				{
					"name": "segment13",
					"parent": "segment12",
					"pivot": [0, 4.75, 73.5],
					"rotation": [0, 0, 0]
				},
				{
					"name": "boulder13",
					"parent": "segment13",
					"pivot": [0, 4.75, 77.5],
					"cubes": [
						{"origin": [-2, 2.25, 73.5], "size": [4, 5, 8], "inflate": 0.01, "uv": [0, 72]}
					]
				},
				{
					"name": "segment14",
					"parent": "segment13",
					"pivot": [0, 5, 81.5],
					"rotation": [0, 0, 0]
				},
				{
					"name": "boulder14",
					"parent": "segment14",
					"pivot": [0, 5, 83.5],
					"cubes": [
						{"origin": [-1.5, 3.5, 81.5], "size": [3, 3, 4], "uv": [62, 83]}
					]
				}
			]
		}
	]
}