{
	"format_version": "1.8.0",
	"animations": {
		"animation.teragarganacl.ground_walk": {
			"loop": true,
			"animation_length": 2.2917,
			"bones": {
				"torso": {
					"rotation": {
						"0.0": ["0.5*math.sin(q.anim_time*90*1.75*2+90)", "2.5*math.sin(q.anim_time*90*1.75)", "0.25*math.sin(q.anim_time*90*1.75-180)"],
						"2.2917": ["0.5*math.sin(q.anim_time*90*1.75*2+90)", "2.5*math.sin(q.anim_time*90*1.75)", "0.25*math.sin(q.anim_time*90*1.75-180)"]
					},
					"position": {
						"0.0": [0, -0.35, 0],
						"0.6667": [0, 0, 0],
						"0.75": [0, -0.72, 0],
						"0.8333": [0, -0.42, 0],
						"0.9167": [0, -0.64, 0],
						"1.7083": [0, 0, 0],
						"1.7917": [0, -0.56, 0],
						"1.875": [0, -0.3, 0],
						"1.9583": [0, -0.59, 0],
						"2.2917": [0, -0.35, 0]
					}
				},
				"arm_left": {
					"rotation": ["2.5*math.sin(q.anim_time*90*1.75+90)*2", 0, -2.5]
				},
				"arm_left2": {
					"rotation": {
						"0.0": ["2.5*math.sin(q.anim_time*90*1.75+90)", 0, 0],
						"0.7083": ["2.5*math.sin(q.anim_time*90*1.75+90)", 0, 0],
						"0.7917": ["-1.35+2.5*math.sin(q.anim_time*90*1.75+90)", 0, 0],
						"0.875": ["-1.05+2.5*math.sin(q.anim_time*90*1.75+90)", 0, 0],
						"1.25": ["-4.15+2.5*math.sin(q.anim_time*90*1.75+90)", 0, 0],
						"1.7083": ["2.5*math.sin(q.anim_time*90*1.75+90)", 0, 0],
						"1.7917": ["-1.35+2.5*math.sin(q.anim_time*90*1.75+90)", 0, 0],
						"1.875": ["-1.05+2.5*math.sin(q.anim_time*90*1.75+90)", 0, 0],
						"2.2917": ["2.5*math.sin(q.anim_time*90*1.75+90)", 0, 0]
					}
				},
				"arm_right": {
					"rotation": ["2.5*math.sin(q.anim_time*90*1.75-90)*2", 0, 2.5]
				},
				"arm_right2": {
					"rotation": {
						"0.0": ["2.5*math.sin(q.anim_time*90*1.75-90)", 0, 0],
						"0.7083": ["2.5*math.sin(q.anim_time*90*1.75-90)", 0, 0],
						"0.7917": ["-2.5+2.5*math.sin(q.anim_time*90*1.75-90)", 0, 0],
						"0.875": ["2.5*math.sin(q.anim_time*90*1.75-90)", 0, 0],
						"1.25": ["-2.5+2.5*math.sin(q.anim_time*90*1.75-90)", 0, 0],
						"1.7083": ["2.5*math.sin(q.anim_time*90*1.75-90)", 0, 0],
						"1.7917": ["-2.5+2.5*math.sin(q.anim_time*90*1.75-90)", 0, 0],
						"1.875": ["2.5*math.sin(q.anim_time*90*1.75-90)", 0, 0],
						"2.2917": ["2.5*math.sin(q.anim_time*90*1.75-90)", 0, 0]
					}
				},
				"leg_left": {
					"rotation": ["15*math.sin(q.anim_time*90*1.75+180)", 0, 0],
					"position": [0, "1.5*math.clamp(math.sin(q.anim_time*90*1.75+90),0,2)", 0]
				},
				"leg_left2": {
					"rotation": ["25*math.clamp(math.sin(q.anim_time*90*1.75+90),0,25)", 0, 0],
					"position": {
						"0.0": [0, 0, 0],
						"0.6667": [0, 0, 0],
						"0.75": [0, -0.5, 0],
						"0.8333": [0, 0.22, 0],
						"2.2917": [0, 0, 0]
					}
				},
				"leg_right": {
					"rotation": ["15*math.sin(q.anim_time*90*1.75)", 0, 0],
					"position": [0, "1.5*math.clamp(math.sin(q.anim_time*90*1.75-90),0,2)", 0]
				},
				"leg_right2": {
					"rotation": ["25*math.clamp(math.sin(q.anim_time*90*1.75-90),0,25)", 0, 0],
					"position": {
						"0.0": [0, 0, 0],
						"1.7083": [0, 0, 0],
						"1.7917": [0, -0.5, 0],
						"1.875": [0, 0.22, 0],
						"2.25": [0, 0, 0]
					}
				},
				"body": {
					"position": {
						"0.0": [0, -0.14, 0],
						"0.6667": [0, 0, 0],
						"0.7083": [0, -0.25, 0],
						"0.75": [0, 0.01, 0],
						"0.7917": [0, -0.24, 0],
						"1.7083": [0, 0, 0],
						"1.75": [0, -0.25, 0],
						"1.7917": [0, 0.01, 0],
						"1.8333": [0, -0.24, 0],
						"2.2917": [0, -0.14, 0]
					}
				},
				"shoulder_left": {
					"position": {
						"0.0": [0, -0.6, 0],
						"0.5833": [0, -0.25, 0],
						"0.6667": [0, 0, 0],
						"0.75": [0, -0.5, 0],
						"0.8333": [0, -0.25, 0],
						"0.9167": [0, -0.75, 0],
						"1.1667": [0, -0.6, 0],
						"1.6667": [0, -0.25, 0],
						"1.75": [0, 0, 0],
						"1.8333": [0, -0.5, 0],
						"1.9167": [0, -0.25, 0],
						"2.0": [0, -0.75, 0],
						"2.25": [0, -0.6, 0],
						"2.2917": [0, -0.6, 0]
					}
				},
				"shoulder_right": {
					"position": {
						"0.0": [0, -0.6, 0],
						"0.5833": [0, -0.25, 0],
						"0.6667": [0, 0, 0],
						"0.75": [0, -0.5, 0],
						"0.8333": [0, -0.25, 0],
						"0.9167": [0, -0.75, 0],
						"1.1667": [0, -0.6, 0],
						"1.6667": [0, -0.25, 0],
						"1.75": [0, 0, 0],
						"1.8333": [0, -0.5, 0],
						"1.9167": [0, -0.25, 0],
						"2.0": [0, -0.75, 0],
						"2.25": [0, -0.6, 0],
						"2.2917": [0, -0.6, 0]
					}
				},
				"chest": {
					"rotation": ["1*math.sin(q.anim_time*90*1.75*2)", 0, 0]
				},
				"finger1_left": {
					"rotation": [7.5, 0, -2.5]
				},
				"finger1_left2": {
					"rotation": [0, 0, 20]
				},
				"finger2_left": {
					"rotation": [0, 0, 0]
				},
				"finger2_left2": {
					"rotation": [0, 0, 25]
				},
				"thumb_left": {
					"rotation": [0, 0, 25]
				},
				"thumb_left2": {
					"rotation": [0, 0, -17.5]
				},
				"finger1_right": {
					"rotation": [7.5, 0, 2.5]
				},
				"finger1_right2": {
					"rotation": [0, 0, -20]
				},
				"finger2_right": {
					"rotation": [0, 0, 0]
				},
				"finger2_right2": {
					"rotation": [0, 0, -25]
				},
				"thumb_right": {
					"rotation": [0, 0, -25]
				},
				"thumb_right2": {
					"rotation": [0, 0, 17.5]
				}
			}
		},
		"animation.teragarganacl.ground_idle": {
			"loop": true,
			"animation_length": 5.33,
			"bones": {
				"torso": {
					"rotation": ["2*math.sin(q.anim_time*90*0.75+90)", 0, 0],
					"position": [0, "0.2*math.sin(q.anim_time*90*0.75)", 0]
				},
				"arm_left": {
					"rotation": [0, 0, "math.sin(q.anim_time*90*0.75+90)"]
				},
				"arm_left2": {
					"rotation": [-3.41156, -1.05189, "-1.6335+2*math.clamp(math.sin(q.anim_time*90*0.75+90),0,2)"]
				},
				"arm_right": {
					"rotation": [0, 0, "-1*math.sin(q.anim_time*90*0.75+90)"]
				},
				"arm_right2": {
					"rotation": [-4.99527, 0.21782, "2.4905-2*math.clamp(math.sin(q.anim_time*90*0.75+90),0,2)"]
				},
				"leg_left": {
					"rotation": ["-1*math.sin(q.anim_time*90*0.75+180)", 0, 0],
					"position": [0, "0.3*math.sin(q.anim_time*90*0.75)-0.45", "-0.25*math.sin(q.anim_time*90*0.75+180)-0.25"]
				},
				"leg_left2": {
					"rotation": ["2.5+3*math.sin(q.anim_time*90*0.75+180)", 0, 0]
				},
				"leg_right": {
					"rotation": ["-1*math.sin(q.anim_time*90*0.75+180)", 0, 0],
					"position": [0, "0.3*math.sin(q.anim_time*90*0.75)-0.45", "-0.25*math.sin(q.anim_time*90*0.75+180)-0.25"]
				},
				"leg_right2": {
					"rotation": ["2.5+3*math.sin(q.anim_time*90*0.75+180)", 0, 0]
				},
				"pointer_left": {
					"rotation": [0, 0, "3*math.clamp(math.sin(q.anim_time*90*0.75+90),0,2)"]
				},
				"fingers_left": {
					"rotation": [0, 0, "3*math.clamp(math.sin(q.anim_time*90*0.75+120),0,2)"]
				},
				"pointer_right": {
					"rotation": [0, 0, "-3*math.clamp(math.sin(q.anim_time*90*0.75+90),0,2)"]
				},
				"fingers_right": {
					"rotation": [0, 0, "-3*math.clamp(math.sin(q.anim_time*90*0.75+120),0,2)"]
				},
				"finger1_left": {
					"rotation": [-0.00236, -0.04356, -4.99981]
				},
				"finger1_left2": {
					"rotation": [0.01062, 0.06453, 7.49972]
				},
				"finger2_left": {
					"rotation": [-4.98629, -0.47007, -9.97536]
				},
				"finger2_left2": {
					"rotation": [0.01062, 0.06453, 7.49972]
				},
				"thumb_left": {
					"rotation": [0.00418, 0.04342, 4.99981]
				},
				"thumb_left2": {
					"rotation": [-0.00038, -0.04362, -4.99981]
				},
				"finger1_right": {
					"rotation": [-0.00236, 0.04356, 4.99981]
				},
				"finger1_right2": {
					"rotation": [0.01062, -0.06453, -7.49972]
				},
				"finger2_right": {
					"rotation": [-4.98629, 0.47007, 9.97536]
				},
				"finger2_right2": {
					"rotation": [0.01062, -0.06453, -7.49972]
				},
				"thumb_right": {
					"rotation": [0.00418, -0.04342, -4.99981]
				},
				"thumb_right2": {
					"rotation": [-0.00038, 0.04362, 4.99981]
				},
				"body": {
					"rotation": [0, 0, 0],
					"position": [0, 0.3, 0]
				},
				"foot_left": {
					"rotation": ["-2-2*math.sin(q.anim_time*90*0.75+180)", 0, 0]
				},
				"foot_right": {
					"rotation": ["-2-2*math.sin(q.anim_time*90*0.75+180)", 0, 0]
				}
			}
		},
		"animation.teragarganacl.battle_idle": {
			"loop": true,
			"animation_length": 4,
			"bones": {
				"torso": {
					"rotation": ["0+Math.cos((query.anim_time-0.3) * 90 * 1) * 2", -15, 0.00002],
					"position": [0, "-0.5+Math.cos((query.anim_time) * 90 * 2) * 0.2", 0]
				},
				"waist": {
					"rotation": [0, 15.5, 0]
				},
				"chest": {
					"rotation": [2.49762, 0.00238, -0.10901]
				},
				"arm_left": {
					"rotation": ["-0.5613+Math.cos((query.anim_time) * 90 * 1) * 7", -0.73178, "-14.9682+Math.sin((query.anim_time) * 90 * 1) * 7"]
				},
				"arm_left2": {
					"rotation": ["-62.3183+Math.cos((query.anim_time) * 90 * 1) * -2", -5.03833, -2.20539]
				},
				"arm_right": {
					"rotation": ["-0.5613+Math.cos((query.anim_time-1) * 90 * 1) * 7", 0.73178, "14.9682+Math.sin((query.anim_time-1) * 90 * 1) * -7"]
				},
				"arm_right2": {
					"rotation": ["-62.3183+Math.cos((query.anim_time-1) * 90 * 1) * -2", 5.03833, 2.20539]
				},
				"fingers_right": {
					"rotation": [0, 0, 0]
				},
				"legs": {
					"rotation": [0, -27.5, 0]
				},
				"leg_left": {
					"rotation": [-1.29876, -0.08382, -7.38543],
					"position": [0, "-1+Math.cos((query.anim_time) * 90 * 2) * 0.1", 0]
				},
				"leg_left2": {
					"rotation": [5.75072, 0.66492, 4.08205],
					"position": [0, "1-Math.cos((query.anim_time) * 90 * 2) * 0.1", 0]
				},
				"foot_left": {
					"rotation": [-4.52937, 0.87569, 3.15302]
				},
				"leg_right": {
					"rotation": [-8.31208, 34.14166, 8.1281],
					"position": [0, "-2+Math.cos((query.anim_time) * 90 * 2) * 0.1", 0]
				},
				"leg_right2": {
					"rotation": [9.99457, -1.4407, -2.19944],
					"position": [0, "1-Math.cos((query.anim_time) * 90 * 2) * 0.1", 0]
				},
				"foot_right": {
					"rotation": [2.68723, -0.20934, -4.90241],
					"position": [0, 1, 0]
				},
				"body": {
					"position": [0, -1, 0]
				},
				"finger1_left": {
					"rotation": [0.86635, -0.6362, "-17.472+Math.cos((query.anim_time-0.7) * 90 * 1) * 7"]
				},
				"finger1_left2": {
					"rotation": [-0.76579, 1.14618, 22.45062]
				},
				"finger2_left": {
					"rotation": [-7.77889, -5.04569, "-24.935+Math.cos((query.anim_time-0.5) * 90 * 1) * 7"]
				},
				"finger2_left2": {
					"rotation": [-0.6354, 0.8669, 17.4624]
				},
				"thumb_left": {
					"rotation": [-0.76579, 1.14618, "22.4506+Math.cos((query.anim_time-0.5) * 90 * 1) * -7"]
				},
				"thumb_left2": {
					"rotation": [-0.56129, -0.73178, -14.9682]
				},
				"finger1_right": {
					"rotation": [0.86635, 0.6362, "17.472+Math.cos((query.anim_time-0.7) * 90 * 1) * 7"]
				},
				"finger1_right2": {
					"rotation": [-0.76579, -1.14618, -22.45062]
				},
				"finger2_right": {
					"rotation": [-7.77889, 5.04569, "24.935+Math.cos((query.anim_time-0.5) * 90 * 1) * 7"]
				},
				"finger2_right2": {
					"rotation": [-0.6354, -0.8669, -17.4624]
				},
				"thumb_right": {
					"rotation": [-0.76579, -1.14618, "-22.4506+Math.cos((query.anim_time-0.5) * 90 * 1) * -7"]
				},
				"thumb_right2": {
					"rotation": [0.86635, 0.6362, 17.47203]
				}
			}
		},
		"animation.teragarganacl.faint": {
			"loop": true,
			"animation_length": 3,
			"bones": {
				"body": {
					"rotation": {
						"0.0": [0, 0, 0],
						"0.4167": [4.18, 0, 0],
						"0.5833": [4.765, 0, 0],
						"0.7917": [5, 0, 0],
						"1.0": [3.28, 0, 0],
						"1.2083": [-3.85, 0, 0],
						"1.4167": [-6.2, 0, 0],
						"1.6667": [-12.9, 0, 0],
						"1.7917": [-21.95, 0, 0],
						"1.9583": [-81.25, 0, 0],
						"2.125": [-81.25, 0, 0],
						"2.2083": [-69.09, 0, 0]
					},
					"position": {
						"0.0": [0, 0, 0],
						"0.4167": [0, -2.3, 0.675],
						"0.5833": [0, -2.65, 0.925],
						"0.7917": [0, -2.75, 1.05],
						"0.875": [0, -3.195, 1.05],
						"1.0417": [0, -0.25, 1.05],
						"1.2083": [0, 0.325, 1.05],
						"1.4167": [0, 0.62, 1.05],
						"1.625": [0, -1.005, 2.725],
						"1.75": [0, -4.315, 5.585],
						"1.875": [0, -15.38, 16.25],
						"1.9167": [0, -11.93, 18.25],
						"1.9583": [0, -17.68, 18.75],
						"2.0417": [0, -13.85, 19.25],
						"2.0833": [0, -18.14, 19.75],
						"2.125": [0, -17.93, 20.25],
						"2.2083": [0, -18.93, 20.25],
						"2.25": [0, -17.93, 20.25],
						"2.3333": [0, -18.93, 20.25]
					}
				},
				"torso": {
					"rotation": {
						"0.0": [0, 0, 0],
						"0.4583": [9.695, -14.005, 0],
						"0.7083": [12.125, -16.875, 0],
						"0.9583": [12.5, -17.5, 0],
						"1.125": [8.435, -10.89, 0],
						"1.3333": [-4.395, 5.02, 0],
						"1.4583": [-7.5, 8.5, 0],
						"1.5833": [-7.5, 8.25, 0],
						"1.7083": [-5.675, 6.475, 0],
						"1.875": [6.5, 0.1, 0],
						"1.9583": [54, -1.5, 0],
						"2.0833": [46.56, -1.5, 0]
					},
					"position": {
						"0.0": [0, 0, 0],
						"0.375": [0, 0, 0],
						"0.4167": [0, -0.75, 0],
						"0.4583": [0, 0.03, 0],
						"0.5": [0, -0.47, 0],
						"0.5417": [0, 0.06, 0],
						"0.625": [0, -0.21, 0],
						"0.7917": [0, 0, 0],
						"1.0": [0, -2.775, 0],
						"1.125": [0, -1.45, 0],
						"1.375": ["0+Math.cos((query.anim_time) * 90 * 48) * 0.6", -0.375, 0],
						"1.6667": ["0+Math.cos((query.anim_time) * 90 * 48) * 0.1", 0, 0],
						"1.9167": [0, 0, 0]
					}
				},
				"waist": {
					"rotation": {
						"1.9583": [0, 0, 0],
						"2.25": [-2.5, 0, 0]
					}
				},
				"shoulder_left": {
					"rotation": {
						"0.0": [0, 0, 0],
						"0.5417": [8.41, -3.95, 0],
						"0.9167": [10, -5, 0],
						"1.3333": [-35, -5, -10],
						"1.7083": [-47.95, -5, 0],
						"1.875": [-56.855, -5, 0],
						"2.0": [-3.055, -5, 0],
						"2.125": [-3.04336, -0.00707, -0.26614],
						"2.2083": [-3.055, -5, 0]
					}
				},
				"arm_left": {
					"rotation": {
						"0.0": [0, 0, 0],
						"0.5417": [10.5, 0, -8.725],
						"1.0": {
							"pre": [12.5, 0, -10],
							"post": [12.5, 0, -10],
							"lerp_mode": "catmullrom"
						},
						"1.2083": {
							"post": [27.5, -4, -10],
							"lerp_mode": "catmullrom"
						},
						"1.4583": {
							"post": [-17.725, -32.5, -10],
							"lerp_mode": "catmullrom"
						},
						"1.75": {
							"post": [-37, -37.5, -10],
							"lerp_mode": "catmullrom"
						},
						"2.0": {
							"post": [-4.5, -5, -27.5],
							"lerp_mode": "catmullrom"
						},
						"2.0417": {
							"post": [-9.5, -5, -27.5],
							"lerp_mode": "catmullrom"
						},
						"2.125": {
							"post": [-7, -5, -27.5],
							"lerp_mode": "catmullrom"
						},
						"2.2083": {
							"post": [-9.5, -5, -27.5],
							"lerp_mode": "catmullrom"
						},
						"2.3333": [-7, -5, -27.5]
					}
				},
				"arm_left2": {
					"rotation": {
						"0.0": [0, 0, 0],
						"0.5417": [-27.68, 0, 0],
						"0.9167": {
							"pre": [-35, 0, 0],
							"post": [-35, 0, 0],
							"lerp_mode": "catmullrom"
						},
						"1.2083": {
							"post": [7.5, 0, 0],
							"lerp_mode": "catmullrom"
						},
						"1.3333": {
							"post": [-2, 0, 0],
							"lerp_mode": "catmullrom"
						},
						"1.5": {
							"post": [-39.25, 0, 0],
							"lerp_mode": "catmullrom"
						},
						"1.7083": {
							"post": [-50, 0, 0],
							"lerp_mode": "catmullrom"
						},
						"1.9583": {
							"post": [-55, 0, 0],
							"lerp_mode": "catmullrom"
						},
						"2.0417": {
							"post": [-17.5, 0, 0],
							"lerp_mode": "catmullrom"
						},
						"2.125": {
							"post": [-42.5, 0, 0],
							"lerp_mode": "catmullrom"
						},
						"2.25": [-40, 0, 0]
					}
				},
				"finger1_left": {
					"rotation": {
						"0.0": [0, 0, 0],
						"0.9167": [0, 0, -12.5],
						"1.2917": [0, 0, -37.5],
						"1.75": [0, 0, -42.5],
						"2.0": [0, 0, -5]
					}
				},
				"finger1_left2": {
					"rotation": {
						"0.0": [0, 0, 0],
						"0.9167": [0, 0, 35],
						"1.2917": [0, 0, 10],
						"2.0": [0, 0, 42.5]
					}
				},
				"finger2_left": {
					"rotation": {
						"0.0": [0, 0, 0],
						"0.9167": [-12.5, 0, -12.5],
						"1.2917": [-12.5, 0, -30],
						"1.75": [-12.5, 0, -37.5],
						"2.0": [-12.5, 0, -2.5]
					}
				},
				"finger2_left2": {
					"rotation": {
						"0.0": [0, 0, 0],
						"0.9167": [0, 0, 32.5],
						"1.2917": [0, 0, 7.5],
						"2.0": [0, 0, 42.5]
					}
				},
				"thumb_left": {
					"rotation": {
						"0.0": [0, 0, 0],
						"0.9167": [0, 0, 22.5],
						"1.2917": [0, 0, 37.5],
						"1.75": [0, 0, 45],
						"2.0": [0, 0, 15]
					}
				},
				"thumb_left2": {
					"rotation": {
						"0.0": [0, 0, 0],
						"0.9167": [0, 0, -27.5],
						"1.2917": [0, 0, -10],
						"2.0": [0, 0, -25]
					}
				},
				"shoulder_right": {
					"rotation": {
						"0.0": [0, 0, 0],
						"0.5417": [8.41, 8.95, 0],
						"0.9167": [10, 11.25, 0],
						"1.3333": {
							"pre": [-31.25, 11.25, 10],
							"post": [-31.25, 11.25, 10],
							"lerp_mode": "catmullrom"
						},
						"1.7083": {
							"post": [-44.2, 11.25, 0],
							"lerp_mode": "catmullrom"
						},
						"1.875": {
							"post": [-53.105, 11.25, 0],
							"lerp_mode": "catmullrom"
						},
						"2.0": [-3.055, 11.25, 0],
						"2.0833": [-2.99697, 1.26387, 0.53038],
						"2.1667": [-3.055, 11.25, 0]
					}
				},
				"arm_right": {
					"rotation": {
						"0.0": [0, 0, 0],
						"0.5417": [10.5, 0, 8.725],
						"1.0": {
							"pre": [12.5, 0, 10],
							"post": [12.5, 0, 10],
							"lerp_mode": "catmullrom"
						},
						"1.2083": {
							"post": [27.5, 1.75, 5.25],
							"lerp_mode": "catmullrom"
						},
						"1.5417": {
							"post": [-41.725, -22, 35],
							"lerp_mode": "catmullrom"
						},
						"1.8333": {
							"post": [-46.45664, -7.99441, 17.13704],
							"lerp_mode": "catmullrom"
						},
						"2.1667": {
							"post": [-5.21429, -6.025, 41.825],
							"lerp_mode": "catmullrom"
						},
						"2.25": {
							"post": [-8.60714, -6.025, 41.825],
							"lerp_mode": "catmullrom"
						},
						"2.3333": [-2, -6.025, 41.825]
					}
				},
				"arm_right2": {
					"rotation": {
						"0.0": [0, 0, 0],
						"0.5417": [-27.68, 0, 0],
						"0.9167": {
							"pre": [-35, 0, 0],
							"post": [-35, 0, 0],
							"lerp_mode": "catmullrom"
						},
						"1.2083": {
							"post": [7.5, 0, 0],
							"lerp_mode": "catmullrom"
						},
						"1.375": {
							"post": [-2, 0, 0],
							"lerp_mode": "catmullrom"
						},
						"1.5417": {
							"post": [-24.25, 0, 0],
							"lerp_mode": "catmullrom"
						},
						"1.75": {
							"post": [-37, 0, 0],
							"lerp_mode": "catmullrom"
						},
						"2.0417": {
							"post": [-17.5, 0, -4.525],
							"lerp_mode": "catmullrom"
						},
						"2.125": {
							"post": [-42.5, 0, -4.525],
							"lerp_mode": "catmullrom"
						},
						"2.25": {
							"post": [-40, 0, -4.525],
							"lerp_mode": "catmullrom"
						},
						"2.2917": {
							"post": [-46.66667, 0, -4.525],
							"lerp_mode": "catmullrom"
						},
						"2.375": [-45, 0, -4.525]
					}
				},
				"finger1_right": {
					"rotation": {
						"0.0": [0, 0, 0],
						"0.9167": [0, 0, 12.5],
						"1.2917": [0, 0, 37.5],
						"1.75": [0, 0, 42.5],
						"2.0": [0, 0, 5]
					}
				},
				"finger1_right2": {
					"rotation": {
						"0.0": [0, 0, 0],
						"0.9167": [0, 0, -35],
						"1.2917": [0, 0, -10],
						"2.0": [0, 0, -42.5]
					}
				},
				"finger2_right": {
					"rotation": {
						"0.0": [0, 0, 0],
						"0.9167": [-12.5, 0, 12.5],
						"1.2917": [-12.5, 0, 30],
						"1.75": [-12.5, 0, 37.5],
						"2.0": [-12.5, 0, 2.5]
					}
				},
				"finger2_right2": {
					"rotation": {
						"0.0": [0, 0, 0],
						"0.9167": [0, 0, -32.5],
						"1.2917": [0, 0, -7.5],
						"2.0": [0, 0, -42.5]
					}
				},
				"thumb_right": {
					"rotation": {
						"0.0": [0, 0, 0],
						"0.9167": [0, 0, -22.5],
						"1.2917": [0, 0, -37.5],
						"1.75": [0, 0, -45],
						"2.0": [0, 0, -15]
					}
				},
				"thumb_right2": {
					"rotation": {
						"0.0": [0, 0, 0],
						"0.9167": [0, 0, 27.5],
						"1.2917": [0, 0, 10],
						"2.0": [0, 0, 25]
					}
				},
				"eye_angry_left": {
					"position": {
						"1.0833": [0, 0, 0],
						"1.125": [0, 0, -0.1],
						"1.7917": [0, 0, -0.1],
						"1.8333": [0, 0, 0]
					}
				},
				"eyelid_left": {
					"position": {
						"0.0": [0, 0, -0.1],
						"0.0417": [0, 0, 0],
						"0.0833": [0, 0, 0],
						"0.125": [0, 0, -0.1],
						"0.2083": [0, 0, -0.1],
						"0.25": [0, 0, 0],
						"0.2917": [0, 0, 0],
						"0.3333": [0, 0, -0.1],
						"0.4583": [0, 0, -0.1],
						"0.5": [0, 0, 0],
						"0.5417": [0, 0, 0],
						"0.5833": [0, 0, -0.1],
						"0.875": [0, 0, -0.1],
						"0.9167": [0, 0, 0],
						"0.9583": [0, 0, 0],
						"1.0": [0, 0, -0.1],
						"1.0417": [0, 0, -0.1],
						"1.0833": [0, 0, 0],
						"1.75": [0, 0, 0],
						"1.7917": [0, 0, -0.1]
					}
				},
				"eye_angry_right": {
					"position": {
						"1.0833": [0, 0, 0],
						"1.125": [0, 0, -0.1],
						"1.7917": [0, 0, -0.1],
						"1.8333": [0, 0, 0]
					}
				},
				"eyelid_right": {
					"position": {
						"0.0": [0, 0, -0.1],
						"0.0417": [0, 0, 0],
						"0.0833": [0, 0, 0],
						"0.125": [0, 0, -0.1],
						"0.2083": [0, 0, -0.1],
						"0.25": [0, 0, 0],
						"0.2917": [0, 0, 0],
						"0.3333": [0, 0, -0.1],
						"0.4583": [0, 0, -0.1],
						"0.5": [0, 0, 0],
						"0.5417": [0, 0, 0],
						"0.5833": [0, 0, -0.1],
						"0.875": [0, 0, -0.1],
						"0.9167": [0, 0, 0],
						"0.9583": [0, 0, 0],
						"1.0": [0, 0, -0.1],
						"1.0417": [0, 0, -0.1],
						"1.0833": [0, 0, 0],
						"1.75": [0, 0, 0],
						"1.7917": [0, 0, -0.1]
					}
				},
				"leg_left": {
					"rotation": {
						"0.0": [0, 0, 0],
						"0.4583": [-21.57961, -17.22211, 4.91724],
						"0.875": {
							"pre": [-25.48014, -21.94599, 7.47026],
							"post": [-25.48014, -21.94599, 7.47026],
							"lerp_mode": "catmullrom"
						},
						"1.2083": {
							"post": [0, -3.5, 0],
							"lerp_mode": "catmullrom"
						},
						"1.5833": {
							"post": [2.5, 0, 0],
							"lerp_mode": "catmullrom"
						},
						"1.8333": {
							"post": [-72.5, 0, 0],
							"lerp_mode": "catmullrom"
						},
						"1.9167": {
							"post": [-12.5, 0, 0],
							"lerp_mode": "catmullrom"
						},
						"2.0833": {
							"post": [-38.33, 0, 0],
							"lerp_mode": "catmullrom"
						},
						"2.1667": {
							"post": [-18.325, 0, 0],
							"lerp_mode": "catmullrom"
						},
						"2.2083": {
							"post": [-23.33, 0, 0],
							"lerp_mode": "catmullrom"
						},
						"2.3333": [-20.83, 0, 0]
					},
					"position": {
						"0.0": [0, 0, 0],
						"0.9583": [0, 0, 0],
						"1.0833": [0, -1, 0]
					}
				},
				"leg_left2": {
					"rotation": {
						"0.0": [0, 0, 0],
						"0.4583": [20.525, 0, 0],
						"0.875": {
							"pre": [20, 0, 0],
							"post": [20, 0, 0],
							"lerp_mode": "catmullrom"
						},
						"1.2083": {
							"post": [2.5, 0, 0],
							"lerp_mode": "catmullrom"
						},
						"1.4583": {
							"post": [4.5, 0, 0],
							"lerp_mode": "catmullrom"
						},
						"1.8333": {
							"post": [47, 0, 0],
							"lerp_mode": "catmullrom"
						},
						"1.9167": {
							"post": [2, 0, 0],
							"lerp_mode": "catmullrom"
						},
						"2.0417": {
							"post": [19, 0, 0],
							"lerp_mode": "catmullrom"
						},
						"2.125": {
							"post": [24.5, 0, 0],
							"lerp_mode": "catmullrom"
						},
						"2.25": {
							"post": [14.5, 0, 0],
							"lerp_mode": "catmullrom"
						},
						"2.4167": [10.3, 0, 0]
					}
				},
				"foot_left": {
					"rotation": {
						"0.0": [0, 0, 0],
						"0.4583": [-6.455, 0, 0],
						"0.875": [-7.47178, -0.65182, -4.95744],
						"1.4583": [2, 0, 0]
					}
				},
				"leg_right": {
					"rotation": {
						"0.0": [0, 0, 0],
						"0.4583": [-20.05, -7.5, 0],
						"0.9167": {
							"pre": [-22.25975, -4.87617, -1.91829],
							"post": [-22.25975, -4.87617, -1.91829],
							"lerp_mode": "catmullrom"
						},
						"1.2083": {
							"post": [0, -1.5, 0],
							"lerp_mode": "catmullrom"
						},
						"1.4583": {
							"post": [2.5, 0, 0],
							"lerp_mode": "catmullrom"
						},
						"1.75": {
							"post": [-20, 0, 0],
							"lerp_mode": "catmullrom"
						},
						"1.8333": {
							"post": [-35, 0, 0],
							"lerp_mode": "catmullrom"
						},
						"1.9167": {
							"post": [-25, 0, 0],
							"lerp_mode": "catmullrom"
						},
						"2.0417": {
							"post": [-14.79, 0, 0],
							"lerp_mode": "catmullrom"
						},
						"2.1667": [-20.83, 0, 0],
						"2.25": [-18.325, 0, 0],
						"2.2917": [-23.33, 0, 0],
						"2.4167": [-20.83, 0, 0]
					},
					"position": {
						"0.0": [0, 0, 0],
						"0.9167": [0, 0, 0],
						"1.0417": [0, -1.25, 0]
					}
				},
				"leg_right2": {
					"rotation": {
						"0.0": [0, 0, 0],
						"0.4583": [20.525, 0, 0],
						"0.875": [24.97911, -1.05627, 2.26603],
						"1.2083": {
							"pre": [10, 0, 0],
							"post": [10, 0, 0],
							"lerp_mode": "catmullrom"
						},
						"1.4583": {
							"post": [4.5, 0, 0],
							"lerp_mode": "catmullrom"
						},
						"1.75": {
							"post": [14.5, 0, 0],
							"lerp_mode": "catmullrom"
						},
						"1.8333": {
							"post": [4.5, 0, 0],
							"lerp_mode": "catmullrom"
						},
						"2.1667": {
							"post": [4.5, 0, 0],
							"lerp_mode": "catmullrom"
						},
						"2.25": {
							"post": [14.5, 0, 0],
							"lerp_mode": "catmullrom"
						},
						"2.5": [10.3, 0, 0]
					}
				},
				"foot_right": {
					"rotation": {
						"0.0": [0, 0, 0],
						"0.4583": [-6.455, 0, 0],
						"0.875": [-7.5, 0, 0],
						"1.2083": [-2.5, 0, 0],
						"1.4583": [2, 0, 0]
					}
				},
				"chest": {
					"rotation": {
						"0.0": [0, 0, 0],
						"2.125": [0, 0, 0],
						"2.625": [2.5, 0, 0]
					}
				}
			}
		},
		"animation.teragarganacl.sleep": {
			"loop": true,
			"animation_length": 8,
			"bones": {
				"body": {
					"position": [0, -0.4, 0]
				},
				"torso": {
					"rotation": ["7.5 + math.sin(q.anim_time*90*0.5)", -10, 0],
					"position": [0, "0.4*math.sin(q.anim_time*90*0.5-90)", "0.2*math.sin(q.anim_time*90*0.5)"]
				},
				"eyelid_left": {
					"position": [0, 0, -0.1]
				},
				"eyelid_right": {
					"position": [0, 0, -0.1]
				},
				"arm_left": {
					"rotation": ["-7.5 + 2*math.sin(q.anim_time*90*0.5-90)", 10, 0]
				},
				"arm_right": {
					"rotation": ["-7.5 + 2*math.sin(q.anim_time*90*0.5-90)", 10, 0]
				},
				"leg_left": {
					"rotation": ["-2.5 + math.sin(q.anim_time*90*0.5-90)", 0, 0],
					"position": [0, "0.2*math.sin(q.anim_time*90*0.5-90)", "0.1*math.sin(q.anim_time*90*0.5-90)"]
				},
				"leg_left2": {
					"rotation": ["5 - 2*math.sin(q.anim_time*90*0.5-90)", 0, 0],
					"position": [0, "-0.1*math.sin(q.anim_time*90*0.5-90)", 0]
				},
				"leg_right": {
					"rotation": ["-2.5 + math.sin(q.anim_time*90*0.5-90)", 0, 0],
					"position": [0, "0.2*math.sin(q.anim_time*90*0.5-90)", "0.1*math.sin(q.anim_time*90*0.5-90)"]
				},
				"leg_right2": {
					"rotation": ["5 - 2*math.sin(q.anim_time*90*0.5-90)", 0, 0],
					"position": [0, "-0.1*math.sin(q.anim_time*90*0.5-90)", 0]
				}
			}
		},
		"animation.teragarganacl.cry": {
			"animation_length": 1.25,
			"bones": {
				"torso": {
					"rotation": {
						"0.0": [0, 0, 0],
						"0.2917": {
							"pre": [7.5, 0, 0],
							"post": [7.5, 0, 0],
							"lerp_mode": "catmullrom"
						},
						"0.375": {
							"post": [-7.5, 0, 0],
							"lerp_mode": "catmullrom"
						},
						"0.875": {
							"post": [-6.5, 0, 0],
							"lerp_mode": "catmullrom"
						},
						"1.0": {
							"post": [0.5, 0, 0],
							"lerp_mode": "catmullrom"
						},
						"1.25": [0, 0, 0]
					},
					"position": {
						"0.0": [0, 0, 0],
						"0.2083": [0, 0, 0],
						"0.2917": ["0+Math.sin((query.anim_time+0.2) * 90 * 36) * 0.1", "0+Math.cos((query.anim_time+0.2) * 90 * 36) * 0.1", 0],
						"1.0": ["0+Math.sin((query.anim_time+0.2) * 90 * 36) * 0.1", "0+Math.cos((query.anim_time+0.2) * 90 * 36) * 0.1", 0],
						"1.0417": [0, 0, 0],
						"1.125": [0, -0.25, 0],
						"1.25": [0, 0, 0]
					}
				},
				"shoulder_left": {
					"rotation": {
						"0.0": [0, 0, 0],
						"0.1667": [5, 0, 0],
						"0.3333": [-7.5, 0, 0],
						"0.625": [-7.49213, -2.47332, -0.36435],
						"0.9167": [-7.49589, -2.49285, -0.18902],
						"1.125": [-0.8, 0, 0],
						"1.25": [0, 0, 0]
					}
				},
				"arm_left": {
					"rotation": {
						"0.0": [0, 0, 0],
						"0.2083": [15, 0, 0],
						"0.375": [-11.5, 0, -11.75],
						"0.5417": [-16.37, 0, -15],
						"1.0": [-18.5, 0, -15],
						"1.125": [-1.75, 0, -7.5],
						"1.25": [0, 0, 0]
					}
				},
				"arm_left2": {
					"rotation": {
						"0.0": [0, 0, 0],
						"0.1667": {
							"pre": [3.36275, 1.90864, 4.62223],
							"post": [3.36275, 1.90864, 4.62223],
							"lerp_mode": "catmullrom"
						},
						"0.2917": {
							"post": [5.75, 0, 0],
							"lerp_mode": "catmullrom"
						},
						"0.4583": {
							"post": [-8, 0, -11.75],
							"lerp_mode": "catmullrom"
						},
						"0.625": {
							"post": [-12.87, 0, -15],
							"lerp_mode": "catmullrom"
						},
						"1.25": [0, 0, 0]
					}
				},
				"shoulder_right": {
					"rotation": {
						"0.0": [0, 0, 0],
						"0.1667": [5, 0, 0],
						"0.3333": [-7.5, 0, 0],
						"0.625": [-7.49213, 2.47332, 0.36435],
						"0.9167": [-7.49589, 2.49285, 0.18902],
						"1.125": [-0.8, 0, 0],
						"1.25": [0, 0, 0]
					}
				},
				"arm_right": {
					"rotation": {
						"0.0": [0, 0, 0],
						"0.2083": [15, 0, 0],
						"0.375": [-11.5, 0, 11.75],
						"0.5417": [-16.37, 0, 15],
						"1.0": [-18.5, 0, 15],
						"1.125": [-1.75, 0, 7.5],
						"1.25": [0, 0, 0]
					}
				},
				"arm_right2": {
					"rotation": {
						"0.0": [0, 0, 0],
						"0.1667": {
							"pre": [3.30497, -0.9551, -2.31047],
							"post": [3.30497, -0.9551, -2.31047],
							"lerp_mode": "catmullrom"
						},
						"0.2917": {
							"post": [5.75, 0, 0],
							"lerp_mode": "catmullrom"
						},
						"0.4583": {
							"post": [-8, 0, 11.75],
							"lerp_mode": "catmullrom"
						},
						"0.625": {
							"post": [-12.87, 0, 15],
							"lerp_mode": "catmullrom"
						},
						"1.25": [0, 0, 0]
					}
				},
				"chest": {
					"rotation": {
						"0.0": [0, 0, 0],
						"1.0": [5, 0, 0],
						"1.25": [0, 0, 0]
					}
				}
			}
		},
		"animation.teragarganacl.blink": {
			"animation_length": 0.2083,
			"bones": {
				"eye_left": {
					"position": [0, 0, 0]
				},
				"eyelid_left": {
					"position": {
						"0.0": [0, 0, -0.1],
						"0.1667": [0, 0, -0.1],
						"0.2083": [0, 0, 0]
					}
				},
				"eyelid_right": {
					"position": {
						"0.0": [0, 0, -0.1],
						"0.1667": [0, 0, -0.1],
						"0.2083": [0, 0, 0]
					}
				}
			}
		}
	}
}