{
 "species": "cobblemon:ironascent",
 "order": 0,
 "variations": [
   {
     "aspects": [],
     "poser": "cobblemon:ironascent",
     "model": "cobblemon:ironascent.geo",
     "texture": "cobblemon:textures/pokemon/ironascent/ironascent.png",
     "layers": [
        {
          "name": "emissive",
          "texture": "cobblemon:textures/pokemon/ironascent/ironascent_emissive.png",
          "emissive": true
        },
        {
          "name": "flame",
          "texture": {
            "frames": [
              "cobblemon:textures/pokemon/ironascent/ironascent_flame1.png",
              "cobblemon:textures/pokemon/ironascent/ironascent_flame2.png",
              "cobblemon:textures/pokemon/ironascent/ironascent_flame3.png",
              "cobblemon:textures/pokemon/ironascent/ironascent_flame4.png"
            ],
            "fps": 10,
            "loop": true
          },
          "emissive": true,
          "translucent": true
        }

      ]
   },
   {
     "aspects": [
       "shiny"
     ],
     "texture": "cobblemon:textures/pokemon/ironascent/ironascent_shiny.png",
      "layers": [
        {
          "name": "emissive",
          "texture": "cobblemon:textures/pokemon/ironascent/ironascent_emissive.png",
          "emissive": true
        },
        {
          "name": "flame",
          "texture": {
            "frames": [
              "cobblemon:textures/pokemon/ironascent/ironascent_flame1.png",
              "cobblemon:textures/pokemon/ironascent/ironascent_flame2.png",
              "cobblemon:textures/pokemon/ironascent/ironascent_flame3.png",
              "cobblemon:textures/pokemon/ironascent/ironascent_flame4.png"
            ],
            "fps": 10,
            "loop": true
          },
          "emissive": true,
          "translucent": true
        }
      ]
   }
 ]
}