{
	"format_version": "1.8.0",
	"animations": {
		"animation.feralspine.ground_idle": {
			"loop": true,
			"bones": {
				"torso": {
					"position": [0, "0+math.sin(q.anim_time*90*1-0)*-0.5", 0]
				},
				"torso2": {
					"rotation": ["-15+math.sin(q.anim_time*90*1-270)*-2.5", 0, 0]
				},
				"torso3": {
					"rotation": ["7.5+math.sin(q.anim_time*90*1-210)*2.5", 0, 0]
				},
				"neck": {
					"rotation": ["7.5+math.sin(q.anim_time*90*1-150)*2.5", 0, 0]
				},
				"head": {
					"rotation": [2.5, 0, 0]
				},
				"Jaw": {
					"rotation": ["7.5+math.sin(q.anim_time*90*1-270)*-2.5", 0, 0]
				},
				"shoulder_bone_left": {
					"rotation": [0, "-22.5+math.sin(q.anim_time*90*1-150)*5", 45]
				},
				"arm_left": {
					"rotation": [0, -12.5, 0]
				},
				"arm_left2": {
					"rotation": [0, "60+math.sin(q.anim_time*90*1-210)*10", 0]
				},
				"hand_left": {
					"rotation": [45, 0, "0+math.sin(q.anim_time*90*1-270)*-10"]
				},
				"hand_left_finger_left": {
					"rotation": [0, 0, 17.5]
				},
				"hand_left_finger_left2": {
					"rotation": [0, 0, 17.5]
				},
				"hand_left_finfer_left_nail": {
					"rotation": [0, 0, 17.5]
				},
				"hand_left_finger_right": {
					"rotation": [0, 0, 22.5]
				},
				"hand_left_finger_right2": {
					"rotation": [0, 0, 25]
				},
				"hand_left_finger_right_nail2": {
					"rotation": [0, 0, 17.5]
				},
				"hand_left_finger_middle": {
					"rotation": [0, 0, 22.5]
				},
				"hand_left_finger_middle2": {
					"rotation": [0, 0, 20]
				},
				"hand_left_finfer_middle_nail2": {
					"rotation": [0, 0, 17.5]
				},
				"shoulder_bone_right": {
					"rotation": [0, "22.5+math.sin(q.anim_time*90*1-150)*-5", -45]
				},
				"arm_right": {
					"rotation": [0, 12.5, 0]
				},
				"arm_right2": {
					"rotation": [0, "-60+math.sin(q.anim_time*90*1-210)*-10", 0]
				},
				"hand_right": {
					"rotation": [45, 0, "0+math.sin(q.anim_time*90*1-270)*10"]
				},
				"hand_right_finger_left": {
					"rotation": [0, 0, -17.5]
				},
				"hand_right_finger_left2": {
					"rotation": [0, 0, -17.5]
				},
				"hand_right_finfer_left_nail": {
					"rotation": [0, 0, -17.5]
				},
				"hand_left_finger_left3": {
					"rotation": [0, 0, -22.5]
				},
				"hand_left_finger_left5": {
					"rotation": [0, 0, -25]
				},
				"hand_left_finger_left_nail2": {
					"rotation": [0, 0, -17.5]
				},
				"hand_right_finger_middle": {
					"rotation": [0, 0, -22.5]
				},
				"hand_right_finger_middle2": {
					"rotation": [0, 0, -20]
				},
				"hand_right_finfer_middle_nail2": {
					"rotation": [0, 0, -17.5]
				},
				"tail": {
					"rotation": ["-5+math.sin(q.anim_time*90*1-60)*-2.5", 0, 0]
				},
				"tail2": {
					"rotation": ["-5+math.sin(q.anim_time*90*1-120)*-2.5", 0, 0]
				},
				"tail3": {
					"rotation": ["5+math.sin(q.anim_time*90*1-180)*-2.5", 0, 0]
				},
				"tail4": {
					"rotation": ["7.5+math.sin(q.anim_time*90*1-240)*-2.5", 0, 0]
				},
				"tail5": {
					"rotation": ["10+math.sin(q.anim_time*90*1-270)*-2.5", 0, 0]
				},
				"tail6": {
					"rotation": ["7.5+math.sin(q.anim_time*90*1-0)*5", 0, 0]
				},
				"thigh_right": {
					"rotation": [0, 10, 0]
				},
				"thigh_left": {
					"rotation": [0, -10, 0]
				}
			}
		},
		"animation.feralspine.ground_walk": {
			"loop": true,
			"animation_length": 2,
			"bones": {
				"body": {
					"position": {
						"0.0": [-3, 0, 0],
						"0.0417": [-3, 2, 0],
						"0.0833": [-3, 0, 0],
						"0.5": [0, 0, 0],
						"1.0": [3, 0, 0],
						"1.0417": [3, 2, 0],
						"1.0833": [3, 0, 0],
						"1.5": [0, 0, 0],
						"2.0": [-3, 0, 0]
					}
				},
				"torso": {
					"rotation": [0, "-math.sin(query.anim_time*90*2-90)*9", "math.sin(query.anim_time*90*2-45)*5"],
					"position": [0, "math.sin(query.anim_time*90*4-180)*2", 0]
				},
				"torso2": {
					"rotation": ["-15+math.sin(query.anim_time*90*2)*2", "math.sin(query.anim_time*90*2)*5", 0],
					"position": [0, 0, 2]
				},
				"torso3": {
					"rotation": {
						"0.0": ["7.5+math.sin(query.anim_time*90*2+45)*2", "math.sin(query.anim_time*90*2+45)*2", 0],
						"0.0833": ["2.5+math.sin(query.anim_time*90*2+45)*2", "math.sin(query.anim_time*90*2+45)*2", 0],
						"0.1667": ["7.5+math.sin(query.anim_time*90*2+45)*2", "math.sin(query.anim_time*90*2+45)*2", 0],
						"1.0": ["7.5+math.sin(query.anim_time*90*2+45)*2", "math.sin(query.anim_time*90*2+45)*2", 0],
						"1.0833": ["2.5+math.sin(query.anim_time*90*2+45)*2", "math.sin(query.anim_time*90*2+45)*2", 0],
						"1.1667": ["7.5+math.sin(query.anim_time*90*2+45)*2", "math.sin(query.anim_time*90*2+45)*2", 0]
					}
				},
				"neck": {
					"rotation": {
						"0.0": ["7.5-math.sin(query.anim_time*90*2)*4", "-math.sin(query.anim_time*90*2+60)*9", 0],
						"0.0833": ["10-math.sin(query.anim_time*90*2)*4", "0-math.sin(query.anim_time*90*2+60)*9", 0],
						"0.1667": ["7.5-math.sin(query.anim_time*90*2)*4", "-math.sin(query.anim_time*90*2+60)*9", 0],
						"1.0": ["7.5-math.sin(query.anim_time*90*2)*4", "-math.sin(query.anim_time*90*2+60)*9", 0],
						"1.0833": ["10-math.sin(query.anim_time*90*2)*4", "0-math.sin(query.anim_time*90*2+60)*9", 0],
						"1.1667": ["7.5-math.sin(query.anim_time*90*2)*4", "-math.sin(query.anim_time*90*2+60)*9", 0]
					},
					"position": [0, 0, 0.5]
				},
				"head": {
					"rotation": ["7.5-math.sin(query.anim_time*90*2+60)*2", "-math.sin(query.anim_time*90*2+30)*7", 0],
					"position": [0, 0, 1]
				},
				"Jaw": {
					"rotation": ["7.5-math.sin(query.anim_time*90*2-15)*3", 0, 0]
				},
				"shoulder_bone_left": {
					"rotation": [-4.20036, "-23.0075+math.sin(query.anim_time*90*2-15)*9", "55.832+math.sin(query.anim_time*90*2-15)*6"]
				},
				"arm_left": {
					"rotation": [0, "-12.5+math.sin(query.anim_time*90*2-30)*2", 0],
					"position": [-0.75, 0, 0]
				},
				"arm_left2": {
					"rotation": [0, "82.5+math.sin(query.anim_time*90*2-45)*8", 0]
				},
				"hand_left": {
					"rotation": [43.64293, -12.27659, "12.5685+math.sin(query.anim_time*90*2-60)*17"]
				},
				"hand_left_finger_left": {
					"rotation": [0, 0, 17.5]
				},
				"hand_left_finger_left2": {
					"rotation": [0, 0, 17.5]
				},
				"hand_left_finfer_left_nail": {
					"rotation": [0, 0, 17.5]
				},
				"hand_left_finger_right": {
					"rotation": [0, 0, 22.5]
				},
				"hand_left_finger_right2": {
					"rotation": [0, 0, 25]
				},
				"hand_left_finger_right_nail2": {
					"rotation": [0, 0, 17.5]
				},
				"hand_left_finger_middle": {
					"rotation": [0, 0, 22.5]
				},
				"hand_left_finger_middle2": {
					"rotation": [0, 0, 20]
				},
				"hand_left_finfer_middle_nail2": {
					"rotation": [0, 0, 17.5]
				},
				"shoulder_bone_right": {
					"rotation": [-4.20036, "23.0075+math.sin(query.anim_time*90*2-15)*9", "-55.8324+math.sin(query.anim_time*90*2-15)*6"]
				},
				"arm_right": {
					"rotation": [0, "12.5+math.sin(query.anim_time*90*2-30)*2", 0],
					"position": [0.75, 0, 0]
				},
				"arm_right2": {
					"rotation": [0, "-82.5+math.sin(query.anim_time*90*2-45)*8", 0]
				},
				"hand_right": {
					"rotation": [43.64293, 12.27659, "-12.5685+math.sin(query.anim_time*90*2-60)*17"]
				},
				"hand_right_finger_left": {
					"rotation": [0, 0, -22.5]
				},
				"hand_right_finger_left2": {
					"rotation": [0, 0, -25]
				},
				"hand_left_finger_left3": {
					"rotation": [0, 0, -22.5]
				},
				"hand_left_finger_left5": {
					"rotation": [0, 0, -25]
				},
				"hand_left_finger_left_nail2": {
					"rotation": [0, 0, -17.5]
				},
				"hand_right_finger_middle": {
					"rotation": [0, 0, -22.5]
				},
				"hand_right_finger_middle2": {
					"rotation": [0, 0, -20]
				},
				"hand_right_finfer_middle_nail2": {
					"rotation": [0, 0, -17.5]
				},
				"tail": {
					"rotation": ["-5+math.sin(query.anim_time*90*4-45)*3", "math.sin(query.anim_time*90*2)*6", 0],
					"position": [0, 0, -1.5]
				},
				"tail2": {
					"rotation": ["5+math.sin(query.anim_time*90*2-60)*2", "math.sin(query.anim_time*90*2-15)*7", 0],
					"position": [0, 0, -1]
				},
				"tail3": {
					"rotation": ["5+math.sin(query.anim_time*90*4-75)*2", "math.sin(query.anim_time*90*2-30)*5", 0],
					"position": [0, 0, -1]
				},
				"tail4": {
					"rotation": ["5+math.sin(query.anim_time*90*4-90)*4", "math.sin(query.anim_time*90*2-45)*6", 0],
					"position": [0, 0, -1]
				},
				"tail5": {
					"rotation": ["5+math.sin(query.anim_time*90*4-105)*3", "math.sin(query.anim_time*90*2-60)*8", 0],
					"position": [0, 0, -1]
				},
				"tail6": {
					"rotation": ["5+math.sin(query.anim_time*90*4-130)*2", "math.sin(query.anim_time*90*2-75)*10", 0],
					"position": [0, 0, -1]
				},
				"thigh_right": {
					"rotation": {
						"0.0": {
							"post": [44.66675, 17.2113, 0.84777],
							"lerp_mode": "catmullrom"
						},
						"0.375": {
							"post": [34.8067, 4.76052, 6.31614],
							"lerp_mode": "catmullrom"
						},
						"0.75": {
							"post": [-14.69351, -4.83727, 1.26674],
							"lerp_mode": "catmullrom"
						},
						"1.0": {
							"post": [-19.75067, 5.54845, 0.64378],
							"lerp_mode": "catmullrom"
						},
						"1.5": {
							"post": [5.92601, 19.46257, 0.33133],
							"lerp_mode": "catmullrom"
						},
						"2.0": {
							"post": [44.66675, 17.2113, 0.84777],
							"lerp_mode": "catmullrom"
						}
					},
					"position": {
						"0.0": {
							"post": [1, 0, 3.25],
							"lerp_mode": "catmullrom"
						},
						"0.2917": {
							"post": [1, 4, -0.75],
							"lerp_mode": "catmullrom"
						},
						"0.75": {
							"post": [2, 4.72, -2.53],
							"lerp_mode": "catmullrom"
						},
						"1.0": {
							"post": [1, 0, -3],
							"lerp_mode": "catmullrom"
						},
						"1.5": {
							"post": [1, -0.04, -1.48],
							"lerp_mode": "catmullrom"
						},
						"2.0": {
							"post": [1, 0, 3.25],
							"lerp_mode": "catmullrom"
						}
					}
				},
				"leg_right": {
					"rotation": {
						"0.0": [-7.5, 0, 0],
						"0.2083": [4.53, 0, 0],
						"0.5": [5.42, 0, 0],
						"0.75": [-6.76, 0, 0],
						"1.0": [-2.5, 0, 0],
						"1.25": [12.06, 0, 0],
						"1.5": [13.75, 0, 0],
						"2.0": [-7.5, 0, 0]
					}
				},
				"leg_right2": {
					"rotation": {
						"0.0": [2.5, 0, 0],
						"0.2083": [-2.73, 0, 0],
						"0.5": [-16.08, 0, 0],
						"1.0": [13, 0, 0],
						"1.25": [0.88, 0, 0],
						"1.5": [-3.5, 0, 0],
						"2.0": [2.5, 0, 0]
					}
				},
				"thigh_left": {
					"rotation": {
						"0.0": {
							"post": [-19.75067, -5.54845, -0.64378],
							"lerp_mode": "catmullrom"
						},
						"0.5": {
							"post": [5.92601, -19.46257, -0.33133],
							"lerp_mode": "catmullrom"
						},
						"1.0": {
							"post": [44.66675, -17.2113, -0.84777],
							"lerp_mode": "catmullrom"
						},
						"1.375": {
							"post": [34.8067, -4.76052, -6.31614],
							"lerp_mode": "catmullrom"
						},
						"1.75": {
							"post": [-14.69351, 4.83727, -1.26674],
							"lerp_mode": "catmullrom"
						},
						"2.0": {
							"post": [-19.75067, -5.54845, -0.64378],
							"lerp_mode": "catmullrom"
						}
					},
					"position": {
						"0.0": {
							"post": [-1, 0, -3],
							"lerp_mode": "catmullrom"
						},
						"0.5": {
							"post": [-1, -0.04, -1.48],
							"lerp_mode": "catmullrom"
						},
						"1.0": {
							"post": [-1, 0, 3.25],
							"lerp_mode": "catmullrom"
						},
						"1.2917": {
							"post": [-1, 4, -0.75],
							"lerp_mode": "catmullrom"
						},
						"1.75": {
							"post": [-2, 4.72, -2.53],
							"lerp_mode": "catmullrom"
						},
						"2.0": {
							"post": [-1, 0, -3],
							"lerp_mode": "catmullrom"
						}
					}
				},
				"leg_left": {
					"rotation": {
						"0.0": [-2.5, 0, 0],
						"0.25": [12.06, 0, 0],
						"0.5": [13.75, 0, 0],
						"1.0": [-7.5, 0, 0],
						"1.2083": [4.53, 0, 0],
						"1.5": [5.42, 0, 0],
						"1.75": [-6.76, 0, 0],
						"2.0": [-2.5, 0, 0]
					}
				},
				"leg_left2": {
					"rotation": {
						"0.0": [13, 0, 0],
						"0.25": [0.88, 0, 0],
						"0.5": [-3.5, 0, 0],
						"1.0": [2.5, 0, 0],
						"1.2083": [-2.73, 0, 0],
						"1.5": [-16.08, 0, 0],
						"2.0": [13, 0, 0]
					}
				},
				"foot_left": {
					"rotation": {
						"0.0": [9.25, 0, 0],
						"0.5": [9.63, 0, 0],
						"0.75": [-2.69, 0, 0],
						"1.0": [5, 0, 0],
						"1.125": [-1.15, 0, 0],
						"1.2083": [-6.91, 0, 0],
						"1.5": [11.19, 0, 0],
						"2.0": [9.25, 0, 0]
					}
				},
				"Foot_left2": {
					"rotation": {
						"0.0": [0, 0, 0],
						"0.25": [-13.12, 0, 0],
						"0.5": [-26.25, 0, 0],
						"0.75": [-27.87, 0, 0],
						"1.0": [-44, 0, 0],
						"1.125": [-20.87, 0, 0],
						"1.2083": [14.38, 0, 0],
						"1.5": [19.37, 0, 0],
						"1.75": [-10.5, 0, 0],
						"2.0": [0, 0, 0]
					},
					"position": {
						"0.0": [0, 0, 0],
						"1.0": [0, 0, 0],
						"1.125": [0, 0, 0],
						"1.2083": [0, 0.1, 1],
						"1.5": [0, 0.25, 1.31],
						"1.75": [0, 0, 0]
					}
				},
				"foot_right": {
					"rotation": {
						"0.0": [5, 0, 0],
						"0.125": [-1.15, 0, 0],
						"0.2083": [-6.91, 0, 0],
						"0.5": [11.19, 0, 0],
						"1.0": [9.25, 0, 0],
						"1.5": [9.63, 0, 0],
						"1.75": [-2.69, 0, 0],
						"2.0": [5, 0, 0]
					}
				},
				"Foot_right2": {
					"rotation": {
						"0.0": [-44, 0, 0],
						"0.125": [-20.87, 0, 0],
						"0.2083": [14.38, 0, 0],
						"0.5": [19.37, 0, 0],
						"0.75": [-10.5, 0, 0],
						"1.0": [0, 0, 0],
						"1.25": [-13.12, 0, 0],
						"1.5": [-26.25, 0, 0],
						"1.75": [-27.87, 0, 0],
						"2.0": [-44, 0, 0]
					},
					"position": {
						"0.0": [0, 0, 0],
						"0.125": [0, 0, 0],
						"0.2083": [0, 0.1, 1],
						"0.5": [0, 0.25, 1.31],
						"0.75": [0, 0, 0],
						"1.0": [0, 0, 0],
						"2.0": [0, 0, 0]
					}
				}
			}
		},
		"animation.feralspine.water_idle": {
			"loop": true,
			"bones": {
				"torso2": {
					"rotation": ["-15+math.sin(q.anim_time*90*1-270)*-2.5", 0, 0]
				},
				"head": {
					"rotation": [2.5, 0, 0]
				},
				"shoulder_bone_left": {
					"rotation": [0, "-22.5+math.sin(q.anim_time*90*1-150)*5", 45]
				},
				"arm_left": {
					"rotation": [0, -12.5, 0]
				},
				"arm_left2": {
					"rotation": [0, "60+math.sin(q.anim_time*90*1-210)*10", 0]
				},
				"hand_left": {
					"rotation": [45, 0, "0+math.sin(q.anim_time*90*1-270)*-10"]
				},
				"hand_left_finger_left": {
					"rotation": [0, 0, 17.5]
				},
				"hand_left_finger_left2": {
					"rotation": [0, 0, 17.5]
				},
				"hand_left_finfer_left_nail": {
					"rotation": [0, 0, 17.5]
				},
				"hand_left_finger_right": {
					"rotation": [0, 0, 22.5]
				},
				"hand_left_finger_right2": {
					"rotation": [0, 0, 25]
				},
				"hand_left_finger_right_nail2": {
					"rotation": [0, 0, 17.5]
				},
				"hand_left_finger_middle": {
					"rotation": [0, 0, 22.5]
				},
				"hand_left_finger_middle2": {
					"rotation": [0, 0, 20]
				},
				"hand_left_finfer_middle_nail2": {
					"rotation": [0, 0, 17.5]
				},
				"shoulder_bone_right": {
					"rotation": [0, "22.5+math.sin(q.anim_time*90*1-150)*-5", -45]
				},
				"arm_right": {
					"rotation": [0, 12.5, 0]
				},
				"arm_right2": {
					"rotation": [0, "-60+math.sin(q.anim_time*90*1-210)*-10", 0]
				},
				"hand_right": {
					"rotation": [45, 0, "0+math.sin(q.anim_time*90*1-270)*10"]
				},
				"hand_right_finger_left": {
					"rotation": [0, 0, -17.5]
				},
				"hand_right_finger_left2": {
					"rotation": [0, 0, -17.5]
				},
				"hand_right_finfer_left_nail": {
					"rotation": [0, 0, -17.5]
				},
				"hand_left_finger_left3": {
					"rotation": [0, 0, -22.5]
				},
				"hand_left_finger_left5": {
					"rotation": [0, 0, -25]
				},
				"hand_left_finger_left_nail2": {
					"rotation": [0, 0, -17.5]
				},
				"hand_right_finger_middle": {
					"rotation": [0, 0, -22.5]
				},
				"hand_right_finger_middle2": {
					"rotation": [0, 0, -20]
				},
				"hand_right_finfer_middle_nail2": {
					"rotation": [0, 0, -17.5]
				},
				"tail": {
					"rotation": ["-5+math.sin(q.anim_time*90*1-60)*-2.5", 0, 0]
				},
				"tail2": {
					"rotation": ["-5+math.sin(q.anim_time*90*1-120)*-2.5", 0, 0]
				},
				"tail3": {
					"rotation": ["5+math.sin(q.anim_time*90*1-180)*-2.5", 0, 0]
				},
				"tail4": {
					"rotation": ["7.5+math.sin(q.anim_time*90*1-240)*-2.5", 0, 0]
				},
				"tail5": {
					"rotation": ["10+math.sin(q.anim_time*90*1-270)*-2.5", 0, 0]
				},
				"tail6": {
					"rotation": ["7.5+math.sin(q.anim_time*90*1-0)*5", 0, 0]
				},
				"thigh_right": {
					"rotation": ["10+math.sin(q.anim_time*90*1-270)*-10", 10, 0]
				},
				"thigh_left": {
					"rotation": ["10+math.sin(q.anim_time*90*1-270)*10", -10, 0]
				},
				"torso": {
					"position": [0, "0+math.sin(q.anim_time*90*1-0)*-0.5", 0]
				},
				"torso3": {
					"rotation": ["7.5+math.sin(q.anim_time*90*1-210)*2.5", 0, 0]
				},
				"neck": {
					"rotation": ["7.5+math.sin(q.anim_time*90*1-150)*2.5", 0, 0]
				},
				"Jaw": {
					"rotation": ["7.5+math.sin(q.anim_time*90*1-270)*-2.5", 0, 0]
				},
				"body": {
					"position": [0, -24, 0]
				},
				"back_spikes": {
					"rotation": [-5, 0, 0]
				},
				"leg_right": {
					"rotation": ["0+math.sin(q.anim_time*90*1-0)*-5", 0, 0]
				},
				"leg_right2": {
					"rotation": ["0+math.sin(q.anim_time*90*1-60)*5", 0, 0]
				},
				"leg_left": {
					"rotation": ["0+math.sin(q.anim_time*90*1-0)*5", 0, 0]
				},
				"leg_left2": {
					"rotation": ["0+math.sin(q.anim_time*90*1-60)*-5", 0, 0]
				}
			}
		},
		"animation.feralspine.water_swim": {
			"loop": true,
			"bones": {
				"torso2": {
					"rotation": [0, "0+math.sin(q.anim_time*90*2-330)*-5", 0]
				},
				"head": {
					"rotation": [-5, "0+math.sin(q.anim_time*90*2-240)*-5", "0+math.sin(q.anim_time*90*2-90)*10"]
				},
				"shoulder_bone_left": {
					"rotation": [45, -45, 45]
				},
				"arm_left": {
					"rotation": [0, -12.5, 20]
				},
				"arm_left2": {
					"rotation": [0, 0, 0]
				},
				"hand_left": {
					"rotation": [45, 0, 0]
				},
				"hand_left_finger_left": {
					"rotation": [0, 0, 17.5]
				},
				"hand_left_finger_left2": {
					"rotation": [0, 0, 17.5]
				},
				"hand_left_finfer_left_nail": {
					"rotation": [0, 0, 17.5]
				},
				"hand_left_finger_right": {
					"rotation": [0, 0, 22.5]
				},
				"hand_left_finger_right2": {
					"rotation": [0, 0, 25]
				},
				"hand_left_finger_right_nail2": {
					"rotation": [0, 0, 17.5]
				},
				"hand_left_finger_middle": {
					"rotation": [0, 0, 22.5]
				},
				"hand_left_finger_middle2": {
					"rotation": [0, 0, 20]
				},
				"hand_left_finfer_middle_nail2": {
					"rotation": [0, 0, 17.5]
				},
				"shoulder_bone_right": {
					"rotation": [45, 45, -45]
				},
				"arm_right": {
					"rotation": [0, 12.5, -20]
				},
				"arm_right2": {
					"rotation": [0, 0, 0]
				},
				"hand_right": {
					"rotation": [45, 0, 0]
				},
				"hand_right_finger_left": {
					"rotation": [0, 0, -17.5]
				},
				"hand_right_finger_left2": {
					"rotation": [0, 0, -17.5]
				},
				"hand_right_finfer_left_nail": {
					"rotation": [0, 0, -17.5]
				},
				"hand_left_finger_left3": {
					"rotation": [0, 0, -22.5]
				},
				"hand_left_finger_left5": {
					"rotation": [0, 0, -25]
				},
				"hand_left_finger_left_nail2": {
					"rotation": [0, 0, -17.5]
				},
				"hand_right_finger_middle": {
					"rotation": [0, 0, -22.5]
				},
				"hand_right_finger_middle2": {
					"rotation": [0, 0, -20]
				},
				"hand_right_finfer_middle_nail2": {
					"rotation": [0, 0, -17.5]
				},
				"tail": {
					"rotation": [-5, "0+math.sin(q.anim_time*90*2-60)*-5", 0]
				},
				"tail2": {
					"rotation": [-5, "0+math.sin(q.anim_time*90*2-120)*-5", 0]
				},
				"tail3": {
					"rotation": [5, "0+math.sin(q.anim_time*90*2-180)*-5", 0]
				},
				"tail4": {
					"rotation": [7.5, "0+math.sin(q.anim_time*90*2-210)*-5", 0]
				},
				"tail5": {
					"rotation": [2.5, "0+math.sin(q.anim_time*90*2-240)*-5", 0]
				},
				"tail6": {
					"rotation": [0, "0+math.sin(q.anim_time*90*2-270)*-5", 0]
				},
				"thigh_right": {
					"rotation": [57.5, 10, "10+math.sin(q.anim_time*90*2-0)*10"]
				},
				"thigh_left": {
					"rotation": [57.5, -10, "-10+math.sin(q.anim_time*90*2-0)*10"]
				},
				"torso": {
					"rotation": [0, 0, "0+math.sin(q.anim_time*90*2-90)*-10"],
					"position": [0, 0, 0]
				},
				"torso3": {
					"rotation": [10, "0+math.sin(q.anim_time*90*2-300)*-5", 0]
				},
				"neck": {
					"rotation": [-2.5, "0+math.sin(q.anim_time*90*2-270)*-5", 0]
				},
				"Jaw": {
					"rotation": [0, 0, 0]
				},
				"body": {
					"position": ["0+math.sin(q.anim_time*90*2-240)*-3", -24, 0]
				},
				"leg_right": {
					"rotation": [20, 0, 0]
				},
				"leg_right2": {
					"rotation": [0, 0, 0]
				},
				"leg_left": {
					"rotation": [20, 0, 0]
				},
				"leg_left2": {
					"rotation": [0, 0, 0]
				},
				"torso1": {
					"rotation": [0, "0+math.sin(q.anim_time*90*2-30)*-5", 0]
				},
				"back_spikes": {
					"rotation": [0, 0, "0+math.sin(q.anim_time*90*2-60)*10"]
				}
			}
		},
		"animation.feralspine.watersurface_idle": {
			"loop": true,
			"bones": {
				"torso2": {
					"rotation": ["-15+math.sin(q.anim_time*90*1-270)*-2.5", 0, 0]
				},
				"head": {
					"rotation": [2.5, 0, 0]
				},
				"shoulder_bone_left": {
					"rotation": [0, "-22.5+math.sin(q.anim_time*90*1-150)*5", 45]
				},
				"arm_left": {
					"rotation": [0, -12.5, 0]
				},
				"arm_left2": {
					"rotation": [0, "60+math.sin(q.anim_time*90*1-210)*10", 0]
				},
				"hand_left": {
					"rotation": [45, 0, "0+math.sin(q.anim_time*90*1-270)*-10"]
				},
				"hand_left_finger_left": {
					"rotation": [0, 0, 17.5]
				},
				"hand_left_finger_left2": {
					"rotation": [0, 0, 17.5]
				},
				"hand_left_finfer_left_nail": {
					"rotation": [0, 0, 17.5]
				},
				"hand_left_finger_right": {
					"rotation": [0, 0, 22.5]
				},
				"hand_left_finger_right2": {
					"rotation": [0, 0, 25]
				},
				"hand_left_finger_right_nail2": {
					"rotation": [0, 0, 17.5]
				},
				"hand_left_finger_middle": {
					"rotation": [0, 0, 22.5]
				},
				"hand_left_finger_middle2": {
					"rotation": [0, 0, 20]
				},
				"hand_left_finfer_middle_nail2": {
					"rotation": [0, 0, 17.5]
				},
				"shoulder_bone_right": {
					"rotation": [0, "22.5+math.sin(q.anim_time*90*1-150)*-5", -45]
				},
				"arm_right": {
					"rotation": [0, 12.5, 0]
				},
				"arm_right2": {
					"rotation": [0, "-60+math.sin(q.anim_time*90*1-210)*-10", 0]
				},
				"hand_right": {
					"rotation": [45, 0, "0+math.sin(q.anim_time*90*1-270)*10"]
				},
				"hand_right_finger_left": {
					"rotation": [0, 0, -17.5]
				},
				"hand_right_finger_left2": {
					"rotation": [0, 0, -17.5]
				},
				"hand_right_finfer_left_nail": {
					"rotation": [0, 0, -17.5]
				},
				"hand_left_finger_left3": {
					"rotation": [0, 0, -22.5]
				},
				"hand_left_finger_left5": {
					"rotation": [0, 0, -25]
				},
				"hand_left_finger_left_nail2": {
					"rotation": [0, 0, -17.5]
				},
				"hand_right_finger_middle": {
					"rotation": [0, 0, -22.5]
				},
				"hand_right_finger_middle2": {
					"rotation": [0, 0, -20]
				},
				"hand_right_finfer_middle_nail2": {
					"rotation": [0, 0, -17.5]
				},
				"tail": {
					"rotation": ["-7.5+math.sin(q.anim_time*90*1-60)*-2.5", 0, 0]
				},
				"tail2": {
					"rotation": ["-7.5+math.sin(q.anim_time*90*1-120)*-2.5", 0, 0]
				},
				"tail3": {
					"rotation": ["2.5+math.sin(q.anim_time*90*1-180)*-2.5", 0, 0]
				},
				"tail4": {
					"rotation": ["7.5+math.sin(q.anim_time*90*1-240)*-2.5", 0, 0]
				},
				"tail5": {
					"rotation": ["10+math.sin(q.anim_time*90*1-270)*-2.5", 0, 0]
				},
				"tail6": {
					"rotation": ["7.5+math.sin(q.anim_time*90*1-0)*5", 0, 0]
				},
				"thigh_right": {
					"rotation": ["10+math.sin(q.anim_time*90*1-270)*-10", 10, 0]
				},
				"thigh_left": {
					"rotation": ["10+math.sin(q.anim_time*90*1-270)*10", -10, 0]
				},
				"torso": {
					"position": [0, 0, 0]
				},
				"torso3": {
					"rotation": ["7.5+math.sin(q.anim_time*90*1-210)*2.5", 0, 0]
				},
				"neck": {
					"rotation": ["7.5+math.sin(q.anim_time*90*1-150)*-2.5", 0, 0]
				},
				"Jaw": {
					"rotation": ["7.5+math.sin(q.anim_time*90*1-270)*-2.5", 0, 0]
				},
				"leg_right": {
					"rotation": ["0+math.sin(q.anim_time*90*1-0)*-5", 0, 0]
				},
				"leg_right2": {
					"rotation": ["0+math.sin(q.anim_time*90*1-60)*5", 0, 0]
				},
				"leg_left": {
					"rotation": ["0+math.sin(q.anim_time*90*1-0)*5", 0, 0]
				},
				"leg_left2": {
					"rotation": ["0+math.sin(q.anim_time*90*1-60)*-5", 0, 0]
				},
				"body": {
					"position": [0, -44, 0]
				}
			}
		},
		"animation.feralspine.watersurface_swim": {
			"loop": true,
			"bones": {
				"torso2": {
					"rotation": [0, "0+math.sin(q.anim_time*90*2-330)*-5", 0]
				},
				"head": {
					"rotation": [10, "math.sin(q.anim_time*90*2-240)*-5", "0+math.sin(q.anim_time*90*2-90)*10"]
				},
				"shoulder_bone_left": {
					"rotation": [45, -45, 45]
				},
				"arm_left": {
					"rotation": [0, -12.5, 20]
				},
				"arm_left2": {
					"rotation": [0, 0, 0]
				},
				"hand_left": {
					"rotation": [45, 0, 0]
				},
				"hand_left_finger_left": {
					"rotation": [0, 0, 17.5]
				},
				"hand_left_finger_left2": {
					"rotation": [0, 0, 17.5]
				},
				"hand_left_finfer_left_nail": {
					"rotation": [0, 0, 17.5]
				},
				"hand_left_finger_right": {
					"rotation": [0, 0, 22.5]
				},
				"hand_left_finger_right2": {
					"rotation": [0, 0, 25]
				},
				"hand_left_finger_right_nail2": {
					"rotation": [0, 0, 17.5]
				},
				"hand_left_finger_middle": {
					"rotation": [0, 0, 22.5]
				},
				"hand_left_finger_middle2": {
					"rotation": [0, 0, 20]
				},
				"hand_left_finfer_middle_nail2": {
					"rotation": [0, 0, 17.5]
				},
				"shoulder_bone_right": {
					"rotation": [45, 45, -45]
				},
				"arm_right": {
					"rotation": [0, 12.5, -20]
				},
				"arm_right2": {
					"rotation": [0, 0, 0]
				},
				"hand_right": {
					"rotation": [45, 0, 0]
				},
				"hand_right_finger_left": {
					"rotation": [0, 0, -17.5]
				},
				"hand_right_finger_left2": {
					"rotation": [0, 0, -17.5]
				},
				"hand_right_finfer_left_nail": {
					"rotation": [0, 0, -17.5]
				},
				"hand_left_finger_left3": {
					"rotation": [0, 0, -22.5]
				},
				"hand_left_finger_left5": {
					"rotation": [0, 0, -25]
				},
				"hand_left_finger_left_nail2": {
					"rotation": [0, 0, -17.5]
				},
				"hand_right_finger_middle": {
					"rotation": [0, 0, -22.5]
				},
				"hand_right_finger_middle2": {
					"rotation": [0, 0, -20]
				},
				"hand_right_finfer_middle_nail2": {
					"rotation": [0, 0, -17.5]
				},
				"tail": {
					"rotation": [-10, "math.sin(q.anim_time*90*2-60)*-5", 0]
				},
				"tail2": {
					"rotation": [-5, "0+math.sin(q.anim_time*90*2-120)*-5", 0]
				},
				"tail3": {
					"rotation": [5, "0+math.sin(q.anim_time*90*2-180)*-5", 0]
				},
				"tail4": {
					"rotation": [7.5, "0+math.sin(q.anim_time*90*2-210)*-5", 0]
				},
				"tail5": {
					"rotation": [2.5, "0+math.sin(q.anim_time*90*2-240)*-5", 0]
				},
				"tail6": {
					"rotation": [0, "0+math.sin(q.anim_time*90*2-270)*-5", 0]
				},
				"thigh_right": {
					"rotation": [57.5, 10, "10+math.sin(q.anim_time*90*2-0)*10"]
				},
				"thigh_left": {
					"rotation": [57.5, -10, "-10+math.sin(q.anim_time*90*2-0)*10"]
				},
				"torso": {
					"rotation": [0, 0, "0+math.sin(q.anim_time*90*2-90)*-10"],
					"position": [0, 0, 0]
				},
				"torso3": {
					"rotation": [-2.5, "math.sin(q.anim_time*90*2-300)*-5", 0]
				},
				"neck": {
					"rotation": [-15, "math.sin(q.anim_time*90*2-270)*-5", 0]
				},
				"Jaw": {
					"rotation": [0, 0, 0]
				},
				"body": {
					"position": ["0+math.sin(q.anim_time*90*2-240)*-3", -42, 0]
				},
				"leg_right": {
					"rotation": [20, 0, 0]
				},
				"leg_right2": {
					"rotation": [0, 0, 0]
				},
				"leg_left": {
					"rotation": [20, 0, 0]
				},
				"leg_left2": {
					"rotation": [0, 0, 0]
				},
				"torso1": {
					"rotation": [2.5, "math.sin(q.anim_time*90*2-30)*-5", 0]
				},
				"back_spikes": {
					"rotation": [0, 0, "0+math.sin(q.anim_time*90*2-60)*10"]
				}
			}
		},
		"animation.feralspine.battle_idle": {
			"loop": true,
			"bones": {
				"body": {
					"rotation": [0, 30, 0]
				},
				"torso": {
					"position": [0, "0+math.sin(q.anim_time*90*1-0)*-0.5", 0]
				},
				"torso2": {
					"rotation": ["-15+math.sin(q.anim_time*90*1-270)*-2.5", -15, 0],
					"position": [0, 0, 3.5]
				},
				"torso3": {
					"rotation": ["7.5+math.sin(q.anim_time*90*1-210)*2.5", -7.5, 0]
				},
				"neck": {
					"rotation": ["7.5+math.sin(q.anim_time*90*1-150)*2.5", -7.5, -5]
				},
				"head": {
					"rotation": [2.5, 0, 0]
				},
				"Jaw": {
					"rotation": ["15+math.sin(q.anim_time*90*1-0)*-5", 0, 0]
				},
				"shoulder_bone_left": {
					"rotation": [0, "-22.5+math.sin(q.anim_time*90*1-150)*5", 45]
				},
				"arm_left": {
					"rotation": [0, -12.5, 0]
				},
				"arm_left2": {
					"rotation": [0, "60+math.sin(q.anim_time*90*1-210)*10", 0]
				},
				"hand_left": {
					"rotation": [45, 0, "0+math.sin(q.anim_time*90*1-270)*-10"]
				},
				"hand_left_finger_left": {
					"rotation": [0, 0, 17.5]
				},
				"hand_left_finger_left2": {
					"rotation": [0, 0, 17.5]
				},
				"hand_left_finfer_left_nail": {
					"rotation": [0, 0, 17.5]
				},
				"hand_left_finger_right": {
					"rotation": [0, 0, 22.5]
				},
				"hand_left_finger_right2": {
					"rotation": [0, 0, 25]
				},
				"hand_left_finger_right_nail2": {
					"rotation": [0, 0, 17.5]
				},
				"hand_left_finger_middle": {
					"rotation": [0, 0, 22.5]
				},
				"hand_left_finger_middle2": {
					"rotation": [0, 0, 20]
				},
				"hand_left_finfer_middle_nail2": {
					"rotation": [0, 0, 17.5]
				},
				"shoulder_bone_right": {
					"rotation": [0, "22.5+math.sin(q.anim_time*90*1-150)*-5", -45]
				},
				"arm_right": {
					"rotation": [0, 12.5, 0]
				},
				"arm_right2": {
					"rotation": [0, "-60+math.sin(q.anim_time*90*1-210)*-10", 0]
				},
				"hand_right": {
					"rotation": [45, 0, "0+math.sin(q.anim_time*90*1-270)*10"]
				},
				"hand_right_finger_left": {
					"rotation": [0, 0, -17.5]
				},
				"hand_right_finger_left2": {
					"rotation": [0, 0, -17.5]
				},
				"hand_right_finfer_left_nail": {
					"rotation": [0, 0, -17.5]
				},
				"hand_left_finger_left3": {
					"rotation": [0, 0, -22.5]
				},
				"hand_left_finger_left5": {
					"rotation": [0, 0, -25]
				},
				"hand_left_finger_left_nail2": {
					"rotation": [0, 0, -17.5]
				},
				"hand_right_finger_middle": {
					"rotation": [0, 0, -22.5]
				},
				"hand_right_finger_middle2": {
					"rotation": [0, 0, -20]
				},
				"hand_right_finfer_middle_nail2": {
					"rotation": [0, 0, -17.5]
				},
				"tail": {
					"rotation": ["-5+math.sin(q.anim_time*90*1-60)*-2.5", 5, 0]
				},
				"tail2": {
					"rotation": ["-5+math.sin(q.anim_time*90*1-120)*-2.5", 10, 0]
				},
				"tail3": {
					"rotation": ["5+math.sin(q.anim_time*90*1-180)*-2.5", 15, 0]
				},
				"tail4": {
					"rotation": ["7.5+math.sin(q.anim_time*90*1-240)*-2.5", 15, 0]
				},
				"tail5": {
					"rotation": ["10+math.sin(q.anim_time*90*1-270)*-2.5", 10, 0]
				},
				"tail6": {
					"rotation": ["7.5+math.sin(q.anim_time*90*1-0)*5", 5, 0]
				},
				"thigh_right": {
					"rotation": [0, 10, 0]
				}
			}
		},
		"animation.feralspine.blink": {
			"animation_length": 0.375,
			"bones": {
				"eyelid_left": {
					"position": {
						"0.0": [0, 0, 0],
						"0.0417": {
							"pre": [0, 0, 0],
							"post": [0.1, 0.1, 0]
						},
						"0.3333": {
							"pre": [0.1, 0.1, 0],
							"post": [0, 0, 0]
						}
					}
				},
				"eyelid_right": {
					"position": {
						"0.0": [0, 0, 0],
						"0.0417": {
							"pre": [0, 0, 0],
							"post": [-0.1, 0.1, 0]
						},
						"0.3333": {
							"pre": [-0.1, 0.1, 0],
							"post": [0, 0, 0]
						}
					}
				}
			}
		},
		"animation.feralspine.cry": {
			"animation_length": 2.25,
			"bones": {
				"torso": {
					"position": {
						"0.0": [0, 0, 0],
						"0.5833": [0, -3, 0],
						"1.125": [0, -3, 0],
						"1.5": [0, -0.5, 0],
						"1.625": [0, 0, 0]
					}
				},
				"torso1": {
					"rotation": {
						"0.0": [0, 0, 0],
						"0.0417": [-1, 0, 0],
						"0.125": [-5.75, 0, 0],
						"0.1667": [-7.5, 0, 0],
						"0.25": [-8, 0, 0],
						"0.75": [1.5, 0, 0],
						"0.9167": [2.5, 0, 0],
						"1.0833": [1, 0, 0],
						"1.1667": [0, 0, 0]
					}
				},
				"back_spikes": {
					"rotation": {
						"0.0": [0, 0, 0],
						"0.1667": [0, 0, 0],
						"0.5": [7.5, 0, 0],
						"1.25": [7.5, 0, 0],
						"1.625": [0, 0, 0]
					}
				},
				"torso2": {
					"rotation": {
						"0.0": [0, 0, 0],
						"0.2083": [12.5, 0, 0],
						"0.5": [17.5, 0, 0],
						"1.0": [19, 0, 0],
						"1.0833": [17.5, 0, 0],
						"1.3333": [2.5, 0, 0],
						"1.5": [0, 0, 0]
					}
				},
				"torso3": {
					"rotation": {
						"0.125": [0, 0, 0],
						"0.625": [10, 0, 0],
						"1.375": [12.5, 0, 0],
						"1.5833": [0.75, 0, 0],
						"1.75": [0, 0, 0]
					}
				},
				"neck": {
					"rotation": {
						"0.0": [0, 0, 0],
						"0.2083": [-17.5, 0, 0],
						"0.5417": [-20, 0, 0],
						"1.4167": [-10, 0, 0],
						"1.7917": [-0.5, 0, 0],
						"1.9583": [0, 0, 0]
					}
				},
				"head": {
					"rotation": {
						"0.0": [0, 0, 0],
						"0.375": [-15, 0, 0],
						"1.4583": [-20, 0, 0],
						"1.75": [0.75, 0, 0],
						"2.0417": [0, 0, 0]
					}
				},
				"eyelid_left": {
					"rotation": {
						"0.0": [0, 0, 0],
						"0.375": {"pre": [0, 0, 0], "post": [20, 0, 0]},
						"1.5": {"pre": [20, 0, 0], "post": [0, 0, 0]}
					},
					"position": {
						"0.0": [0, 0, 0],
						"0.375": {"pre": [0, 0, 0], "post": [0.2, 0.60797, 0.82152]},
						"1.5": {"pre": [0.2, 0.60797, 0.82152], "post": [0, 0, 0]}
					},
					"scale": {
						"0.0": [1, 1, 1],
						"0.375": {"pre": [1, 1, 1], "post": [1, 1.1, 1]},
						"1.5": {"pre": [1, 1.1, 1], "post": [1, 1, 1]}
					}
				},
				"eyelid_right": {
					"rotation": {
						"0.0": [0, 0, 0],
						"0.375": {"pre": [0, 0, 0], "post": [20, 0, 0]},
						"1.5": {"pre": [20, 0, 0], "post": [0, 0, 0]}
					},
					"position": {
						"0.0": [0, 0, 0],
						"0.375": {"pre": [0, 0, 0], "post": [-0.2, 0.60797, 0.82152]},
						"1.5": {"pre": [-0.2, 0.60797, 0.82152], "post": [0, 0, 0]}
					},
					"scale": {
						"0.0": [1, 1, 1],
						"0.375": {"pre": [1, 1, 1], "post": [1, 1.1, 1]},
						"1.5": {"pre": [1, 1.1, 1], "post": [1, 1, 1]}
					}
				},
				"Jaw": {
					"rotation": {
						"0.0": [0, 0, 0],
						"0.375": ["27.5+math.sin(q.anim_time*90*30-270)*-2", 0, 0],
						"1.0": ["27.5+math.sin(q.anim_time*90*30-270)*-2", 0, 0],
						"1.5": [0, 0, 0]
					}
				},
				"arm_left2": {
					"rotation": {
						"0.0": [0, 0, 0],
						"0.2917": [0, -20, 0],
						"0.375": [0, -22.5, 0],
						"1.0": [0, -22.5, 0],
						"1.375": [0, -35, 0],
						"1.5": [0, -30, 0],
						"1.875": [0, -2.5, 0],
						"2.0": [0, 0, 0]
					}
				},
				"arm_right2": {
					"rotation": {
						"0.0": [0, 0, 0],
						"0.2917": [0, 20, 0],
						"0.375": [0, 22.5, 0],
						"1.0": [0, 22.5, 0],
						"1.375": [0, 35, 0],
						"1.5": [0, 30, 0],
						"1.875": [0, 2.5, 0],
						"2.0": [0, 0, 0]
					}
				},
				"tail": {
					"rotation": {
						"0.0": [0, 0, 0],
						"0.2083": ["0+math.sin(q.anim_time*90*5-0)*-2.5", 0, 0],
						"1.25": ["0+math.sin(q.anim_time*90*5-0)*-2.5", 0, 0],
						"1.75": [0, 0, 0]
					}
				},
				"tail2": {
					"rotation": {
						"0.0": [0, 0, 0],
						"0.2083": ["0+math.sin(q.anim_time*90*5-60)*-2.5", 0, 0],
						"1.25": ["0+math.sin(q.anim_time*90*5-60)*-2.5", 0, 0],
						"1.75": [0, 0, 0]
					}
				},
				"tail3": {
					"rotation": {
						"0.0": [0, 0, 0],
						"0.2083": ["0+math.sin(q.anim_time*90*5-120)*-2.5", 0, 0],
						"1.25": ["0+math.sin(q.anim_time*90*5-120)*-2.5", 0, 0],
						"1.75": [0, 0, 0]
					}
				},
				"tail4": {
					"rotation": {
						"0.0": [0, 0, 0],
						"0.2083": ["0+math.sin(q.anim_time*90*5-180)*-2.5", 0, 0],
						"1.25": ["0+math.sin(q.anim_time*90*5-180)*-2.5", 0, 0],
						"1.75": [0, 0, 0]
					}
				},
				"tail5": {
					"rotation": {
						"0.0": [0, 0, 0],
						"0.2083": ["0+math.sin(q.anim_time*90*5-240)*2.5", 0, 0],
						"1.25": ["0+math.sin(q.anim_time*90*5-240)*2.5", 0, 0],
						"1.75": [0, 0, 0]
					}
				},
				"tail6": {
					"rotation": {
						"0.0": [0, 0, 0],
						"0.2083": ["0+math.sin(q.anim_time*90*5-300)*2.5", 0, 0],
						"1.25": ["0+math.sin(q.anim_time*90*5-300)*2.5", 0, 0],
						"1.75": [0, 0, 0]
					}
				}
			},
			"sound_effects": {
				"0.0417": {
					"effect": "pokemon.feralspine.cry"
				}
			}
		},
		"animation.feralspine.render": {
			"loop": true,
			"bones": {
				"feralspine": {
					"rotation": [7.47178, 0.65182, -12.45744]
				},
				"torso1": {
					"rotation": [10, 0, 0]
				},
				"torso2": {
					"rotation": [7.5, 0, 0]
				},
				"torso3": {
					"rotation": [22.5, 0, 0]
				},
				"neck": {
					"rotation": [-12.5, 0, 0]
				},
				"head": {
					"rotation": [-35, 0, 0]
				},
				"eyelid_left": {
					"rotation": [22.5, 0, 0],
					"position": [0.1, 0.1, 1.75]
				},
				"eyelid_right": {
					"rotation": [22.5, 0, 0],
					"position": [-0.1, 0.1, 1.75]
				},
				"Jaw": {
					"rotation": [32.5, 0, 0]
				},
				"shoulder_bone_left": {
					"rotation": [-13.81364, 59.1057, 41.26668]
				},
				"arm_left": {
					"rotation": [0, 0, 0]
				},
				"arm_left2": {
					"rotation": [0, 12.5, 0]
				},
				"hand_left": {
					"rotation": [10.41995, 14.71489, -19.83108]
				},
				"hand_left_finger_left": {
					"rotation": [0, 0, -15]
				},
				"hand_left_finger_left2": {
					"rotation": [0, 0, 22.5]
				},
				"hand_left_finfer_left_nail": {
					"rotation": [0, 0, 25]
				},
				"hand_left_finger_right": {
					"rotation": [0, 0, 27.5]
				},
				"hand_left_finger_right2": {
					"rotation": [0, 0, 35]
				},
				"hand_left_finger_right_nail2": {
					"rotation": [0, 0, 25]
				},
				"hand_left_finger_middle2": {
					"rotation": [0, 0, 25]
				},
				"hand_left_finfer_middle_nail2": {
					"rotation": [0, 0, 22.5]
				},
				"shoulder_bone_right": {
					"rotation": [0.07673, -9.96156, -10.88045]
				},
				"arm_right": {
					"rotation": [0, -30, 0]
				},
				"arm_right2": {
					"rotation": [0, -27.5, 0]
				},
				"hand_right_finger_left": {
					"rotation": [0, 0, 22.5]
				},
				"hand_right_finger_left2": {
					"rotation": [0, 0, -17.5]
				},
				"hand_right_finfer_left_nail": {
					"rotation": [0, 0, -30]
				},
				"hand_left_finger_left3": {
					"rotation": [0, 0, -15]
				},
				"hand_left_finger_left5": {
					"rotation": [0, 0, -17.5]
				},
				"hand_left_finger_left_nail2": {
					"rotation": [0, 0, -32.5]
				},
				"hand_right_finger_middle2": {
					"rotation": [0, 0, -20]
				},
				"hand_right_finfer_middle_nail2": {
					"rotation": [0, 0, -17.5]
				},
				"tail": {
					"rotation": [17.5, 25, 0]
				},
				"tail2": {
					"rotation": [15.0547, 4.82922, 1.29717]
				},
				"tail3": {
					"rotation": [20.07031, 4.69776, 1.71394]
				},
				"tail4": {
					"rotation": [12.5, 0, 0]
				},
				"tail5": {
					"rotation": [-10, 0, 0]
				},
				"tail6": {
					"rotation": [-10, 0, 0]
				},
				"tail_spike": {
					"rotation": [-7.5, 0, 0]
				},
				"thigh_right": {
					"rotation": [-5, 0, 0]
				},
				"leg_right": {
					"rotation": [-25, 0, 0]
				},
				"leg_right2": {
					"rotation": [10, 0, 0]
				},
				"thigh_left": {
					"rotation": [44.89078, 3.53329, -3.54002]
				},
				"leg_left": {
					"rotation": [20, 0, 0]
				}
			}
		},
		"animation.feralspine.render2": {
			"loop": true,
			"bones": {
				"torso1": {
					"rotation": [10, 0, 0]
				},
				"torso2": {
					"rotation": [7.5, 0, 0]
				},
				"torso3": {
					"rotation": [22.5, 0, 0]
				},
				"neck": {
					"rotation": [-12.5, 0, 0]
				},
				"head": {
					"rotation": [-35, 0, 0]
				},
				"eyelid_left": {
					"rotation": [22.5, 0, 0],
					"position": [0.1, 0.1, 1.75]
				},
				"eyelid_right": {
					"rotation": [22.5, 0, 0],
					"position": [-0.1, 0.1, 1.75]
				},
				"Jaw": {
					"rotation": [32.5, 0, 0]
				},
				"shoulder_bone_left": {
					"rotation": [-13.81364, 59.1057, 41.26668]
				},
				"arm_left": {
					"rotation": [0, 0, 0]
				},
				"arm_left2": {
					"rotation": [0, 12.5, 0]
				},
				"hand_left": {
					"rotation": [10.41995, 14.71489, -19.83108]
				},
				"hand_left_finger_left": {
					"rotation": [0, 0, -15]
				},
				"hand_left_finger_left2": {
					"rotation": [0, 0, 22.5]
				},
				"hand_left_finfer_left_nail": {
					"rotation": [0, 0, 25]
				},
				"hand_left_finger_right": {
					"rotation": [0, 0, 27.5]
				},
				"hand_left_finger_right2": {
					"rotation": [0, 0, 35]
				},
				"hand_left_finger_right_nail2": {
					"rotation": [0, 0, 25]
				},
				"hand_left_finger_middle2": {
					"rotation": [0, 0, 25]
				},
				"hand_left_finfer_middle_nail2": {
					"rotation": [0, 0, 22.5]
				},
				"shoulder_bone_right": {
					"rotation": [0.07673, -9.96156, -10.88045]
				},
				"arm_right": {
					"rotation": [0, -30, 0]
				},
				"arm_right2": {
					"rotation": [0, -27.5, 0]
				},
				"hand_right_finger_left": {
					"rotation": [0, 0, 22.5]
				},
				"hand_right_finger_left2": {
					"rotation": [0, 0, -17.5]
				},
				"hand_right_finfer_left_nail": {
					"rotation": [0, 0, -30]
				},
				"hand_left_finger_left3": {
					"rotation": [0, 0, -15]
				},
				"hand_left_finger_left5": {
					"rotation": [0, 0, -17.5]
				},
				"hand_left_finger_left_nail2": {
					"rotation": [0, 0, -32.5]
				},
				"hand_right_finger_middle2": {
					"rotation": [0, 0, -20]
				},
				"hand_right_finfer_middle_nail2": {
					"rotation": [0, 0, -17.5]
				},
				"tail": {
					"rotation": [17.5, 25, 0]
				},
				"tail2": {
					"rotation": [15.0547, 4.82922, 1.29717]
				},
				"tail3": {
					"rotation": [20.07031, 4.69776, 1.71394]
				},
				"tail4": {
					"rotation": [12.5, 0, 0]
				},
				"tail5": {
					"rotation": [-10, 0, 0]
				},
				"tail6": {
					"rotation": [-10, 0, 0]
				},
				"tail_spike": {
					"rotation": [-7.5, 0, 0]
				},
				"thigh_right": {
					"rotation": [-5, 0, 0]
				},
				"leg_right": {
					"rotation": [-25, 0, 0]
				},
				"leg_right2": {
					"rotation": [10, 0, 0]
				},
				"thigh_left": {
					"rotation": [44.89078, 3.53329, -3.54002]
				},
				"leg_left": {
					"rotation": [20, 0, 0]
				}
			}
		},
		"animation.feralspine.walkspeed": {
			"loop": true,
			"bones": {
				"feralspine": {
					"position": [0, 0, "-q.anim_time*90*0.4"]
				}
			}
		}
	}
}