{
 "species": "cobblemon:teraboldore",
 "order": 0,
 "variations": [
   {
     "aspects": [],
     "poser": "cobblemon:teraboldore",
     "model": "cobblemon:teraboldore.geo",
     "texture": "cobblemon:textures/pokemon/teraboldore/teraboldore.png",
     "layers": [
        {
          "name": "emissive",
          "texture": "cobblemon:textures/pokemon/teraboldore/teraboldore_emissive.png",
          "emissive": true
        }
      ]
   },
   {
     "aspects": [
       "shiny"
     ],
     "texture": "cobblemon:textures/pokemon/teraboldore/teraboldore_shiny.png",
      "layers": [
        {
          "name": "emissive",
          "texture": "cobblemon:textures/pokemon/teraboldore/teraboldore_shiny_emissive.png",
          "emissive": true
        }
      ]
   }
 ]
}