{
    "enabled": true,
    "neededInstalledMods": [],
    "neededUninstalledMods": [],
    "spawns": [
        {
            "id": "accelgor-1",
            "pokemon": "accelgor",
            "presets": [
                "natural"
            ],
            "type": "pokemon",
            "context": "surface",
            "bucket": "uncommon",
            "level": "22-45",
            "weight": 0.56,
            "condition": {
                "minSkyLight": 8,
                "maxSkyLight": 15,
                "biomes": [
                    "area_zero_biomes:areazero_swamp"
                ]
            }
        }
    ]
}