{
    "enabled": true,
    "neededInstalledMods": [],
    "neededUninstalledMods": [],
    "spawns": [
        {
            "id": "bagon-1",
            "pokemon": "bagon",
            "presets": [
                "natural"
            ],
            "type": "pokemon",
            "context": "grounded",
            "bucket": "uncommon",
            "level": "20-50",
            "weight": 1.41,
            "condition": {
                "biomes": [
                    "area_zero_biomes:areazero_savana"
                ]
            }
        }
    ]
}