{
    "enabled": true,
    "neededInstalledMods": [],
    "neededUninstalledMods": [],
    "spawns": [
        {
            "id": "barbaracle-1",
            "pokemon": "barbaracle",
            "type": "pokemon",
            "context": "grounded",
            "bucket": "common",
            "level": "39-50",
            "weight": 0.2,
            "condition": {
                "biomes": [
                    "area_zero_biomes:areazero_sunken_waters"
                ]
            }
        },
        {
            "id": "barbaracle-2",
            "pokemon": "barbaracle",
            "presets": [
                "water"
            ],
            "type": "pokemon",
            "context": "seafloor",
            "bucket": "uncommon",
            "level": "39-50",
            "weight": 1.6,
            "condition": {
                "biomes": [
                    "area_zero_biomes:areazero_sunken_waters"
                ]
            }
        }
    ]
}