{
    "enabled": true,
    "neededInstalledMods": [],
    "neededUninstalledMods": [],
    "spawns": [
        {
            "id": "carnivine-1",
            "pokemon": "carnivine",
            "presets": [
                "natural"
            ],
            "type": "pokemon",
            "context": "grounded",
            "bucket": "rare",
            "level": "10-50",
            "weight": 3,
            "condition": {
                "biomes": [
                    "area_zero_biomes:areazero_swamp"
                ]
            }
        }
    ]
}