{
    "enabled": true,
    "neededInstalledMods": [],
    "neededUninstalledMods": [],
    "spawns": [
        {
            "id": "cetitan-1",
            "pokemon": "cetitan",
            "presets": [
                "natural"
            ],
            "type": "pokemon",
            "context": "grounded",
            "bucket": "uncommon",
            "level": "28-52",
            "weight": 0.48,
            "condition": {
                "minSkyLight": 0,
                "maxSkyLight": 7,
                "biomes": [
                    "area_zero_biomes:areazero_ice_caves"
                ]
            }
        },
        {
            "id": "cetitan-2",
            "pokemon": "cetitan",
            "presets": [
                "natural"
            ],
            "type": "pokemon",
            "context": "grounded",
            "bucket": "uncommon",
            "level": "28-52",
            "weight": 0.8,
            "condition": {
                "minSkyLight": 8,
                "maxSkyLight": 15,
                "biomes": [
                    "area_zero_biomes:areazero_tundra"
                ]
            }
        }
    ]
}