{
    "enabled": true,
    "neededInstalledMods": [],
    "neededUninstalledMods": [],
    "spawns": [
        {
            "id": "comfey-1",
            "pokemon": "comfey",
            "presets": [
                "natural"
            ],
            "type": "pokemon",
            "context": "grounded",
            "bucket": "uncommon",
            "level": "20-50",
            "weight": 2.3,
            "condition": {
                "biomes": [
                    "area_zero_biomes:areazero_beach"
                ]
            }
        }
    ]
}