{
    "enabled": true,
    "neededInstalledMods": [],
    "neededUninstalledMods": [],
    "spawns": [
        {
            "id": "cradily-1",
            "pokemon": "cradily",
            "presets": [
                "water"
            ],
            "type": "pokemon",
            "context": "seafloor",
            "bucket": "ultra-rare",
            "level": "40-50",
            "weight": 4.0,
            "condition": {
                "minSkyLight": 0,
                "maxSkyLight": 7,
                "biomes": [
                    "area_zero_biomes:areazero_lush_caves",
                    "area_zero_biomes:areazero_sunken_waters"
                ]
            }
        }
    ]
}