{
    "enabled": true,
    "neededInstalledMods": [],
    "neededUninstalledMods": [],
    "spawns": [
        {
            "id": "cramorant-1",
            "pokemon": "cramorant",
            "presets": [
                "natural"
            ],
            "type": "pokemon",
            "context": "grounded",
            "bucket": "rare",
            "level": "40-70",
            "weight": 0.8,
            "condition": {
                "biomes": [
                    "area_zero_biomes:areazero_beach"
                ]
            }
        }
    ]
}