{
    "enabled": true,
    "neededInstalledMods": [],
    "neededUninstalledMods": [],
    "spawns": [
        {
            "id": "ditto-1",
            "pokemon": "ditto",
            "presets": [
                "natural"
            ],
            "type": "pokemon",
            "context": "grounded",
            "bucket": "rare",
            "level": "4-29",
            "weight": 3.0,
            "condition": {
                "biomes": [
                   "area_zero_biomes:areazero_beach",
                   "area_zero_biomes:areazero_plains",
                   "area_zero_biomes:areazero_savana",
                   "area_zero_biomes:areazero_swamp",
                   "area_zero_biomes:areazero_tundra",
                   "area_zero_biomes:areazero_volcanic_geysers",
                   "area_zero_biomes:areazero_crystal_mines",
                   "area_zero_biomes:areazero_amethyst_caves",
                   "area_zero_biomes:areazero_deep_mines",
                   "area_zero_biomes:areazero_ice_caves",
                   "area_zero_biomes:areazero_lush_caves",
                   "area_zero_biomes:areazero_warm_mines"
                ]
            }
        },
        {
            "id": "ditto-2",
            "pokemon": "ditto",
            "presets": [
                "natural"
            ],
            "type": "pokemon",
            "context": "grounded",
            "bucket": "ultra-rare",
            "level": "4-29",
            "weight": 6.0,
            "condition": {
                "biomes": [
                   "area_zero_biomes:areazero_beach",
                   "area_zero_biomes:areazero_plains",
                   "area_zero_biomes:areazero_savana",
                   "area_zero_biomes:areazero_swamp",
                   "area_zero_biomes:areazero_tundra",
                   "area_zero_biomes:areazero_volcanic_geysers",
                   "area_zero_biomes:areazero_crystal_mines",
                   "area_zero_biomes:areazero_amethyst_caves",
                   "area_zero_biomes:areazero_deep_mines",
                   "area_zero_biomes:areazero_ice_caves",
                   "area_zero_biomes:areazero_lush_caves",
                   "area_zero_biomes:areazero_warm_mines"
                ]
            }
        },
        {
            "id": "ditto-3",
            "pokemon": "ditto",
            "presets": [
                "mansion"
            ],
            "type": "pokemon",
            "context": "grounded",
            "bucket": "uncommon",
            "level": "4-29",
            "weight": 1.0,
            "condition": {
                "biomes": [
                   "area_zero_biomes:areazero_beach",
                   "area_zero_biomes:areazero_plains",
                   "area_zero_biomes:areazero_savana",
                   "area_zero_biomes:areazero_swamp",
                   "area_zero_biomes:areazero_tundra",
                   "area_zero_biomes:areazero_volcanic_geysers"
                ],
                "neededNearbyBlocks": [
                    "#minecraft:smooth_quartz",
                    "#minecraft:iron_trapdoor",
                    "#minecraft:cyan_terracotta"
                ]
            }
        }
    ]
}