{
    "enabled": true,
    "neededInstalledMods": [],
    "neededUninstalledMods": [],
    "spawns": [
        {
            "id": "dreepy-1",
            "pokemon": "dreepy",
            "presets": [
                "natural"
            ],
            "type": "pokemon",
            "context": "grounded",
            "bucket": "ultra-rare",
            "level": "2-27",
            "weight": 6.0,
            "weightMultiplier": {
                "multiplier": 5.0,
                "condition": {
                    "timeRange": "dusk"
                }
            },
            "condition": {
                "minSkyLight": 8,
                "maxSkyLight": 15,
                "biomes": [
                    "area_zero_biomes:areazero_plains"
                ]
            }
        },
        {
            "id": "dreepy-2",
            "pokemon": "dreepy",
            "presets": [
                "water_surface"
            ],
            "type": "pokemon",
            "context": "surface",
            "bucket": "ultra-rare",
            "level": "2-27",
            "weight": 6.0,
            "condition": {
                "minSkyLight": 8,
                "maxSkyLight": 15,
                "biomes": [
                    "area_zero_biomes:areazero_plains"
                ],
                "timeRange": "dusk"
            }
        }
    ]
}
