{
    "enabled": true,
    "neededInstalledMods": [],
    "neededUninstalledMods": [],
    "spawns": [
        {
            "id": "duosion-1",
            "pokemon": "duosion",
            "presets": [
                "natural"
            ],
            "type": "pokemon",
            "context": "grounded",
            "bucket": "rare",
            "level": "20-29",
            "weight": 2.25,
            "condition": {
                "minSkyLight": 8,
                "maxSkyLight": 15,
                "biomes": [
                   "area_zero_biomes:areazero_beach",
                   "area_zero_biomes:areazero_plains",
                   "area_zero_biomes:areazero_savana",
                   "area_zero_biomes:areazero_swamp",
                   "area_zero_biomes:areazero_tundra",
                   "area_zero_biomes:areazero_volcanic_geysers"
                ],
                "neededNearbyBlocks": [
                    "#minecraft:smooth_quartz",
                    "#minecraft:iron_trapdoor",
                    "#minecraft:cyan_terracotta"
                ]
            }
        }
    ]
}