{
    "enabled": true,
    "neededInstalledMods": [],
    "neededUninstalledMods": [],
    "spawns": [
        {
            "id": "feebas-1",
            "pokemon": "feebas",
            "presets": [
                "natural"
            ],
            "type": "pokemon",
            "context": "submerged",
            "bucket": "common",
            "level": "1-20",
            "weight": 5.7,
            "condition": {
                "biomes": [
                    "area_zero_biomes:areazero_sunken_waters"
                ]
            }
        }
    ]
}