{
 "enabled": true,
 "neededInstalledMods": [],
 "neededUninstalledMods": [],
 "spawns": [
   {
     "id": "feralspine-1",
     "pokemon": "feralspine",
     "presets": [ "natural" ],
     "type": "pokemon",
     "context": "grounded",
     "bucket": "ultra-rare",
     "level": "55-70",
     "weight": 2,
     "condition": {
       "canSeeSky": true,
       "biomes": [ "area_zero_biomes:areazero_swamp"]
     }
   },
        {
            "id": "feralspine-2",
            "pokemon": "feralspine",
            "presets": [
                "water"
            ],
            "type": "pokemon",
            "context": "submerged",
            "bucket": "ultra-rare",
            "level": "55-70",
            "weight": 1.5,
            "condition": {
                "biomes": [
                    "area_zero_biomes:areazero_sunken_waters"
                ]
            }
        },
        {
            "id": "feralspine-3",
            "pokemon": "feralspine",
            "presets": [
                "water"
            ],
            "type": "pokemon",
            "context": "surface",
            "bucket": "ultra-rare",
            "level": "55-70",
            "weight": 1.5,
            "condition": {
                "biomes": [
                    "area_zero_biomes:areazero_sunken_waters"
                ]
            }
        }
 ]
}