{
    "enabled": true,
    "neededInstalledMods": [],
    "neededUninstalledMods": [],
    "spawns": [
        {
            "id": "finizen-1",
            "pokemon": "finizen",
            "presets": [
                "water"
            ],
            "type": "pokemon",
            "context": "submerged",
            "bucket": "uncommon",
            "level": "7-32",
            "weight": 5.04,
            "condition": {
                "biomes": [
                    "area_zero_biomes:areazero_sunken_waters"
                ]
            }
        }
    ]
}