{
    "enabled": true,
    "neededInstalledMods": [],
    "neededUninstalledMods": [],
    "spawns": [
        {
            "id": "floatzel-1",
            "pokemon": "floatzel",
            "presets": [
                "natural"
            ],
            "type": "pokemon",
            "context": "grounded",
            "bucket": "common",
            "level": "26-50",
            "weight": 0.2,
            "condition": {
                "biomes": [
                    "area_zero_biomes:areazero_sunken_waters"
                ]
            }
        },
        {
            "id": "floatzel-2",
            "pokemon": "floatzel",
            "presets": [
                "water"
            ],
            "type": "pokemon",
            "context": "submerged",
            "bucket": "common",
            "level": "26-50",
            "weight": 0.2,
            "condition": {
                "biomes": [
                    "area_zero_biomes:areazero_sunken_waters"
                ]
            }
        },
        {
            "id": "floatzel-3",
            "pokemon": "floatzel",
            "presets": [
                "water"
            ],
            "type": "pokemon",
            "context": "surface",
            "bucket": "uncommon",
            "level": "26-50",
            "weight": 0.32,
            "condition": {
                "biomes": [
                    "area_zero_biomes:areazero_sunken_waters"
                ]
            }
        }
    ]
}