{
    "enabled": true,
    "neededInstalledMods": [],
    "neededUninstalledMods": [],
    "spawns": [
        {
            "id": "frillish-1",
            "pokemon": "frillish",
            "presets": [
                "water"
            ],
            "type": "pokemon",
            "context": "submerged",
            "bucket": "common",
            "level": "9-34",
            "weight": 5.4,
            "condition": {
                "biomes": [
                    "area_zero_biomes:areazero_sunken_waters"
                ]
            }
        },
        {
            "id": "frillish-2",
            "pokemon": "frillish",
            "presets": [
                "water"
            ],
            "type": "pokemon",
            "context": "surface",
            "bucket": "uncommon",
            "level": "9-34",
            "weight": 1.68,
            "condition": {
                "biomes": [
                    "area_zero_biomes:areazero_sunken_waters"
                ],
                "timeRange": "day"
            }
        }
    ]
}