{
    "enabled": true,
    "neededInstalledMods": [],
    "neededUninstalledMods": [],
    "spawns": [
        {
            "id": "garganacl-1",
            "pokemon": "garganacl",
            "presets": [
                "natural",
                "wild"
            ],
            "type": "pokemon",
            "context": "grounded",
            "bucket": "common",
            "level": "38-50",
            "weight": 0.06,
            "condition": {
                "minSkyLight": 0,
                "maxSkyLight": 7,
                "biomes": [
                    "area_zero_biomes:areazero_lush_caves"
                ]
            }
        },
        {
            "id": "garganacl-2",
            "pokemon": "garganacl",
            "presets": [
                "natural",
                "wild"
            ],
            "type": "pokemon",
            "context": "grounded",
            "bucket": "common",
            "level": "38-50",
            "weight": 0.06,
            "condition": {
                "minSkyLight": 0,
                "maxSkyLight": 7,
                "biomes": [
                    "area_zero_biomes:areazero_volcanic_geysers"
                ]
            }
        }
    ]
}