{
    "enabled": true,
    "neededInstalledMods": [],
    "neededUninstalledMods": [],
    "spawns": [
        {
            "id": "gengar-1",
            "pokemon": "gengar",
            "presets": [
                "natural"
            ],
            "type": "pokemon",
            "context": "grounded",
            "bucket": "common",
            "level": "36-50",
            "weight": 0.05,
            "condition": {
                "biomes": [
                    "area_zero_biomes:areazero_deep_mines"
                ]
            }
        }
    ]
}