{
    "enabled": true,
    "neededInstalledMods": [],
    "neededUninstalledMods": [],
    "spawns": [
        {
            "id": "golem-1",
            "pokemon": "golem",
            "presets": [
                "natural"
            ],
            "type": "pokemon",
            "context": "grounded",
            "bucket": "common",
            "level": "34-50",
            "weight": 0.05,
            "condition": {
                "minSkyLight": 8,
                "maxSkyLight": 15,
                "biomes": [
                    "area_zero_biomes:areazero_deep_mines"
                ]
            }
        },
        {
            "id": "golem-alolan-2",
            "pokemon": "golem alolan",
            "presets": [
                "natural"
            ],
            "type": "pokemon",
            "context": "grounded",
            "bucket": "common",
            "level": "34-50",
            "weight": 0.05,
            "condition": {
                "biomes": [
                    "area_zero_biomes:areazero_lush_caves"
                ]
            }
        }
    ]
}