{
    "enabled": true,
    "neededInstalledMods": [],
    "neededUninstalledMods": [],
    "spawns": [
        {
            "id": "golett-1",
            "pokemon": "golett",
            "presets": [
                "natural"
            ],
            "type": "pokemon",
            "context": "grounded",
            "bucket": "uncommon",
            "level": "5-30",
            "weight": 8.0,
            "condition": {
                "minSkyLight": 0,
                "maxSkyLight": 7,
                "biomes": [
                   "area_zero_biomes:areazero_beach",
                   "area_zero_biomes:areazero_plains",
                   "area_zero_biomes:areazero_savana",
                   "area_zero_biomes:areazero_swamp",
                   "area_zero_biomes:areazero_tundra",
                   "area_zero_biomes:areazero_volcanic_geysers",
                   "area_zero_biomes:areazero_crystal_mines",
                   "area_zero_biomes:areazero_amethyst_caves",
                   "area_zero_biomes:areazero_deep_mines",
                   "area_zero_biomes:areazero_ice_caves",
                   "area_zero_biomes:areazero_lush_caves",
                   "area_zero_biomes:areazero_warm_mines"
                ],
                "neededNearbyBlocks": [
                    "#minecraft:smooth_quartz",
                    "#minecraft:chisled_quartz"
                ]
            }
        },
        {
            "id": "golett-2",
            "pokemon": "golett",
            "presets": [
                "natural"
            ],
            "type": "pokemon",
            "context": "grounded",
            "bucket": "uncommon",
            "level": "5-30",
            "weight": 8.0,
            "condition": {
                "minSkyLight": 0,
                "maxSkyLight": 7,
                "biomes": [
                   "area_zero_biomes:areazero_beach",
                   "area_zero_biomes:areazero_plains",
                   "area_zero_biomes:areazero_savana",
                   "area_zero_biomes:areazero_swamp",
                   "area_zero_biomes:areazero_tundra",
                   "area_zero_biomes:areazero_volcanic_geysers",
                   "area_zero_biomes:areazero_crystal_mines",
                   "area_zero_biomes:areazero_amethyst_caves",
                   "area_zero_biomes:areazero_deep_mines",
                   "area_zero_biomes:areazero_ice_caves",
                   "area_zero_biomes:areazero_lush_caves",
                   "area_zero_biomes:areazero_warm_mines"
                ],
                "neededNearbyBlocks": [
                    "#minecraft:stone_bricks",
                    "#minecraft:mossy_stone_bricks"
                ]
            }
        },
        {
            "id": "golett-3",
            "pokemon": "golett",
            "presets": [
                "natural"
            ],
            "type": "pokemon",
            "context": "grounded",
            "bucket": "uncommon",
            "level": "5-30",
            "weight": 8.0,
            "condition": {
                "minSkyLight": 0,
                "maxSkyLight": 7,
                "biomes": [
                   "area_zero_biomes:areazero_beach",
                   "area_zero_biomes:areazero_plains",
                   "area_zero_biomes:areazero_savana",
                   "area_zero_biomes:areazero_swamp",
                   "area_zero_biomes:areazero_tundra",
                   "area_zero_biomes:areazero_volcanic_geysers",
                   "area_zero_biomes:areazero_crystal_mines",
                   "area_zero_biomes:areazero_amethyst_caves",
                   "area_zero_biomes:areazero_deep_mines",
                   "area_zero_biomes:areazero_ice_caves",
                   "area_zero_biomes:areazero_lush_caves",
                   "area_zero_biomes:areazero_warm_mines"
                ],
                "neededNearbyBlocks": [
                    "#minecraft:light_gray_concrete",
                    "#minecraft:andesite"
                ]
            }
        }
    ]
}