{
    "enabled": true,
    "neededInstalledMods": [],
    "neededUninstalledMods": [],
    "spawns": [
        {
            "id": "grubbin-1",
            "pokemon": "grubbin",
            "presets": [
                "natural"
            ],
            "type": "pokemon",
            "context": "grounded",
            "bucket": "uncommon",
            "level": "10-26",
            "weight": 2,
            "condition": {
                "biomes": [
                    "area_zero_biomes:areazero_plains"
                ]
            }
        }
    ]
}