{
    "enabled": true,
    "neededInstalledMods": [],
    "neededUninstalledMods": [],
    "spawns": [
        {
            "id": "hakamoo-1",
            "pokemon": "hakamoo",
            "presets": [
                "natural",
                "wild"
            ],
            "type": "pokemon",
            "context": "grounded",
            "bucket": "ultra-rare",
            "level": "35-42",
            "weight": 3.6,
            "condition": {
                "biomes": [
                    "area_zero_biomes:areazero_volcanic_geysers"
                ]
            }
        },
        {
            "id": "hakamoo-2",
            "pokemon": "hakamoo",
            "presets": [
                "natural",
                "wild"
            ],
            "type": "pokemon",
            "context": "grounded",
            "bucket": "rare",
            "level": "35-42",
            "weight": 2.25,
            "condition": {
                "biomes": [
                    "area_zero_biomes:areazero_volcanic_geysers"
                ]
            }
        }
    ]
}