{
    "enabled": true,
    "neededInstalledMods": [],
    "neededUninstalledMods": [],
    "spawns": [
        {
            "id": "honchkrow-1",
            "pokemon": "honchkrow",
            "presets": [
                "natural",
                "treetop"
            ],
            "type": "pokemon",
            "context": "grounded",
            "bucket": "common",
            "level": "36-51",
            "weight": 0.5,
            "condition": {
                "minSkyLight": 8,
                "maxSkyLight": 15,
                "timeRange": "night",
                "biomes": [
                    "area_zero_biomes:areazero_plains"
                ]
            }
        }
    ]
}