{
    "enabled": true,
    "neededInstalledMods": [],
    "neededUninstalledMods": [],
    "spawns": [
        {
            "id": "irontropic-1",
            "pokemon": "irontropic",
            "presets": [
                "natural"
            ],
            "type": "pokemon",
            "context": "grounded",
            "bucket": "ultra-rare",
            "level": "70",
            "weight": 1,
            "condition": {
                "biomes": [
                    "area_zero_biomes:areazero_beach"
                ]
            }
        }
    ]
}