{
 "enabled": true,
 "neededInstalledMods": [],
 "neededUninstalledMods": [],
 "spawns": [
   {
     "id": "ironabyss-1",
     "pokemon": "ironabyss",
     "presets": [ "natural" ],
     "type": "pokemon",
     "context": "grounded",
     "bucket": "ultra-rare",
     "level": "55-70",
     "weight": 1.5,
     "condition": {
       "canSeeSky": false,
       "biomes": [ "area_zero_biomes:areazero_crystal_mines" ]
     }
   },
   {
     "id": "ironabyss-2",
     "pokemon": "ironabyss",
     "presets": [ "natural" ],
     "type": "pokemon",
     "context": "grounded",
     "bucket": "ultra-rare",
     "level": "55-70",
     "weight": 1.5,
     "weightMultiplier": {
       "multiplier": 1.5,
       "condition": {
         "moonPhase": 5
       }
     },
     "condition": {
       "timeRange": "13188-22812",
       "biomes": [ "area_zero_biomes:areazero_beach",
                   "area_zero_biomes:areazero_plains",
                   "area_zero_biomes:areazero_savana",
                   "area_zero_biomes:areazero_swamp",
                   "area_zero_biomes:areazero_tundra",
                   "area_zero_biomes:areazero_volcanic_geysers"]
     }
   }
 ]
}