{
 "enabled": true,
 "neededInstalledMods": [],
 "neededUninstalledMods": [],
 "spawns": [
   {
     "id": "ironaquariam-1",
     "pokemon": "ironaquariam",
     "presets": [ "natural" ],
     "type": "pokemon",
     "context": "grounded",
     "bucket": "ultra-rare",
     "level": "55-70",
     "weight": 1.1,
     "condition": {
       "biomes": [ "area_zero_biomes:areazero_sunken_waters"]
     }
   },
   {
     "id": "ironaquariam-1",
     "pokemon": "ironaquariam",
     "presets": [ "water" ],
     "type": "pokemon",
     "context": "submerged",
     "bucket": "ultra-rare",
     "level": "55-70",
     "weight": 1.1,
     "condition": {
       "biomes": [ "area_zero_biomes:areazero_sunken_waters"]
     }
   }
 ]
}