{
    "enabled": true,
    "neededInstalledMods": [],
    "neededUninstalledMods": [],
    "spawns": [
        {
            "id": "ironmoth-1",
            "pokemon": "ironmoth",
            "presets": [
                "natural"
            ],
            "type": "pokemon",
            "context": "grounded",
            "bucket": "rare",
            "level": "60",
            "weight": 1.1,
            "condition": {
                "biomes": [
                    "area_zero_biomes:areazero_lush_caves",
                    "area_zero_biomes:areazero_beach",
                    "area_zero_biomes:areazero_plains",
                    "area_zero_biomes:areazero_savana",
                    "area_zero_biomes:areazero_swamp",
                    "area_zero_biomes:areazero_tundra",
                    "area_zero_biomes:areazero_volcanic_geysers"
                ]
            }
        }
    ]
}