{
    "enabled": true,
    "neededInstalledMods": [],
    "neededUninstalledMods": [],
    "spawns": [
        {
            "id": "jangmoo-1",
            "pokemon": "jangmoo",
            "presets": [
                "natural",
                "wild"
            ],
            "type": "pokemon",
            "context": "grounded",
            "bucket": "ultra-rare",
            "level": "5-30",
            "weight": 6.0,
            "condition": {
                "biomes": [
                    "area_zero_biomes:areazero_volcanic_geysers"
                ]
            }
        },
        {
            "id": "jangmoo-2",
            "pokemon": "jangmoo",
            "presets": [
                "natural",
                "wild"
            ],
            "type": "pokemon",
            "context": "grounded",
            "bucket": "rare",
            "level": "5-30",
            "weight": 7.5,
            "condition": {
                "biomes": [
                    "area_zero_biomes:areazero_volcanic_geysers"
                ]
            }
        }
    ]
}