{
    "enabled": true,
    "neededInstalledMods": [],
    "neededUninstalledMods": [],
    "spawns": [
        {
            "id": "jellicent-1",
            "pokemon": "jellicent",
            "presets": [
                "water"
            ],
            "type": "pokemon",
            "context": "submerged",
            "bucket": "common",
            "level": "40-48",
            "weight": 0.6,
            "condition": {
                "biomes": [
                    "area_zero_biomes:areazero_sunken_waters"
                ]
            }
        },
        {
            "id": "jellicent-2",
            "pokemon": "jellicent",
            "presets": [
                "water"
            ],
            "type": "pokemon",
            "context": "surface",
            "bucket": "uncommon",
            "level": "40-48",
            "weight": 0.32,
            "condition": {
                "biomes": [
                    "area_zero_biomes:areazero_sunken_waters"
                ],
                "timeRange": "day"
            }
        }
    ]
}