{
    "enabled": true,
    "neededInstalledMods": [],
    "neededUninstalledMods": [],
    "spawns": [
        {
            "id": "karrablast-1",
            "pokemon": "karrablast",
            "presets": [
                "natural"
            ],
            "type": "pokemon",
            "context": "surface",
            "bucket": "uncommon",
            "level": "2-27",
            "weight": 5.04,
            "condition": {
                "minSkyLight": 8,
                "maxSkyLight": 15,
                "biomes": [
                    "area_zero_biomes:areazero_swamp"
                ]
            }
        }
    ]
}