{
    "enabled": true,
    "neededInstalledMods": [],
    "neededUninstalledMods": [],
    "spawns": [
        {
            "id": "litwick-1",
            "pokemon": "litwick",
            "presets": [
                "natural"
            ],
            "type": "pokemon",
            "context": "grounded",
            "bucket": "common",
            "level": "10-30",
            "weight": 1,
            "condition": {
                "biomes": [
                    "area_zero_biomes:areazero_swamp"
                ]
            }
        }
    ]
}