{
    "enabled": true,
    "neededInstalledMods": [],
    "neededUninstalledMods": [],
    "spawns": [
        {
            "id": "masquerain-1",
            "pokemon": "masquerain",
            "presets": [
                "water"
            ],
            "type": "pokemon",
            "context": "surface",
            "bucket": "uncommon",
            "level": "22-45",
            "weight": 0.96,
            "condition": {
                "minSkyLight": 8,
                "maxSkyLight": 15,
                "biomes": [
                    "area_zero_biomes:areazero_swamp"
                ],
                "isRaining": false
            }
        },
        {
            "id": "masquerain-2",
            "pokemon": "masquerain",
            "presets": [
                "water"
            ],
            "type": "pokemon",
            "context": "surface",
            "bucket": "uncommon",
            "level": "22-45",
            "weight": 0.96,
            "condition": {
                "minSkyLight": 8,
                "maxSkyLight": 15,
                "biomes": [
                    "area_zero_biomes:areazero_sunken_waters"
                ],
                "isRaining": false
            }
        }
    ]
}