{
 "enabled": true,
 "neededInstalledMods": [],
 "neededUninstalledMods": [],
 "spawns": [
   {
     "id": "mewtwo-1",
     "pokemon": "mewtwo",
     "presets": [ "natural" ],
     "type": "pokemon",
     "context": "grounded",
     "bucket": "ultra-rare",
     "level": "55-75",
     "weight": 0.7,
     "condition": {
       "biomes": [  
                   "area_zero_biomes:areazero_beach",
                   "area_zero_biomes:areazero_plains",
                   "area_zero_biomes:areazero_savana",
                   "area_zero_biomes:areazero_swamp",
                   "area_zero_biomes:areazero_tundra",
                   "area_zero_biomes:areazero_volcanic_geysers"
       ],
       "neededNearbyBlocks": [
           "#minecraft:smooth_quartz",
           "#minecraft:iron_trapdoor",
           "#minecraft:cyan_terracotta"
       ]
     }
   }
 ]
}