{
    "enabled": true,
    "neededInstalledMods": [],
    "neededUninstalledMods": [],
    "spawns": [
        {
            "id": "milotic-1",
            "pokemon": "milotic",
            "presets": [
                "natural"
            ],
            "type": "pokemon",
            "context": "submerged",
            "bucket": "common",
            "level": "15-54",
            "weight": 0.3,
            "condition": {
                "biomes": [
                    "area_zero_biomes:areazero_sunken_waters"
                ]
            }
        }
    ]
}