{
    "enabled": true,
    "neededInstalledMods": [],
    "neededUninstalledMods": [],
    "spawns": [
        {
            "id": "morelull-1",
            "pokemon": "morelull",
            "presets": [
                "natural"
            ],
            "type": "pokemon",
            "context": "grounded",
            "bucket": "common",
            "level": "4-29",
            "weight": 1.8,
            "condition": {
                "biomes": [
                    "area_zero_biomes:areazero_amethyst_caves"
                ]
            }
        },
        {
            "id": "morelull-2",
            "pokemon": "morelull",
            "presets": [
                "natural"
            ],
            "type": "pokemon",
            "context": "grounded",
            "bucket": "common",
            "level": "4-29",
            "weight": 1.8,
            "condition": {
                "biomes": [
                    "area_zero_biomes:areazero_lush_caves"
                ]
            }
        }
    ]
}