{
    "enabled": true,
    "neededInstalledMods": [],
    "neededUninstalledMods": [],
    "spawns": [
        {
            "id": "mr_mime_g-1",
            "pokemon": "mr_mime_g",
            "presets": [
                "natural"
            ],
            "type": "pokemon",
            "context": "grounded",
            "bucket": "uncommon",
            "level": "20-50",
            "weight": 1.77,
            "condition": {
                "biomes": [
                    "area_zero_biomes:areazero_tundra"
                ]
            }
        }
    ]
}