{
    "enabled": true,
    "neededInstalledMods": [],
    "neededUninstalledMods": [],
    "spawns": [
        {
            "id": "onix-1",
            "pokemon": "onix",
            "presets": [
                "natural"
            ],
            "type": "pokemon",
            "context": "grounded",
            "bucket": "uncommon",
            "level": "14-39",
            "weight": 4.52,
            "condition": {
                "minSkyLight": 0,
                "maxSkyLight": 7,
                "biomes": [
                    "area_zero_biomes:areazero_amethyst_caves",
                    "area_zero_biomes:areazero_crystal_mines",
                    "area_zero_biomes:areazero_deep_mines",
                    "area_zero_biomes:areazero_ice_caves",
                    "area_zero_biomes:areazero_lush_caves",
                    "area_zero_biomes:areazero_warm_mines",
                    "area_zero_biomes:areazero_sunken_waters"
                ]
            }
        }
    ]
}