{
    "enabled": true,
    "neededInstalledMods": [],
    "neededUninstalledMods": [],
    "spawns": [
        {
            "id": "poliwhirl-1",
            "pokemon": "poliwhirl",
            "presets": [
                "natural"
            ],
            "type": "pokemon",
            "context": "grounded",
            "bucket": "common",
            "level": "25-39",
            "weight": 0.95,
            "condition": {
                "minSkyLight": 8,
                "maxSkyLight": 15,
                "biomes": [
                    "area_zero_biomes:areazero_sunken_waters"
                ],
                "isRaining": true
            }
        },
        {
            "id": "poliwhirl-2",
            "pokemon": "poliwhirl",
            "presets": [
                "water"
            ],
            "type": "pokemon",
            "context": "submerged",
            "bucket": "common",
            "level": "25-39",
            "weight": 0.95,
            "condition": {
                "canSeeSky": true,
                "biomes": [
                    "area_zero_biomes:areazero_sunken_waters"
                ],
                "neededNearbyBlocks": [
                    "minecraft:lily_pad"
                ]
            }
        }
    ]
}