{
    "enabled": true,
    "neededInstalledMods": [],
    "neededUninstalledMods": [],
    "spawns": [
        {
            "id": "porygon-1",
            "pokemon": "porygon",
            "type": "pokemon",
            "context": "grounded",
            "bucket": "uncommon",
            "level": "15-40",
            "weight": 2.2,
            "condition": {
                "biomes": [
                   "area_zero_biomes:areazero_beach",
                   "area_zero_biomes:areazero_plains",
                   "area_zero_biomes:areazero_savana",
                   "area_zero_biomes:areazero_swamp",
                   "area_zero_biomes:areazero_tundra",
                   "area_zero_biomes:areazero_volcanic_geysers"
                ]
            }
        }
    ]
}