{
    "enabled": true,
    "neededInstalledMods": [],
    "neededUninstalledMods": [],
    "spawns": [
        {
            "id": "roaringmoon-1",
            "pokemon": "roaringmoon",
            "presets": [
                "natural"
            ],
            "type": "pokemon",
            "context": "grounded",
            "bucket": "rare",
            "level": "60",
            "weight": 1.1,
            "condition": {
                "biomes": [
                    "area_zero_biomes:areazero_savana"
                ]
            }
        },
        {
            "id": "roaringmoon-2",
            "pokemon": "roaringmoon",
            "presets": [
                "natural"
            ],
            "type": "pokemon",
            "context": "grounded",
            "bucket": "rare",
            "level": "60",
            "weight": 1.1,
            "condition": {
                "timeRange": "13188-22812",
                "biomes": [
                   "area_zero_biomes:areazero_beach",
                   "area_zero_biomes:areazero_plains",
                   "area_zero_biomes:areazero_savana",
                   "area_zero_biomes:areazero_swamp",
                   "area_zero_biomes:areazero_tundra",
                   "area_zero_biomes:areazero_volcanic_geysers"
                ]
            }
        }
    ]
}