{
    "enabled": true,
    "neededInstalledMods": [],
    "neededUninstalledMods": [],
    "spawns": [
        {
            "id": "rotom-1",
            "pokemon": "rotom",
            "presets": [
                "natural"
            ],
            "type": "pokemon",
            "context": "grounded",
            "bucket": "uncommon",
            "level": "25-30",
            "weight": 6.0,
            "condition": {
                "biomes": [
                   "area_zero_biomes:areazero_beach",
                   "area_zero_biomes:areazero_plains",
                   "area_zero_biomes:areazero_savana",
                   "area_zero_biomes:areazero_swamp",
                   "area_zero_biomes:areazero_tundra",
                   "area_zero_biomes:areazero_volcanic_geysers"
                ],
                "neededNearbyBlocks": [
                    "#minecraft:smooth_quartz",
                    "#minecraft:iron_trapdoor",
                    "#minecraft:cyan_terracotta"
                ]
            }
        },
        {
            "id": "rotom-heat-2",
            "pokemon": "rotom heat",
            "presets": [
                "natural"
            ],
            "type": "pokemon",
            "context": "grounded",
            "bucket": "uncommon",
            "level": "25-30",
            "weight": 3.0,
            "condition": {
                "biomes": [
                   "area_zero_biomes:areazero_savana",
                   "area_zero_biomes:areazero_volcanic_geysers"
                ],
                "neededNearbyBlocks": [
                    "#minecraft:smooth_quartz",
                    "#minecraft:iron_trapdoor",
                    "#minecraft:cyan_terracotta"
                ]
            }
        },
        {
            "id": "rotom-wash-3",
            "pokemon": "rotom wash",
            "presets": [
                "natural"
            ],
            "type": "pokemon",
            "context": "grounded",
            "bucket": "uncommon",
            "level": "25-30",
            "weight": 3.0,
            "condition": {
                "biomes": [
                   "area_zero_biomes:areazero_beach",
                   "area_zero_biomes:areazero_swamp"
                ],
                "neededNearbyBlocks": [
                    "#minecraft:smooth_quartz",
                    "#minecraft:iron_trapdoor",
                    "#minecraft:cyan_terracotta"
                ]
            }
        },
        {
            "id": "rotom-frost-4",
            "pokemon": "rotom frost",
            "presets": [
                "natural"
            ],
            "type": "pokemon",
            "context": "grounded",
            "bucket": "uncommon",
            "level": "25-30",
            "weight": 3.0,
            "condition": {
                "biomes": [
                   
                   "area_zero_biomes:areazero_tundra"
                ],
                "neededNearbyBlocks": [
                    "#minecraft:smooth_quartz",
                    "#minecraft:iron_trapdoor",
                    "#minecraft:cyan_terracotta"
                ]
            }
        },
        {
            "id": "rotom-fan-5",
            "pokemon": "rotom fan",
            "presets": [
                "natural"
            ],
            "type": "pokemon",
            "context": "grounded",
            "bucket": "uncommon",
            "level": "25-30",
            "weight": 3.0,
            "condition": {
                "biomes": [
                   "area_zero_biomes:areazero_beach",
                   "area_zero_biomes:areazero_plains",
                   "area_zero_biomes:areazero_savana",
                   "area_zero_biomes:areazero_volcanic_geysers"
                ],
                "neededNearbyBlocks": [
                    "#minecraft:smooth_quartz",
                    "#minecraft:iron_trapdoor",
                    "#minecraft:cyan_terracotta"
                ]
            }
        },
        {
            "id": "rotom-mow-6",
            "pokemon": "rotom",
            "presets": [
                "natural"
            ],
            "type": "pokemon",
            "context": "grounded",
            "bucket": "uncommon",
            "level": "25-30",
            "weight": 3.0,
            "condition": {
                "biomes": [
                   "area_zero_biomes:areazero_plains",
                   "area_zero_biomes:areazero_swamp"
                ],
                "neededNearbyBlocks": [
                    "#minecraft:smooth_quartz",
                    "#minecraft:iron_trapdoor",
                    "#minecraft:cyan_terracotta"
                ]
            }
        }
    ]
}