{
    "enabled": true,
    "neededInstalledMods": [],
    "neededUninstalledMods": [],
    "spawns": [
        {
            "id": "sableye-1",
            "pokemon": "sableye",
            "presets": [
                "natural"
            ],
            "type": "pokemon",
            "context": "grounded",
            "bucket": "common",
            "level": "13-38",
            "weight": 1.0,
            "condition": {
                "minSkyLight": 0,
                "maxSkyLight": 7,
                "biomes": [
                    "area_zero_biomes:areazero_amethyst_caves"
                ]
            }
        },
        {
            "id": "sableye-2",
            "pokemon": "sableye",
            "presets": [
                "natural"
            ],
            "type": "pokemon",
            "context": "grounded",
            "bucket": "common",
            "level": "13-38",
            "weight": 1.0,
            "condition": {
                "minSkyLight": 0,
                "maxSkyLight": 7,
                "biomes": [
                    "area_zero_biomes:areazero_crystal_mines"
                ]
            }
        }
    ]
}