{
    "enabled": true,
    "neededInstalledMods": [],
    "neededUninstalledMods": [],
    "spawns": [
        {
            "id": "shellder-1",
            "pokemon": "shellder",
            "presets": [
                "natural"
            ],
            "type": "pokemon",
            "context": "grounded",
            "bucket": "common",
            "level": "10-30",
            "weight": 3,
            "condition": {
                "biomes": [
                    "area_zero_biomes:areazero_beach"
                ]
            }
        }
    ]
}