{
    "enabled": true,
    "neededInstalledMods": [],
    "neededUninstalledMods": [],
    "spawns": [
        {
            "id": "sinistea-1",
            "pokemon": "sinistea",
            "presets": [
                "natural"
            ],
            "type": "pokemon",
            "context": "grounded",
            "bucket": "uncommon",
            "level": "5-30",
            "weight": 8.0,
            "condition": {
                "biomes": [
                   "area_zero_biomes:areazero_beach",
                   "area_zero_biomes:areazero_plains",
                   "area_zero_biomes:areazero_savana",
                   "area_zero_biomes:areazero_swamp",
                   "area_zero_biomes:areazero_tundra",
                   "area_zero_biomes:areazero_volcanic_geysers",
                   "area_zero_biomes:areazero_crystal_mines",
                   "area_zero_biomes:areazero_amethyst_caves",
                   "area_zero_biomes:areazero_deep_mines",
                   "area_zero_biomes:areazero_ice_caves",
                   "area_zero_biomes:areazero_lush_caves",
                   "area_zero_biomes:areazero_warm_mines"
                ],
                "neededNearbyBlocks": [
                    "#minecraft:spruce_slab",
                    "#minecraft:jungle_planks"
                ]
            }
        },
        {
            "id": "sinistea-2",
            "pokemon": "sinistea",
            "presets": [
                "natural"
            ],
            "type": "pokemon",
            "context": "grounded",
            "bucket": "uncommon",
            "level": "5-30",
            "weight": 8.0,
            "condition": {
                "biomes": [
                   "area_zero_biomes:areazero_beach",
                   "area_zero_biomes:areazero_plains",
                   "area_zero_biomes:areazero_savana",
                   "area_zero_biomes:areazero_swamp",
                   "area_zero_biomes:areazero_tundra",
                   "area_zero_biomes:areazero_volcanic_geysers",
                   "area_zero_biomes:areazero_crystal_mines",
                   "area_zero_biomes:areazero_amethyst_caves",
                   "area_zero_biomes:areazero_deep_mines",
                   "area_zero_biomes:areazero_ice_caves",
                   "area_zero_biomes:areazero_lush_caves",
                   "area_zero_biomes:areazero_warm_mines"
                ],
                "neededNearbyBlocks": [
                    "#minecraft:smooth_quartz",
                    "#minecraft:iron_trapdoor",
                    "#minecraft:cyan_terracotta"
                ]
            }
        }
    ]
}