{
    "enabled": true,
    "neededInstalledMods": [],
    "neededUninstalledMods": [],
    "spawns": [
        {
            "id": "slitherwing-1",
            "pokemon": "slitherwing",
            "presets": [
                "natural"
            ],
            "type": "pokemon",
            "context": "grounded",
            "bucket": "rare",
            "level": "60",
            "weight": 1.1,
            "condition": {
                "biomes": [
                    "area_zero_biomes:areazero_savana",
                    "area_zero_biomes:areazero_plains"
                ]
            }
        }
    ]
}