{
    "enabled": true,
    "neededInstalledMods": [],
    "neededUninstalledMods": [],
    "spawns": [
        {
            "id": "slowking-galarian-1",
            "pokemon": "slowking galarian",
            "presets": [
                "natural"
            ],
            "type": "pokemon",
            "context": "grounded",
            "bucket": "common",
            "level": "37-49",
            "weight": 0.15,
            "condition": {
                "minSkyLight": 8,
                "maxSkyLight": 15,
                "biomes": [
                    "area_zero_biomes:areazero_swamp"
                ],
                "neededNearbyBlocks": [
                    "#minecraft:water"
                ]
            }
        }
    ]
}