{
    "enabled": true,
    "neededInstalledMods": [],
    "neededUninstalledMods": [],
    "spawns": [
        {
            "id": "slugma-1",
            "pokemon": "slugma",
            "presets": [
                "natural"
            ],
            "type": "pokemon",
            "context": "grounded",
            "bucket": "common",
            "level": "1-25",
            "weight": 5.4,
            "condition": {
                "biomes": [
                    "area_zero_biomes:areazero_volcanic_geysers"
                ]
            }
        },
        {
            "id": "slugma-2",
            "pokemon": "slugma",
            "presets": [
                "lava"
            ],
            "type": "pokemon",
            "context": "surface",
            "bucket": "common",
            "level": "1-25",
            "weight": 9.0,
            "condition": {
                "biomes": [
                    "area_zero_biomes:areazero_volcanic_geysers"
                ]
            }
        },
        {
            "id": "slugma-3",
            "pokemon": "slugma",
            "presets": [
                "natural"
            ],
            "type": "pokemon",
            "context": "grounded",
            "bucket": "common",
            "level": "1-25",
            "weight": 5.4,
            "condition": {
                "biomes": [
                    "area_zero_biomes:areazero_warm_mines"
                ]
            }
        }
    ]
}