{
    "enabled": true,
    "neededInstalledMods": [],
    "neededUninstalledMods": [],
    "spawns": [
        {
            "id": "snover-1",
            "pokemon": "snover",
            "presets": [
                "natural"
            ],
            "type": "pokemon",
            "context": "grounded",
            "bucket": "uncommon",
            "level": "20-50",
            "weight": 2.99,
            "condition": {
                "biomes": [
                    "area_zero_biomes:areazero_tundra"
                ]
            }
        }
    ]
}