{
    "enabled": true,
    "neededInstalledMods": [],
    "neededUninstalledMods": [],
    "spawns": [
        {
            "id": "spewpa-1",
            "pokemon": "spewpa",
            "presets": [
                "natural",
                "foliage"
            ],
            "type": "pokemon",
            "context": "grounded",
            "bucket": "common",
            "level": "9-21",
            "weight": 3.0,
            "condition": {
                "minSkyLight": 8,
                "maxSkyLight": 15,
                "biomes": [
                    "area_zero_biomes:areazero_plains"
                ]
            }
        }
    ]
}