{
    "enabled": true,
    "neededInstalledMods": [],
    "neededUninstalledMods": [],
    "spawns": [
        {
            "id": "swablu-1",
            "pokemon": "swablu",
            "presets": [
                "natural"
            ],
            "type": "pokemon",
            "context": "surface",
            "bucket": "rare",
            "level": "5-30",
            "weight": 7.5,
            "condition": {
                "minSkyLight": 0,
                "maxSkyLight": 7,
                "biomes": [
                    "area_zero_biomes:areazero_plains"
                ]
            }
        }
    ]
}