{
    "enabled": true,
    "neededInstalledMods": [],
    "neededUninstalledMods": [],
    "spawns": [
        {
            "id": "tandemaus-1",
            "pokemon": "tandemaus",
            "presets": [
                "natural"
            ],
            "type": "pokemon",
            "context": "grounded",
            "bucket": "uncommon",
            "level": "11-34",
            "weight": 1.3,
            "condition": {
                "biomes": [
                    "area_zero_biomes:areazero_plains"
                ]
            }
        }
    ]
}