{
    "enabled": true,
    "neededInstalledMods": [],
    "neededUninstalledMods": [],
    "spawns": [
        {
            "id": "teddiursa-1",
            "pokemon": "teddiursa",
            "presets": [
                "natural"
            ],
            "type": "pokemon",
            "context": "grounded",
            "bucket": "rare",
            "level": "40-70",
            "weight": 3.45,
            "condition": {
                "biomes": [
                    "area_zero_biomes:areazero_tundra"
                ]
            }
        }
    ]
}