{
 "enabled": true,
 "neededInstalledMods": [],
 "neededUninstalledMods": [],
 "spawns": [
   {
     "id": "teraboldore-1",
     "pokemon": "teraboldore",
     "presets": [ "natural" ],
     "type": "pokemon",
     "context": "grounded",
     "bucket": "common",
     "level": "25-39",
     "weight": 0.95,
     "condition": {
       "biomes": [ "area_zero_biomes:areazero_tundra" ]
     }
   },
   {
     "id": "teraboldore-2",
     "pokemon": "teraboldore",
     "presets": [ "natural" ],
     "type": "pokemon",
     "context": "grounded",
     "bucket": "uncommon",
     "level": "35-45",
     "weight": 1.52,
     "condition": {
       "biomes": [ "area_zero_biomes:areazero_tundra" ]
     }
   },
   {
     "id": "teraboldore-3",
     "pokemon": "teraboldore",
     "presets": [ "natural" ],
     "type": "pokemon",
     "context": "grounded",
     "bucket": "common",
     "level": "25-39",
     "weight": 0.95,
     "condition": {
       "biomes": [ "area_zero_biomes:areazero_ice_caves" ]
     }
   },
   {
     "id": "teraboldore-4",
     "pokemon": "teraboldore",
     "presets": [ "natural" ],
     "type": "pokemon",
     "context": "grounded",
     "bucket": "uncommon",
     "level": "35-45",
     "weight": 1.52,
     "condition": {
       "biomes": [ "area_zero_biomes:areazero_ice_caves" ]
     }
   }
 ]
}