{
    "enabled": true,
    "neededInstalledMods": [],
    "neededUninstalledMods": [],
    "spawns": [
        {
            "id": "teracorsola-1",
            "pokemon": "teracorsola",
            "presets": [
                "underwater"
            ],
            "type": "pokemon",
            "context": "seafloor",
            "bucket": "uncommon",
            "level": "16-41",
            "weight": 9.0,
            "condition": {
                "canSeeSky": true,
                "biomes": [
                    "area_zero_biomes:areazero_sunken_waters"
                ]
            }
        },
        {
            "id": "teracorsola-2",
            "pokemon": "teracorsola",
            "presets": [
                "natural"
            ],
            "type": "pokemon",
            "context": "grounded",
            "bucket": "uncommon",
            "level": "16-41",
            "weight": 9.0,
            "condition": {
                "canSeeSky": true,
                "biomes": [
                    "area_zero_biomes:areazero_beach"
                ]
            }
        }
    ]
}
