{
 "enabled": true,
 "neededInstalledMods": [],
 "neededUninstalledMods": [],
 "spawns": [
   {
     "id": "teraroggenrola-1",
     "pokemon": "teraroggenrola",
     "presets": [ "natural" ],
     "type": "pokemon",
     "context": "grounded",
     "bucket": "common",
     "level": "3-28",
     "weight": 9.0,
     "condition": {
       "biomes": [ "area_zero_biomes:areazero_tundra" ]
     }
   },
   {
     "id": "teraroggenrola-2",
     "pokemon": "teraroggenrola",
     "presets": [ "natural" ],
     "type": "pokemon",
     "context": "grounded",
     "bucket": "common",
     "level": "3-28",
     "weight": 9.0,
     "condition": {
       "biomes": [ "area_zero_biomes:areazero_ice_caves" ]
     }
   }
 ]
}