{
    "enabled": true,
    "neededInstalledMods": [],
    "neededUninstalledMods": [],
    "spawns": [
        {
            "id": "trubbish-1",
            "pokemon": "trubbish",
            "presets": [
                "natural"
            ],
            "type": "pokemon",
            "context": "grounded",
            "bucket": "common",
            "level": "5-30",
            "weight": 6.0,
            "condition": {
                "biomes": [
                   "area_zero_biomes:areazero_beach",
                   "area_zero_biomes:areazero_plains",
                   "area_zero_biomes:areazero_savana",
                   "area_zero_biomes:areazero_swamp",
                   "area_zero_biomes:areazero_tundra",
                   "area_zero_biomes:areazero_volcanic_geysers"
                ],
                "neededNearbyBlocks": [
                    "#minecraft:smooth_quartz",
                    "#minecraft:iron_trapdoor",
                    "#minecraft:cyan_terracotta"
                ]
            }
        }
    ]
}