{
    "enabled": true,
    "neededInstalledMods": [],
    "neededUninstalledMods": [],
    "spawns": [
        {
            "id": "tynamo-1",
            "pokemon": "tynamo",
            "presets": [
                "water"
            ],
            "type": "pokemon",
            "context": "submerged",
            "bucket": "common",
            "level": "5-30",
            "weight": 9.0,
            "condition": {
                "canSeeSky": true,
                "biomes": [
                    "area_zero_biomes:areazero_sunken_waters"
                ],
                "neededNearbyBlocks": [
                    "minecraft:lily_pad"
                ]
            }
        }
    ]
}