{
    "enabled": true,
    "neededInstalledMods": [],
    "neededUninstalledMods": [],
    "spawns": [
        {
            "id": "weezing-galarian-1",
            "pokemon": "weezing galarian",
            "presets": [
                "natural",
                "urban"
            ],
            "type": "pokemon",
            "context": "grounded",
            "bucket": "common",
            "level": "35-49",
            "weight": 0.2,
            "weightMultiplier": {
                "multiplier": 5.0,
                "condition": {
                    "timeRange": "night"
                }
            },
            "condition": {
                "biomes": [
                    "area_zero_biomes:areazero_volcanic_geysers"
                ]
            }
        }
    ]
}