{
    "enabled": true,
    "neededInstalledMods": [],
    "neededUninstalledMods": [],
    "spawns": [
        {
            "id": "wishiwashi-1",
            "pokemon": "wishiwashi",
            "presets": [
                "water"
            ],
            "type": "pokemon",
            "context": "submerged",
            "bucket": "common",
            "level": "1-18",
            "weight": 5.0,
            "condition": {
                "biomes": [
                    "area_zero_biomes:areazero_sunken_waters"
                ]
            }
        }
    ]
}