{
    "enabled": true,
    "neededInstalledMods": [],
    "neededUninstalledMods": [],
    "spawns": [
        {
            "id": "wooloo-1",
            "pokemon": "wooloo",
            "presets": [
                "natural"
            ],
            "type": "pokemon",
            "context": "grounded",
            "bucket": "uncommon",
            "level": "5-30",
            "weight": 7,
            "condition": {
                "biomes": [
                    "area_zero_biomes:areazero_plains"
                ]
            }
        }
    ]
}