{
    "enabled": true,
    "neededInstalledMods": [],
    "neededUninstalledMods": [],
    "spawns": [
        {
            "id": "zubat-1",
            "pokemon": "zubat",
            "presets": [
                "natural"
            ],
            "type": "pokemon",
            "context": "grounded",
            "bucket": "common",
            "level": "1-25",
            "weight": 1.8,
            "condition": {
                "minSkyLight": 8,
                "maxSkyLight": 15,
                "biomes": [
                    "area_zero_biomes:areazero_amethyst_caves"
                ]
            }
        }
    ]
}