{
	"format_version": "1.12.0",
	"minecraft:geometry": [
		{
			"description": {
				"identifier": "geometry.teraroggenrola",
				"texture_width": 40,
				"texture_height": 40,
				"visible_bounds_width": 2,
				"visible_bounds_height": 2.5,
				"visible_bounds_offset": [0, 0.75, 0]
			},
			"bones": [
				{
					"name": "teraroggenrola",
					"pivot": [0, 0, 0]
				},
				{
					"name": "body",
					"parent": "teraroggenrola",
					"pivot": [0, 0, 0]
				},
				{
					"name": "torso",
					"parent": "body",
					"pivot": [0, 2, 0],
					"cubes": [
						{"origin": [-4, 2, -4], "size": [8, 8, 8], "uv": [0, 0]}
					]
				},
				{
					"name": "eye",
					"parent": "torso",
					"pivot": [0, 6, -4],
					"cubes": [
						{"origin": [-2, 3.5, -4.01], "size": [4, 5, 0], "uv": [11, 16]}
					]
				},
				{
					"name": "pupil",
					"parent": "eye",
					"pivot": [1.5, 7.5, -4],
					"cubes": [
						{"origin": [-1, 5, -4.02], "size": [2, 2, 0], "uv": [27, 16]}
					]
				},
				{
					"name": "horn",
					"parent": "torso",
					"pivot": [0, 10, 0],
					"cubes": [
						{"origin": [-1, 9.5, -1], "size": [2, 3, 2], "uv": [0, 0]},
						{"origin": [-1.5, 12, -1.5], "size": [3, 5, 3], "uv": [0, 23]}
					]
				},
				{
					"name": "head_tcrystal",
					"parent": "horn",
					"pivot": [0, 0, 0],
					"cubes": [
						{"origin": [-0.2, 15.3, -1.8], "size": [2, 2, 3], "uv": [11, 35]}
					]
				},
				{
					"name": "back_tcrystal",
					"parent": "torso",
					"pivot": [0, 0, 0],
					"cubes": [
						{"origin": [-1, 2.46061, 4.35866], "size": [2, 4, 2], "pivot": [0, 6.26061, 6.65866], "rotation": [-82.5, 0, 0], "uv": [26, 35]},
						{"origin": [-1.86159, 5.31663, 2.51623], "size": [2, 5, 2], "pivot": [-1.66159, 7.31663, 4.51623], "rotation": [-50.33642, -16.82657, -15.12943], "uv": [25, 24], "mirror": true},
						{"origin": [-0.13841, 5.31663, 2.51623], "size": [2, 5, 2], "pivot": [1.66159, 7.31663, 4.51623], "rotation": [-50.33642, 16.82657, 15.12943], "uv": [25, 24]},
						{"origin": [-2.4, -9.2, 9.6], "size": [1, 3, 2], "pivot": [-1.5, 1.5, 13], "rotation": [-66.65712, -30.32448, -102.2921], "uv": [2, 32]},
						{"origin": [1.4, -9.2, 9.6], "size": [1, 3, 2], "pivot": [1.5, 1.5, 13], "rotation": [-66.65712, 30.32448, 102.2921], "uv": [2, 32], "mirror": true}
					]
				},
				{
					"name": "feet_left",
					"parent": "body",
					"pivot": [3, 2, 0],
					"cubes": [
						{"origin": [1.5, 0, -3.5], "size": [3, 2, 5], "uv": [16, 16]}
					]
				},
				{
					"name": "feet_right",
					"parent": "body",
					"pivot": [-3, 2, 0],
					"cubes": [
						{"origin": [-4.5, 0, -3.5], "size": [3, 2, 5], "uv": [0, 16]}
					]
				}
			]
		}
	]
}