{
	"format_version": "1.12.0",
	"minecraft:geometry": [
		{
			"description": {
				"identifier": "geometry.megateradiancie",
				"texture_width": 128,
				"texture_height": 128,
				"visible_bounds_width": 8,
				"visible_bounds_height": 4,
				"visible_bounds_offset": [0, 1, 0]
			},
			"bones": [
				{
					"name": "megateradiancie",
					"pivot": [0, 0, 0]
				},
				{
					"name": "body",
					"parent": "megateradiancie",
					"pivot": [0, 18.5, 0],
					"cubes": [
						{"origin": [-4, 15.4, -3.6], "size": [8, 2, 8], "uv": [28, 19]}
					]
				},
				{
					"name": "torso",
					"parent": "body",
					"pivot": [0, 17.35, 0.35833],
					"cubes": [
						{"origin": [-1.5, 20.5, -1.5], "size": [3, 3, 3], "uv": [40, 58]},
						{"origin": [-2, 16.5, -1.925], "size": [4, 4, 4], "uv": [54, 38]}
					]
				},
				{
					"name": "head",
					"parent": "torso",
					"pivot": [0, 23.02237, -0.13324],
					"cubes": [
						{"origin": [2.5, 28.69, -5.1], "size": [2, 2, 2], "inflate": 0.025, "pivot": [0, 29.16183, -1.66621], "rotation": [46.1453, -12.80911, 12.02501], "uv": [0, 73], "mirror": true},
						{"origin": [-4.5, 28.69, -5.1], "size": [2, 2, 2], "inflate": 0.025, "pivot": [0, 29.16183, -1.66621], "rotation": [46.1453, 12.80911, -12.02501], "uv": [0, 73]},
						{"origin": [-3.5, 27.66183, -5.16621], "size": [7, 3, 7], "inflate": 0.025, "pivot": [0, 29.16183, -1.66621], "rotation": [47.5, 0, 0], "uv": [0, 40]},
						{"origin": [-3.5, 23, -3.5], "size": [7, 6, 7], "uv": [30, 29]},
						{"origin": [-3.5, 29, -1.5], "size": [7, 1, 5], "uv": [28, 42]},
						{"origin": [-1.5, 24.875, 3], "size": [3, 3, 1], "pivot": [0, 26.375, 3.5], "rotation": [0, 0, -45], "uv": [38, 48]},
						{"origin": [-1, 25.11642, -4.5], "size": [2, 2, 2], "inflate": -0.175, "pivot": [0, 26.11642, -3.5], "rotation": [0, 0, 45], "uv": [10, 70]}
					]
				},
				{
					"name": "eyeright",
					"parent": "head",
					"pivot": [-2, 25.25, -3.525],
					"cubes": [
						{"origin": [-3, 23.75, -3.525], "size": [2, 3, 0], "uv": [0, 50]},
						{"origin": [-2.25, 24, -3.55], "size": [1, 2, 0], "uv": [33, 23]},
						{"origin": [-2.85, 25, -3.575], "size": [1, 1, 0], "uv": [32, 9]}
					]
				},
				{
					"name": "eyeleft",
					"parent": "head",
					"pivot": [2, 25.25, -3.525],
					"cubes": [
						{"origin": [1.75, 24, -3.55], "size": [1, 2, 0], "uv": [33, 23], "mirror": true},
						{"origin": [1.15, 25, -3.575], "size": [1, 1, 0], "uv": [32, 9]},
						{"origin": [1, 23.75, -3.525], "size": [2, 3, 0], "uv": [49, 16]}
					]
				},
				{
					"name": "eyelidleft",
					"parent": "head",
					"pivot": [2, 24.75, -2.5375],
					"cubes": [
						{"origin": [0.5, 24.25, -2.525], "size": [3, 1, 0], "uv": [32, 8]},
						{"origin": [1.5, 24.75, -2.55], "size": [1, 1, 0], "uv": [5, 27]}
					]
				},
				{
					"name": "eyelidright",
					"parent": "head",
					"pivot": [-2, 24.75, -2.5375],
					"cubes": [
						{"origin": [-3.5, 24.25, -2.525], "size": [3, 1, 0], "uv": [32, 8], "mirror": true},
						{"origin": [-2.5, 24.75, -2.55], "size": [1, 1, 0], "uv": [5, 27], "mirror": true}
					]
				},
				{
					"name": "ribbon_left",
					"parent": "head",
					"pivot": [1.5, 25, 0.5],
					"cubes": [
						{"origin": [1.5, 23, 0.5], "size": [6, 4, 0], "uv": [62, 66]}
					]
				},
				{
					"name": "ribbon_left2",
					"parent": "ribbon_left",
					"pivot": [7, 25, 0.5],
					"cubes": [
						{"origin": [6.5, 23, 0.5], "size": [6, 4, 0], "uv": [50, 66]}
					]
				},
				{
					"name": "ribbon_left3",
					"parent": "ribbon_left2",
					"pivot": [12, 25, 0.5],
					"cubes": [
						{"origin": [11.5, 23, 0.5], "size": [6, 4, 0], "uv": [66, 46]}
					]
				},
				{
					"name": "ribbon_left4",
					"parent": "ribbon_left3",
					"pivot": [17, 25, 0.5],
					"cubes": [
						{"origin": [16.5, 23, 0.5], "size": [6, 4, 0], "uv": [66, 35]}
					]
				},
				{
					"name": "ribbon_left5",
					"parent": "ribbon_left4",
					"pivot": [22, 25, 0.5],
					"cubes": [
						{"origin": [21.5, 23, 0.5], "size": [6, 4, 0], "uv": [66, 25]}
					]
				},
				{
					"name": "ribbon_left6",
					"parent": "ribbon_left5",
					"pivot": [27, 25, 0.5],
					"cubes": [
						{"origin": [26.5, 23, 0.5], "size": [6, 4, 0], "uv": [20, 65]}
					]
				},
				{
					"name": "ribbon_left7",
					"parent": "ribbon_left6",
					"pivot": [32, 25, 0.5],
					"cubes": [
						{"origin": [31.5, 23, 0.5], "size": [6, 4, 0], "uv": [65, 8]}
					]
				},
				{
					"name": "ribbon_left8",
					"parent": "ribbon_left7",
					"pivot": [37, 25, 0.5],
					"cubes": [
						{"origin": [36.5, 23, 0.5], "size": [6, 4, 0], "uv": [64, 52]}
					]
				},
				{
					"name": "ribbon_left9",
					"parent": "ribbon_left8",
					"pivot": [42, 25, 0.5],
					"cubes": [
						{"origin": [41.5, 23, 0.5], "size": [6, 4, 0], "uv": [64, 14]}
					]
				},
				{
					"name": "small_crystal8",
					"parent": "ribbon_left9",
					"pivot": [48.6, 22.96386, 0.4563],
					"rotation": [0, 0, -90],
					"cubes": [
						{"origin": [48.95, 20.10234, -0.0437], "size": [2, 2, 1], "inflate": -0.2, "pivot": [48.6, 22.45234, -0.0437], "rotation": [0, 0, 45], "uv": [0, 31]},
						{"origin": [47.6, 20.82734, -0.0437], "size": [2, 2, 1], "inflate": -0.2, "pivot": [48.6, 21.82734, -0.0437], "rotation": [0, 0, 45], "uv": [0, 31]},
						{"origin": [48.825, 20.90234, -0.1687], "size": [2, 3, 1], "inflate": -0.35, "pivot": [48.6, 22.40234, -0.0437], "rotation": [0, 0, 90], "uv": [0, 27]},
						{"origin": [48.825, 20.90234, 0.0813], "size": [2, 3, 1], "inflate": -0.35, "pivot": [48.6, 22.40234, -0.0437], "rotation": [0, 0, 90], "uv": [0, 27]}
					]
				},
				{
					"name": "small_crystal9",
					"parent": "ribbon_left9",
					"pivot": [48.6, 26.96386, 0.4563],
					"rotation": [0, 0, -90],
					"cubes": [
						{"origin": [48.95, 24.10234, -0.0437], "size": [2, 2, 1], "inflate": -0.2, "pivot": [48.6, 26.45234, -0.0437], "rotation": [0, 0, 45], "uv": [0, 31]},
						{"origin": [47.6, 24.82734, -0.0437], "size": [2, 2, 1], "inflate": -0.2, "pivot": [48.6, 25.82734, -0.0437], "rotation": [0, 0, 45], "uv": [0, 31]},
						{"origin": [48.825, 24.90234, -0.1687], "size": [2, 3, 1], "inflate": -0.35, "pivot": [48.6, 26.40234, -0.0437], "rotation": [0, 0, 90], "uv": [0, 27]},
						{"origin": [48.825, 24.90234, 0.0813], "size": [2, 3, 1], "inflate": -0.35, "pivot": [48.6, 26.40234, -0.0437], "rotation": [0, 0, 90], "uv": [0, 27]}
					]
				},
				{
					"name": "ribbon_right",
					"parent": "head",
					"pivot": [-1.5, 25, 0.5],
					"cubes": [
						{"origin": [-7.5, 23, 0.5], "size": [6, 4, 0], "uv": [62, 66], "mirror": true}
					]
				},
				{
					"name": "ribbon_right2",
					"parent": "ribbon_right",
					"pivot": [-7, 25, 0.5],
					"cubes": [
						{"origin": [-12.5, 23, 0.5], "size": [6, 4, 0], "uv": [50, 66], "mirror": true}
					]
				},
				{
					"name": "ribbon_right3",
					"parent": "ribbon_right2",
					"pivot": [-12, 25, 0.5],
					"cubes": [
						{"origin": [-17.5, 23, 0.5], "size": [6, 4, 0], "uv": [66, 46], "mirror": true}
					]
				},
				{
					"name": "ribbon_right4",
					"parent": "ribbon_right3",
					"pivot": [-17, 25, 0.5],
					"cubes": [
						{"origin": [-22.5, 23, 0.5], "size": [6, 4, 0], "uv": [66, 35], "mirror": true}
					]
				},
				{
					"name": "ribbon_right5",
					"parent": "ribbon_right4",
					"pivot": [-22, 25, 0.5],
					"cubes": [
						{"origin": [-27.5, 23, 0.5], "size": [6, 4, 0], "uv": [66, 25], "mirror": true}
					]
				},
				{
					"name": "ribbon_right6",
					"parent": "ribbon_right5",
					"pivot": [-27, 25, 0.5],
					"cubes": [
						{"origin": [-32.5, 23, 0.5], "size": [6, 4, 0], "uv": [20, 65], "mirror": true}
					]
				},
				{
					"name": "ribbon_right7",
					"parent": "ribbon_right6",
					"pivot": [-32, 25, 0.5],
					"cubes": [
						{"origin": [-37.5, 23, 0.5], "size": [6, 4, 0], "uv": [65, 8], "mirror": true}
					]
				},
				{
					"name": "ribbon_right8",
					"parent": "ribbon_right7",
					"pivot": [-37, 25, 0.5],
					"cubes": [
						{"origin": [-42.5, 23, 0.5], "size": [6, 4, 0], "uv": [64, 52], "mirror": true}
					]
				},
				{
					"name": "ribbon_right9",
					"parent": "ribbon_right8",
					"pivot": [-42, 25, 0.5],
					"cubes": [
						{"origin": [-47.5, 23, 0.5], "size": [6, 4, 0], "uv": [64, 14], "mirror": true}
					]
				},
				{
					"name": "small_crystal7",
					"parent": "ribbon_right9",
					"pivot": [-48.6, 22.96386, 0.4563],
					"rotation": [0, 0, 90],
					"cubes": [
						{"origin": [-50.95, 20.10234, -0.0437], "size": [2, 2, 1], "inflate": -0.2, "pivot": [-48.6, 22.45234, -0.0437], "rotation": [0, 0, -45], "uv": [0, 31], "mirror": true},
						{"origin": [-49.6, 20.82734, -0.0437], "size": [2, 2, 1], "inflate": -0.2, "pivot": [-48.6, 21.82734, -0.0437], "rotation": [0, 0, -45], "uv": [0, 31], "mirror": true},
						{"origin": [-50.825, 20.90234, -0.1687], "size": [2, 3, 1], "inflate": -0.35, "pivot": [-48.6, 22.40234, -0.0437], "rotation": [0, 0, -90], "uv": [0, 27], "mirror": true},
						{"origin": [-50.825, 20.90234, 0.0813], "size": [2, 3, 1], "inflate": -0.35, "pivot": [-48.6, 22.40234, -0.0437], "rotation": [0, 0, -90], "uv": [0, 27], "mirror": true}
					]
				},
				{
					"name": "small_crystal6",
					"parent": "ribbon_right9",
					"pivot": [-48.6, 26.96386, 0.4563],
					"rotation": [0, 0, 90],
					"cubes": [
						{"origin": [-50.95, 24.10234, -0.0437], "size": [2, 2, 1], "inflate": -0.2, "pivot": [-48.6, 26.45234, -0.0437], "rotation": [0, 0, -45], "uv": [0, 31], "mirror": true},
						{"origin": [-49.6, 24.82734, -0.0437], "size": [2, 2, 1], "inflate": -0.2, "pivot": [-48.6, 25.82734, -0.0437], "rotation": [0, 0, -45], "uv": [0, 31], "mirror": true},
						{"origin": [-50.825, 24.90234, -0.1687], "size": [2, 3, 1], "inflate": -0.35, "pivot": [-48.6, 26.40234, -0.0437], "rotation": [0, 0, -90], "uv": [0, 27], "mirror": true},
						{"origin": [-50.825, 24.90234, 0.0813], "size": [2, 3, 1], "inflate": -0.35, "pivot": [-48.6, 26.40234, -0.0437], "rotation": [0, 0, -90], "uv": [0, 27], "mirror": true}
					]
				},
				{
					"name": "mouth",
					"parent": "head",
					"pivot": [0, 23.5, -3.525],
					"cubes": [
						{"origin": [-0.5, 23, -3.525], "size": [1, 1, 0], "uv": [5, 31]}
					]
				},
				{
					"name": "mouth_open",
					"parent": "head",
					"pivot": [0, 23.5, -2.525],
					"cubes": [
						{"origin": [-2, 22.5, -3.025], "size": [4, 2, 1], "inflate": -0.5, "uv": [70, 42]}
					]
				},
				{
					"name": "earright",
					"parent": "head",
					"pivot": [-3.25, 25.825, -1],
					"rotation": [0, 0, -45],
					"cubes": [
						{"origin": [-4.25, 25.825, -1], "size": [2, 3, 0], "uv": [47, 42]}
					]
				},
				{
					"name": "earleft",
					"parent": "head",
					"pivot": [3.25, 25.825, -1],
					"rotation": [0, 0, 45],
					"cubes": [
						{"origin": [2.25, 25.825, -1], "size": [2, 3, 0], "uv": [0, 43]}
					]
				},
				{
					"name": "haircrystalleft",
					"parent": "head",
					"pivot": [2.775, 26.5, -1.725],
					"rotation": [7.03981, -2.22127, 162.15384],
					"cubes": [
						{"origin": [1.775, 26.5, -1.725], "size": [1, 3, 1], "uv": [21, 40]},
						{"origin": [1.275, 28.5, -2.225], "size": [2, 4, 2], "uv": [18, 69]},
						{"origin": [0.775, 30.45, -2.725], "size": [3, 3, 3], "uv": [54, 46]}
					]
				},
				{
					"name": "haircrystalleft2",
					"parent": "haircrystalleft",
					"pivot": [2.31437, 33.52371, -1.22643],
					"rotation": [0, -45, 0],
					"cubes": [
						{"origin": [-0.71246, 32.5, -1.15469], "size": [6, 4, 0], "uv": [67, 60]},
						{"origin": [-0.71246, 32.5, -1.15469], "size": [6, 4, 0], "pivot": [2.28754, 33.5, -1.15469], "rotation": [0, -90, 0], "uv": [67, 56]},
						{"origin": [0.88754, 37.675, -1.15469], "size": [1, 1, 0], "pivot": [2.28754, 38.5, -1.15469], "rotation": [114.21189, -31.35823, -103.1703], "uv": [8, 9]}
					]
				},
				{
					"name": "haircrystalright",
					"parent": "head",
					"pivot": [-2.775, 26.5, -1.725],
					"rotation": [7.03981, 2.22127, -162.15384],
					"cubes": [
						{"origin": [-2.775, 26.5, -1.725], "size": [1, 3, 1], "uv": [21, 40], "mirror": true},
						{"origin": [-3.275, 28.5, -2.225], "size": [2, 4, 2], "uv": [18, 69], "mirror": true},
						{"origin": [-3.775, 30.45, -2.725], "size": [3, 3, 3], "uv": [54, 46], "mirror": true}
					]
				},
				{
					"name": "haircrystalright2",
					"parent": "haircrystalright",
					"pivot": [-2.31437, 33.52371, -1.22643],
					"rotation": [0, 45, 0],
					"cubes": [
						{"origin": [-5.28754, 32.5, -1.15469], "size": [6, 4, 0], "uv": [67, 60], "mirror": true},
						{"origin": [-5.28754, 32.5, -1.15469], "size": [6, 4, 0], "pivot": [-2.28754, 33.5, -1.15469], "rotation": [0, 90, 0], "uv": [67, 56], "mirror": true},
						{"origin": [-1.88754, 37.675, -1.15469], "size": [1, 1, 0], "pivot": [-2.28754, 38.5, -1.15469], "rotation": [114.21189, 31.35823, 103.1703], "uv": [8, 9], "mirror": true}
					]
				},
				{
					"name": "crystalleft2",
					"parent": "head",
					"pivot": [2.2, 28.95, 2.925],
					"rotation": [-29.00703, 10.54529, 10.72858],
					"cubes": [
						{"origin": [-0.3, 28.95, 2.925], "size": [5, 8, 0], "uv": [0, 58]},
						{"origin": [-0.3, 28.95, 3.175], "size": [5, 8, 0], "uv": [0, 58]},
						{"origin": [-0.3, 28.95, 2.925], "size": [5, 8, 0], "pivot": [2.2, 31.95, 2.925], "rotation": [0, -90, 0], "uv": [0, 0]},
						{"origin": [-0.3, 28.95, 3.175], "size": [5, 8, 0], "pivot": [2.2, 31.95, 2.925], "rotation": [0, -90, 0], "uv": [0, 0]}
					]
				},
				{
					"name": "crystalright2",
					"parent": "head",
					"pivot": [-2.2, 28.95, 2.925],
					"rotation": [-29.00703, -10.54529, -10.72858],
					"cubes": [
						{"origin": [-4.7, 28.95, 2.925], "size": [5, 8, 0], "uv": [0, 58], "mirror": true},
						{"origin": [-4.7, 28.95, 3.175], "size": [5, 8, 0], "uv": [0, 58], "mirror": true},
						{"origin": [-4.7, 28.95, 2.925], "size": [5, 8, 0], "pivot": [-2.2, 31.95, 2.925], "rotation": [0, 90, 0], "uv": [0, 0], "mirror": true},
						{"origin": [-4.7, 28.95, 3.175], "size": [5, 8, 0], "pivot": [-2.2, 31.95, 2.925], "rotation": [0, 90, 0], "uv": [0, 0], "mirror": true}
					]
				},
				{
					"name": "crystalleft",
					"parent": "head",
					"pivot": [3.15, 27, 1],
					"rotation": [-7.5, 0, 37.5],
					"cubes": [
						{"origin": [0.65, 27, 1], "size": [5, 7, 0], "uv": [40, 64]},
						{"origin": [0.65, 27, 1.25], "size": [5, 7, 0], "uv": [40, 64]},
						{"origin": [0.65, 27, 1], "size": [5, 7, 0], "pivot": [3.15, 30, 1], "rotation": [0, -90, 0], "uv": [10, 63]},
						{"origin": [0.65, 27, 0.75], "size": [5, 7, 0], "pivot": [3.15, 30, 1], "rotation": [0, -90, 0], "uv": [10, 63]}
					]
				},
				{
					"name": "crystalright",
					"parent": "head",
					"pivot": [-3.15, 27, 1],
					"rotation": [-7.5, 0, -37.5],
					"cubes": [
						{"origin": [-5.65, 27, 1], "size": [5, 7, 0], "uv": [40, 64], "mirror": true},
						{"origin": [-5.65, 27, 1.25], "size": [5, 7, 0], "uv": [40, 64], "mirror": true},
						{"origin": [-5.65, 27, 1], "size": [5, 7, 0], "pivot": [-3.15, 30, 1], "rotation": [0, 90, 0], "uv": [10, 63], "mirror": true},
						{"origin": [-5.65, 27, 0.75], "size": [5, 7, 0], "pivot": [-3.15, 30, 1], "rotation": [0, 90, 0], "uv": [10, 63], "mirror": true}
					]
				},
				{
					"name": "crystalleft3",
					"parent": "head",
					"pivot": [0.2, 29.95, 2.925],
					"rotation": [-5, 0, 0],
					"cubes": [
						{"origin": [-2.3, 29.95, 2.925], "size": [5, 8, 0], "uv": [0, 58]},
						{"origin": [-2.3, 29.95, 3.175], "size": [5, 8, 0], "uv": [0, 58]},
						{"origin": [-2.3, 29.95, 2.925], "size": [5, 8, 0], "pivot": [0.2, 32.95, 2.925], "rotation": [0, -90, 0], "uv": [0, 0]},
						{"origin": [-2.3, 29.95, 3.175], "size": [5, 8, 0], "pivot": [0.2, 32.95, 2.925], "rotation": [0, -90, 0], "uv": [0, 0]}
					]
				},
				{
					"name": "necklace",
					"parent": "torso",
					"pivot": [0, 22.3, -0.35],
					"rotation": [12.5, 0, 0],
					"cubes": [
						{"origin": [-2.5, 21.8, -2.85], "size": [1, 1, 5], "uv": [58, 8]},
						{"origin": [1.5, 21.8, -2.85], "size": [1, 1, 5], "uv": [58, 8]},
						{"origin": [-1.5, 21.8, 1.15], "size": [3, 1, 1], "uv": [0, 8]},
						{"origin": [-2.5, 21.8, -4.85], "size": [1, 1, 2], "inflate": -0.001, "pivot": [-2.5, 22.3, -2.85], "rotation": [0, -45, 0], "uv": [0, 40]},
						{"origin": [1.5, 21.8, -4.85], "size": [1, 1, 2], "inflate": -0.001, "pivot": [2.5, 22.3, -2.85], "rotation": [0, 45, 0], "uv": [0, 40], "mirror": true},
						{"origin": [2.475, 16.55, -4.35], "size": [1, 2, 2], "inflate": -0.001, "pivot": [2.975, 18.05, -2.85], "rotation": [0, 45, 0], "uv": [30, 32]},
						{"origin": [1.975, 16.8, -2.85], "size": [2, 2, 4], "uv": [21, 40]},
						{"origin": [-3.475, 16.55, -4.35], "size": [1, 2, 2], "inflate": -0.001, "pivot": [-2.975, 18.05, -2.85], "rotation": [0, -45, 0], "uv": [30, 32]},
						{"origin": [-3.975, 16.8, -2.85], "size": [2, 2, 4], "uv": [21, 40], "mirror": true},
						{"origin": [-3, 16.8, 1.15], "size": [6, 2, 1], "uv": [35, 16]},
						{"origin": [1.2534, 21.57551, -4.72472], "size": [1, 0, 1], "inflate": -0.001, "pivot": [1.7534, 21.57551, -4.22472], "rotation": [24.23244, 39.15581, 35.48212], "uv": [6, 8], "mirror": true},
						{"origin": [-2.2534, 21.57551, -4.72472], "size": [1, 0, 1], "inflate": -0.001, "pivot": [-1.7534, 21.57551, -4.22472], "rotation": [24.23244, -39.15581, -35.48212], "uv": [6, 8]}
					]
				},
				{
					"name": "pendant",
					"parent": "necklace",
					"pivot": [0, 22.23815, -2.29178],
					"rotation": [-12.5, 0, 0],
					"cubes": [
						{"origin": [-2.03033, 20.20782, -3.35], "size": [3, 3, 2], "inflate": -0.125, "pivot": [0, 22.23815, -2.29178], "rotation": [0, 0, -45], "uv": [30, 67]}
					]
				},
				{
					"name": "armleft",
					"parent": "torso",
					"pivot": [1.5, 21.5, 0],
					"cubes": [
						{"origin": [0.5, 21, -0.5], "size": [5, 1, 1], "inflate": 0.1, "uv": [14, 50]}
					]
				},
				{
					"name": "armleft2",
					"parent": "armleft",
					"pivot": [4.5, 21.5, 0.5],
					"cubes": [
						{"origin": [4.45, 20.5, -1], "size": [4, 2, 2], "inflate": -0.1, "uv": [0, 68]}
					]
				},
				{
					"name": "handleft",
					"parent": "armleft2",
					"pivot": [8.9375, 21.7, 0]
				},
				{
					"name": "handleft2",
					"parent": "handleft",
					"pivot": [9, 22.225, 0],
					"cubes": [
						{"origin": [7.5, 21.475, -1], "size": [3, 1, 2], "inflate": -0.075, "uv": [68, 3]}
					]
				},
				{
					"name": "thumbleft",
					"parent": "handleft",
					"pivot": [8.05, 21.175, -0.5],
					"cubes": [
						{"origin": [7.875, 20.675, -1], "size": [2, 1, 1], "inflate": -0.125, "uv": [27, 23]}
					]
				},
				{
					"name": "armright",
					"parent": "torso",
					"pivot": [-1.5, 21.5, 0],
					"cubes": [
						{"origin": [-5.5, 21, -0.5], "size": [5, 1, 1], "inflate": 0.1, "uv": [14, 50], "mirror": true}
					]
				},
				{
					"name": "armright2",
					"parent": "armright",
					"pivot": [-4.5, 21.5, 0.5],
					"cubes": [
						{"origin": [-8.45, 20.5, -1], "size": [4, 2, 2], "inflate": -0.1, "uv": [0, 68], "mirror": true}
					]
				},
				{
					"name": "handright",
					"parent": "armright2",
					"pivot": [-8.9375, 21.7, 0]
				},
				{
					"name": "handright2",
					"parent": "handright",
					"pivot": [-9, 22.225, 0],
					"cubes": [
						{"origin": [-10.5, 21.475, -1], "size": [3, 1, 2], "inflate": -0.075, "uv": [68, 3], "mirror": true}
					]
				},
				{
					"name": "thumbright",
					"parent": "handright",
					"pivot": [-8.05, 21.175, -0.5],
					"cubes": [
						{"origin": [-9.875, 20.675, -1], "size": [2, 1, 1], "inflate": -0.125, "uv": [27, 23], "mirror": true}
					]
				},
				{
					"name": "rock",
					"parent": "body",
					"pivot": [0.04471, 16.33333, 0.25639],
					"cubes": [
						{"origin": [-4.5, 13.4, -3.85], "size": [9, 2, 9], "uv": [0, 16]},
						{"origin": [-5.5, 8.4, -4.6], "size": [11, 6, 10], "uv": [0, 0]},
						{"origin": [-3.975, 11.55, -5.25], "size": [2, 4, 2], "pivot": [-2.5, 13.4, -4.6], "rotation": [-11.08294, 13.99477, -2.71213], "uv": [68, 18]},
						{"origin": [1.975, 11.55, -5.25], "size": [2, 4, 2], "pivot": [2.5, 13.4, -4.6], "rotation": [-11.08294, -13.99477, 2.71213], "uv": [68, 18], "mirror": true},
						{"origin": [3.81577, 4.94229, -5.26405], "size": [4, 9, 0], "pivot": [4.84077, 10.44229, -5.23905], "rotation": [-12.92008, -25.05702, -2.73953], "uv": [0, 16], "mirror": true},
						{"origin": [-7.81577, 4.94229, -5.26405], "size": [4, 9, 0], "pivot": [-4.84077, 10.44229, -5.23905], "rotation": [-12.92008, 25.05702, 2.73953], "uv": [0, 16]},
						{"origin": [-4, 6.4, -3.1], "size": [8, 6, 7], "uv": [0, 27]},
						{"origin": [-2.5, 4.4, -1.6], "size": [5, 4, 4], "uv": [0, 50]},
						{"origin": [-1, 2.4, -0.6], "size": [2, 4, 2], "uv": [69, 29]}
					]
				},
				{
					"name": "crystals",
					"parent": "rock",
					"pivot": [0, 14.7, 1.4]
				},
				{
					"name": "crystal_center",
					"parent": "crystals",
					"pivot": [0, 13.7, 4.4],
					"rotation": [15, 0, 0],
					"cubes": [
						{"origin": [-3, -8.51425, 7.41401], "size": [6, 3, 0], "pivot": [0, -6.51425, 7.41401], "rotation": [9.45322, 37.37143, 5.77096], "uv": [66, 39]},
						{"origin": [-3, -8.51425, 7.41401], "size": [6, 3, 0], "pivot": [0, -6.51425, 7.41401], "rotation": [9.45322, -37.37143, -5.77096], "uv": [65, 0], "mirror": true},
						{"origin": [-2.5, -5.525, 3.55], "size": [5, 5, 4], "pivot": [0, 6.7, 6.4], "rotation": [7.5, 0, 0], "uv": [24, 48]},
						{"origin": [-2, -0.525, 3.55], "size": [4, 6, 4], "pivot": [0, 6.7, 6.4], "rotation": [7.5, 0, 0], "uv": [42, 48]},
						{"origin": [-1.5, 5.475, 4.05], "size": [3, 8, 3], "pivot": [0, 6.7, 6.4], "rotation": [7.5, 0, 0], "uv": [55, 55]}
					]
				},
				{
					"name": "small_crystal",
					"parent": "crystal_center",
					"pivot": [0, -12.78614, 6.5313],
					"rotation": [-14.25, 0, 0],
					"cubes": [
						{"origin": [0.35, -13.02266, 6.0313], "size": [2, 2, 1], "pivot": [0, -10.67266, 6.0313], "rotation": [0, 0, 45], "uv": [0, 31]},
						{"origin": [3.35, -15.02266, 6.0313], "size": [1, 1, 1], "inflate": 0.1, "pivot": [0, -10.67266, 6.5313], "rotation": [0, 0, 45], "uv": [27, 32]},
						{"origin": [-1, -11.77266, 6.0313], "size": [2, 2, 1], "pivot": [0, -10.77266, 6.0313], "rotation": [0, 0, 45], "uv": [0, 31]},
						{"origin": [-0.05, -12.22266, 6.0313], "size": [2, 3, 1], "inflate": -0.09, "pivot": [0, -10.72266, 6.0313], "rotation": [0, 0, 90], "uv": [0, 27]}
					]
				},
				{
					"name": "crystal_left",
					"parent": "crystals",
					"pivot": [1.975, 13.7, 4.4],
					"rotation": [7.9468, 13.17993, -8.10654],
					"cubes": [
						{"origin": [-1.025, -6.01425, 7.16401], "size": [6, 3, 0], "pivot": [1.975, -4.01425, 7.16401], "rotation": [9.45322, -37.37143, -5.77096], "uv": [66, 39], "mirror": true},
						{"origin": [-1.025, -6.01425, 7.16401], "size": [6, 3, 0], "pivot": [1.975, -4.01425, 7.16401], "rotation": [9.45322, 37.37143, 5.77096], "uv": [65, 0]},
						{"origin": [-0.525, -3.525, 3.3], "size": [5, 5, 4], "pivot": [1.975, 8.7, 6.15], "rotation": [7.5, 0, 0], "uv": [24, 48], "mirror": true},
						{"origin": [-0.025, 1.475, 3.3], "size": [4, 6, 4], "pivot": [1.975, 8.7, 6.15], "rotation": [7.5, 0, 0], "uv": [42, 48], "mirror": true},
						{"origin": [0.475, 7.475, 4.05], "size": [3, 6, 3], "pivot": [1.975, 6.7, 6.4], "rotation": [7.5, 0, 0], "uv": [57, 26], "mirror": true}
					]
				},
				{
					"name": "small_crystal2",
					"parent": "crystal_left",
					"pivot": [1.475, -10.53614, 7.0813],
					"rotation": [-10.66151, 13.76907, 5.45829],
					"cubes": [
						{"origin": [1.825, -10.77266, 6.5813], "size": [2, 2, 1], "pivot": [1.475, -8.42266, 6.5813], "rotation": [0, 0, 45], "uv": [0, 31]},
						{"origin": [4.825, -12.77266, 6.5813], "size": [1, 1, 1], "inflate": 0.1, "pivot": [1.475, -8.42266, 7.0813], "rotation": [0, 0, 45], "uv": [27, 32]},
						{"origin": [0.475, -9.52266, 6.5813], "size": [2, 2, 1], "pivot": [1.475, -8.52266, 6.5813], "rotation": [0, 0, 45], "uv": [0, 31]},
						{"origin": [1.425, -9.97266, 6.5813], "size": [2, 3, 1], "inflate": -0.09, "pivot": [1.475, -8.47266, 6.5813], "rotation": [0, 0, 90], "uv": [0, 27]}
					]
				},
				{
					"name": "crystal_right",
					"parent": "crystals",
					"pivot": [-1.975, 13.7, 4.4],
					"rotation": [7.9468, -13.17993, 8.10654],
					"cubes": [
						{"origin": [-4.975, -6.01425, 7.16401], "size": [6, 3, 0], "pivot": [-1.975, -4.01425, 7.16401], "rotation": [9.45322, 37.37143, 5.77096], "uv": [66, 39]},
						{"origin": [-4.975, -6.01425, 7.16401], "size": [6, 3, 0], "pivot": [-1.975, -4.01425, 7.16401], "rotation": [9.45322, -37.37143, -5.77096], "uv": [65, 0], "mirror": true},
						{"origin": [-4.475, -3.525, 3.3], "size": [5, 5, 4], "pivot": [-1.975, 8.7, 6.15], "rotation": [7.5, 0, 0], "uv": [24, 48]},
						{"origin": [-3.975, 1.475, 3.3], "size": [4, 6, 4], "pivot": [-1.975, 8.7, 6.15], "rotation": [7.5, 0, 0], "uv": [42, 48]},
						{"origin": [-3.475, 7.475, 4.05], "size": [3, 6, 3], "pivot": [-1.975, 6.7, 6.4], "rotation": [7.5, 0, 0], "uv": [57, 26]}
					]
				},
				{
					"name": "small_crystal3",
					"parent": "crystal_right",
					"pivot": [-1.475, -10.53614, 7.0813],
					"rotation": [-10.66151, -13.76907, -5.45829],
					"cubes": [
						{"origin": [-3.825, -10.77266, 6.5813], "size": [2, 2, 1], "pivot": [-1.475, -8.42266, 6.5813], "rotation": [0, 0, -45], "uv": [0, 31], "mirror": true},
						{"origin": [-5.825, -12.77266, 6.5813], "size": [1, 1, 1], "inflate": 0.1, "pivot": [-1.475, -8.42266, 7.0813], "rotation": [0, 0, -45], "uv": [27, 32], "mirror": true},
						{"origin": [-2.475, -9.52266, 6.5813], "size": [2, 2, 1], "pivot": [-1.475, -8.52266, 6.5813], "rotation": [0, 0, -45], "uv": [0, 31], "mirror": true},
						{"origin": [-3.425, -9.97266, 6.5813], "size": [2, 3, 1], "inflate": -0.09, "pivot": [-1.475, -8.47266, 6.5813], "rotation": [0, 0, -90], "uv": [0, 27], "mirror": true}
					]
				},
				{
					"name": "crystal_left2",
					"parent": "crystals",
					"pivot": [4.3, 13.7, 3.525],
					"rotation": [1.37541, 28.74585, -17.02102],
					"cubes": [
						{"origin": [1.3, -4.01425, 6.03901], "size": [6, 3, 0], "pivot": [4.3, -2.01425, 6.03901], "rotation": [9.45322, -37.37143, -5.77096], "uv": [66, 39], "mirror": true},
						{"origin": [1.3, -4.01425, 6.03901], "size": [6, 3, 0], "pivot": [4.3, -2.01425, 6.03901], "rotation": [9.45322, 37.37143, 5.77096], "uv": [65, 0]},
						{"origin": [1.8, -1.525, 2.175], "size": [5, 5, 4], "pivot": [4.3, 10.7, 5.025], "rotation": [7.5, 0, 0], "uv": [24, 48], "mirror": true},
						{"origin": [2.3, 3.475, 2.175], "size": [4, 5, 4], "pivot": [4.3, 10.7, 5.025], "rotation": [7.5, 0, 0], "uv": [52, 16], "mirror": true},
						{"origin": [2.8, 8.475, 3.175], "size": [3, 5, 3], "pivot": [4.3, 6.7, 5.525], "rotation": [7.5, 0, 0], "uv": [28, 57], "mirror": true}
					]
				},
				{
					"name": "small_crystal4",
					"parent": "crystal_left2",
					"pivot": [3.5, -8.46114, 5.8313],
					"rotation": [-8.51254, 10.40692, 11.78266],
					"cubes": [
						{"origin": [1.15, -8.69766, 5.3313], "size": [2, 2, 1], "pivot": [3.5, -6.34766, 5.3313], "rotation": [0, 0, -45], "uv": [0, 31], "mirror": true},
						{"origin": [-0.85, -10.69766, 5.3313], "size": [1, 1, 1], "inflate": 0.1, "pivot": [3.5, -6.34766, 5.8313], "rotation": [0, 0, -45], "uv": [27, 32], "mirror": true},
						{"origin": [2.5, -7.44766, 5.3313], "size": [2, 2, 1], "pivot": [3.5, -6.44766, 5.3313], "rotation": [0, 0, -45], "uv": [0, 31], "mirror": true},
						{"origin": [1.55, -7.89766, 5.3313], "size": [2, 3, 1], "inflate": -0.09, "pivot": [3.5, -6.39766, 5.3313], "rotation": [0, 0, -90], "uv": [0, 27], "mirror": true}
					]
				},
				{
					"name": "crystal_right2",
					"parent": "crystals",
					"pivot": [-4.3, 13.7, 3.525],
					"rotation": [1.37541, -28.74585, 17.02102],
					"cubes": [
						{"origin": [-7.3, -4.01425, 6.03901], "size": [6, 3, 0], "pivot": [-4.3, -2.01425, 6.03901], "rotation": [9.45322, 37.37143, 5.77096], "uv": [66, 39]},
						{"origin": [-7.3, -4.01425, 6.03901], "size": [6, 3, 0], "pivot": [-4.3, -2.01425, 6.03901], "rotation": [9.45322, -37.37143, -5.77096], "uv": [65, 0], "mirror": true},
						{"origin": [-6.8, -1.525, 2.175], "size": [5, 5, 4], "pivot": [-4.3, 10.7, 5.025], "rotation": [7.5, 0, 0], "uv": [24, 48]},
						{"origin": [-6.3, 3.475, 2.175], "size": [4, 5, 4], "pivot": [-4.3, 10.7, 5.025], "rotation": [7.5, 0, 0], "uv": [52, 16]},
						{"origin": [-5.8, 8.475, 3.175], "size": [3, 5, 3], "pivot": [-4.3, 6.7, 5.525], "rotation": [7.5, 0, 0], "uv": [28, 57]}
					]
				},
				{
					"name": "small_crystal5",
					"parent": "crystal_right2",
					"pivot": [-3.5, -8.46114, 5.8313],
					"rotation": [-8.51254, -10.40692, -11.78266],
					"cubes": [
						{"origin": [-3.15, -8.69766, 5.3313], "size": [2, 2, 1], "pivot": [-3.5, -6.34766, 5.3313], "rotation": [0, 0, 45], "uv": [0, 31]},
						{"origin": [-0.15, -10.69766, 5.3313], "size": [1, 1, 1], "inflate": 0.1, "pivot": [-3.5, -6.34766, 5.8313], "rotation": [0, 0, 45], "uv": [27, 32]},
						{"origin": [-4.5, -7.44766, 5.3313], "size": [2, 2, 1], "pivot": [-3.5, -6.44766, 5.3313], "rotation": [0, 0, 45], "uv": [0, 31]},
						{"origin": [-3.55, -7.89766, 5.3313], "size": [2, 3, 1], "inflate": -0.09, "pivot": [-3.5, -6.39766, 5.3313], "rotation": [0, 0, 90], "uv": [0, 27]}
					]
				},
				{
					"name": "crystal_left3",
					"parent": "crystals",
					"pivot": [4.45, 14.35, 1.4],
					"rotation": [-3.93709, -15.68225, -37.67926],
					"cubes": [
						{"origin": [3.175, 4.125, -0.825], "size": [3, 5, 4], "pivot": [4.175, 16.35, 1.525], "rotation": [7.5, 0, 0], "uv": [14, 54], "mirror": true},
						{"origin": [4.675, 1.69674, 0.46947], "size": [0, 3, 5], "pivot": [4.675, 2.69674, 2.96947], "rotation": [9.18591, -35.15112, -5.3191], "uv": [27, 24], "mirror": true},
						{"origin": [4.675, 1.69674, 0.46947], "size": [0, 3, 5], "pivot": [4.675, 2.69674, 2.96947], "rotation": [9.33079, 36.38484, 5.56695], "uv": [27, 24], "mirror": true},
						{"origin": [3.675, 9.125, -0.325], "size": [2, 5, 3], "pivot": [4.175, 16.35, 1.525], "rotation": [7.5, 0, 0], "uv": [58, 0], "mirror": true}
					]
				},
				{
					"name": "crystal_right3",
					"parent": "crystals",
					"pivot": [-4.45, 14.35, 1.4],
					"rotation": [-3.93709, 15.68225, 37.67926],
					"cubes": [
						{"origin": [-6.175, 4.125, -0.825], "size": [3, 5, 4], "pivot": [-4.175, 16.35, 1.525], "rotation": [7.5, 0, 0], "uv": [14, 54]},
						{"origin": [-4.675, 1.69674, 0.46947], "size": [0, 3, 5], "pivot": [-4.675, 2.69674, 2.96947], "rotation": [9.18591, 35.15112, 5.3191], "uv": [27, 24]},
						{"origin": [-4.675, 1.69674, 0.46947], "size": [0, 3, 5], "pivot": [-4.675, 2.69674, 2.96947], "rotation": [9.33079, -36.38484, -5.56695], "uv": [27, 24]},
						{"origin": [-5.675, 9.125, -0.325], "size": [2, 5, 3], "pivot": [-4.175, 16.35, 1.525], "rotation": [7.5, 0, 0], "uv": [58, 0]}
					]
				},
				{
					"name": "crystal_left4",
					"parent": "crystals",
					"pivot": [4.45, 14.25, -1.475],
					"rotation": [-7.20995, -4.02051, -48.4966],
					"cubes": [
						{"origin": [3.175, 4.025, -3.7], "size": [3, 5, 4], "pivot": [4.175, 16.25, -1.35], "rotation": [7.5, 0, 0], "uv": [14, 54], "mirror": true},
						{"origin": [4.675, 1.59674, -2.40553], "size": [0, 3, 5], "pivot": [4.675, 2.59674, 0.09447], "rotation": [9.18591, -35.15112, -5.3191], "uv": [27, 24], "mirror": true},
						{"origin": [4.675, 1.59674, -2.40553], "size": [0, 3, 5], "pivot": [4.675, 2.59674, 0.09447], "rotation": [9.33079, 36.38484, 5.56695], "uv": [27, 24], "mirror": true},
						{"origin": [3.675, 9.025, -3.2], "size": [2, 5, 3], "pivot": [4.175, 16.25, -1.35], "rotation": [7.5, 0, 0], "uv": [58, 0], "mirror": true}
					]
				},
				{
					"name": "crystal_right4",
					"parent": "crystals",
					"pivot": [-4.45, 14.25, -1.475],
					"rotation": [-7.20995, 4.02051, 48.4966],
					"cubes": [
						{"origin": [-6.175, 4.025, -3.7], "size": [3, 5, 4], "pivot": [-4.175, 16.25, -1.35], "rotation": [7.5, 0, 0], "uv": [14, 54]},
						{"origin": [-4.675, 1.59674, -2.40553], "size": [0, 3, 5], "pivot": [-4.675, 2.59674, 0.09447], "rotation": [9.18591, 35.15112, 5.3191], "uv": [27, 24]},
						{"origin": [-4.675, 1.59674, -2.40553], "size": [0, 3, 5], "pivot": [-4.675, 2.59674, 0.09447], "rotation": [9.33079, -36.38484, -5.56695], "uv": [27, 24]},
						{"origin": [-5.675, 9.025, -3.2], "size": [2, 5, 3], "pivot": [-4.175, 16.25, -1.35], "rotation": [7.5, 0, 0], "uv": [58, 0]}
					]
				},
				{
					"name": "crystal_left5",
					"parent": "crystals",
					"pivot": [3.2, 15.35, -3.375],
					"rotation": [-21.40047, 17.8647, -42.12059],
					"cubes": [
						{"origin": [1.925, 5.125, -5.6], "size": [3, 5, 4], "pivot": [2.925, 17.35, -3.25], "rotation": [7.5, 0, 0], "uv": [14, 54], "mirror": true},
						{"origin": [3.425, 2.69674, -4.30553], "size": [0, 3, 5], "pivot": [3.425, 3.69674, -1.80553], "rotation": [9.18591, -35.15112, -5.3191], "uv": [27, 24], "mirror": true},
						{"origin": [3.425, 2.69674, -4.30553], "size": [0, 3, 5], "pivot": [3.425, 3.69674, -1.80553], "rotation": [9.33079, 36.38484, 5.56695], "uv": [27, 24], "mirror": true},
						{"origin": [2.425, 10.125, -5.1], "size": [2, 5, 3], "pivot": [2.925, 17.35, -3.25], "rotation": [7.5, 0, 0], "uv": [58, 0], "mirror": true}
					]
				},
				{
					"name": "crystal_right5",
					"parent": "crystals",
					"pivot": [-3.2, 15.35, -3.375],
					"rotation": [-21.40047, -17.8647, 42.12059],
					"cubes": [
						{"origin": [-4.925, 5.125, -5.6], "size": [3, 5, 4], "pivot": [-2.925, 17.35, -3.25], "rotation": [7.5, 0, 0], "uv": [14, 54]},
						{"origin": [-3.425, 2.69674, -4.30553], "size": [0, 3, 5], "pivot": [-3.425, 3.69674, -1.80553], "rotation": [9.18591, 35.15112, 5.3191], "uv": [27, 24]},
						{"origin": [-3.425, 2.69674, -4.30553], "size": [0, 3, 5], "pivot": [-3.425, 3.69674, -1.80553], "rotation": [9.33079, -36.38484, -5.56695], "uv": [27, 24]},
						{"origin": [-4.425, 10.125, -5.1], "size": [2, 5, 3], "pivot": [-2.925, 17.35, -3.25], "rotation": [7.5, 0, 0], "uv": [58, 0]}
					]
				},
				{
					"name": "dressfrontright",
					"parent": "body",
					"pivot": [-3.25, 17.15, -2.6],
					"rotation": [30.45023, 53.86675, 7.14929],
					"cubes": [
						{"origin": [-5.25, 17.15, -9.6], "size": [4, 0, 7], "uv": [20, 16]}
					]
				},
				{
					"name": "dressfrontleft",
					"parent": "body",
					"pivot": [3.25, 17.15, -2.6],
					"rotation": [30.45023, -53.86675, -7.14929],
					"cubes": [
						{"origin": [1.25, 17.15, -9.6], "size": [4, 0, 7], "uv": [20, 16], "mirror": true}
					]
				},
				{
					"name": "dressbackleft",
					"parent": "body",
					"pivot": [3.25, 17.15, 2.6],
					"rotation": [-30.45023, 53.86675, -7.14929],
					"cubes": [
						{"origin": [1.25, 17.15, -0.4], "size": [4, 0, 7], "pivot": [3.25, 17.15, 4.6], "rotation": [180, 0, 0], "uv": [20, 16], "mirror": true}
					]
				},
				{
					"name": "dressbackright",
					"parent": "body",
					"pivot": [-3.25, 17.15, 2.6],
					"rotation": [-21.45023, -53.86675, 7.14929],
					"cubes": [
						{"origin": [-5.25, 17.15, -0.4], "size": [4, 0, 7], "pivot": [-3.25, 17.15, 4.6], "rotation": [180, 0, 0], "uv": [20, 16]}
					]
				},
				{
					"name": "dressleft",
					"parent": "body",
					"pivot": [4, 17.4, 0.4],
					"cubes": [
						{"origin": [4, 17.4, -3.1], "size": [5, 0, 7], "uv": [41, 0]}
					]
				},
				{
					"name": "dressleft2",
					"parent": "dressleft",
					"pivot": [9, 17.4, 0.4],
					"cubes": [
						{"origin": [9, 17.4, -3.1], "size": [2, 0, 7], "uv": [16, 27]}
					]
				},
				{
					"name": "dressright",
					"parent": "body",
					"pivot": [-4, 17.4, 0.4],
					"cubes": [
						{"origin": [-9, 17.4, -3.1], "size": [5, 0, 7], "uv": [41, 0], "mirror": true}
					]
				},
				{
					"name": "dressright2",
					"parent": "dressright",
					"pivot": [-9, 17.4, 0.4],
					"cubes": [
						{"origin": [-11, 17.4, -3.1], "size": [2, 0, 7], "uv": [16, 27], "mirror": true}
					]
				},
				{
					"name": "dressfront",
					"parent": "body",
					"pivot": [0, 17.4, -3.1],
					"rotation": [90, 52.5, 90],
					"cubes": [
						{"origin": [0, 17.399, -7.1], "size": [8, 0, 8], "uv": [34, 8]}
					]
				},
				{
					"name": "dressback",
					"parent": "body",
					"pivot": [-0.075, 16.325, 4.375],
					"rotation": [-90, -50, 90],
					"cubes": [
						{"origin": [-0.89592, 16.42142, 0.36418], "size": [8, 0, 8], "uv": [24, 0]}
					]
				}
			]
		}
	]
}