{
	"format_version": "1.8.0",
	"animations": {
		"animation.ironascent.antenna test": {
			"loop": true,
			"bones": {
				"antenna_start_left": {
					"rotation": [0, 5, -10]
				},
				"antenna_left": {
					"rotation": ["0+math.sin(q.anim_time*45*2-0)*15", 0, 0]
				},
				"antenna_left2": {
					"rotation": ["0+math.sin(q.anim_time*45*2-60)*15", 0, 0]
				},
				"antenna_left3": {
					"rotation": ["0+math.sin(q.anim_time*45*2-120)*15", 0, 0]
				},
				"antenna_left4": {
					"rotation": ["0+math.sin(q.anim_time*45*2-180)*15", 0, 0]
				},
				"antenna_left5": {
					"rotation": ["0+math.sin(q.anim_time*45*2-240)*15", 0, 0]
				},
				"antenna_left6": {
					"rotation": ["0+math.sin(q.anim_time*45*2-240)*15", 0, 0]
				},
				"antenna_left7": {
					"rotation": ["0+math.sin(q.anim_time*45*2-240)*15", 0, 0]
				},
				"antenna_left8": {
					"rotation": ["0+math.sin(q.anim_time*45*2-300)*15", 0, 0]
				},
				"antenna_left9": {
					"rotation": ["0+math.sin(q.anim_time*45*2-300)*15", 0, 0]
				},
				"antenna_start_right": {
					"rotation": [0, -5, 10]
				},
				"antenna_right": {
					"rotation": ["0+math.sin(q.anim_time*45*2-0)*15", 0, 0]
				},
				"antenna_right2": {
					"rotation": ["0+math.sin(q.anim_time*45*2-60)*15", 0, 0]
				},
				"antenna_right3": {
					"rotation": ["0+math.sin(q.anim_time*45*2-120)*15", 0, 0]
				},
				"antenna_right4": {
					"rotation": ["0+math.sin(q.anim_time*45*2-180)*15", 0, 0]
				},
				"antenna_right5": {
					"rotation": ["0+math.sin(q.anim_time*45*2-240)*15", 0, 0]
				},
				"antenna_right6": {
					"rotation": ["0+math.sin(q.anim_time*45*2-240)*15", 0, 0]
				},
				"antenna_right7": {
					"rotation": ["0+math.sin(q.anim_time*45*2-240)*15", 0, 0]
				},
				"antenna_right8": {
					"rotation": ["0+math.sin(q.anim_time*45*2-300)*15", 0, 0]
				},
				"antenna_right9": {
					"rotation": ["0+math.sin(q.anim_time*45*2-300)*15", 0, 0]
				}
			}
		},
		"animation.ironascent.antenna": {
			"loop": true,
			"bones": {
				"antenna_start_left": {
					"rotation": [0, 5, -10]
				},
				"antenna_left": {
					"rotation": ["0+math.sin(q.anim_time*45*2-0)*12.5", 0, 0]
				},
				"antenna_left2": {
					"rotation": ["0+math.sin(q.anim_time*45*2-30)*12.5", 0, 0]
				},
				"antenna_left3": {
					"rotation": ["0+math.sin(q.anim_time*45*2-60)*12.5", 0, 0]
				},
				"antenna_left4": {
					"rotation": ["0+math.sin(q.anim_time*45*2-90)*12.5", 0, 0]
				},
				"antenna_left5": {
					"rotation": ["0+math.sin(q.anim_time*45*2-120)*12.5", 0, 0]
				},
				"antenna_left6": {
					"rotation": ["0+math.sin(q.anim_time*45*2-150)*12.5", 0, 0]
				},
				"antenna_left7": {
					"rotation": ["0+math.sin(q.anim_time*45*2-180)*12.5", 0, 0]
				},
				"antenna_left8": {
					"rotation": ["0+math.sin(q.anim_time*45*2-210)*12.5", 0, 0]
				},
				"antenna_left9": {
					"rotation": ["0+math.sin(q.anim_time*45*2-240)*12.5", 0, 0]
				},
				"antenna_start_right": {
					"rotation": [0, -5, 10]
				},
				"antenna_right": {
					"rotation": ["0+math.sin(q.anim_time*45*2-0)*12.5", 0, 0]
				},
				"antenna_right2": {
					"rotation": ["0+math.sin(q.anim_time*45*2-30)*12.5", 0, 0]
				},
				"antenna_right3": {
					"rotation": ["0+math.sin(q.anim_time*45*2-60)*12.5", 0, 0]
				},
				"antenna_right4": {
					"rotation": ["0+math.sin(q.anim_time*45*2-90)*12.5", 0, 0]
				},
				"antenna_right5": {
					"rotation": ["0+math.sin(q.anim_time*45*2-120)*12.5", 0, 0]
				},
				"antenna_right6": {
					"rotation": ["0+math.sin(q.anim_time*45*2-150)*12.5", 0, 0]
				},
				"antenna_right7": {
					"rotation": ["0+math.sin(q.anim_time*45*2-180)*12.5", 0, 0]
				},
				"antenna_right8": {
					"rotation": ["0+math.sin(q.anim_time*45*2-210)*12.5", 0, 0]
				},
				"antenna_right9": {
					"rotation": ["0+math.sin(q.anim_time*45*2-240)*12.5", 0, 0]
				}
			}
		},
		"animation.ironascent.render": {
			"loop": true,
			"bones": {
				"body": {
					"rotation": [22.5, 0, 0],
					"position": [0, 9, 57]
				},
				"neck": {
					"rotation": [-2.5, 0, 0]
				},
				"neck_end": {
					"rotation": [-2.5, 0, 0]
				},
				"head": {
					"rotation": [12.5, 0, 0]
				},
				"antenna_start_left": {
					"rotation": [22.5, 22.5, 0]
				},
				"antenna_left": {
					"rotation": [-22.5, 0, 0]
				},
				"antenna_left2": {
					"rotation": [-22.5, 0, 0]
				},
				"antenna_left3": {
					"rotation": [-22.5, 0, 0]
				},
				"antenna_left4": {
					"rotation": [22.5, 0, 0]
				},
				"antenna_left5": {
					"rotation": [22.5, 0, 0]
				},
				"antenna_left6": {
					"rotation": [22.5, 0, 0]
				},
				"antenna_left7": {
					"rotation": [22.5, 0, 0]
				},
				"antenna_left8": {
					"rotation": [12.5, 0, 0]
				},
				"arm_right1": {
					"rotation": [0, 22.5, 22.5]
				},
				"arm_right2": {
					"rotation": [0, -45, 0]
				},
				"arm_right3": {
					"rotation": [0, -45, -22.5]
				},
				"hand_right": {
					"rotation": [-22.5, 0, -22.5]
				},
				"finger_left1": {
					"rotation": [0, 0, -22.5]
				},
				"finger_left2": {
					"rotation": [22.5, -22.5, -22.5]
				},
				"finger_left3": {
					"rotation": [-22.5, 22.5, -22.5]
				},
				"arm_left1": {
					"rotation": [0, -22.5, -22.5]
				},
				"arm_left2": {
					"rotation": [0, 45, 0]
				},
				"arm_left3": {
					"rotation": [0, 45, 22.5]
				},
				"hand_left": {
					"rotation": [-22.5, 0, 22.5]
				},
				"finger_right1": {
					"rotation": [0, 0, 22.5]
				},
				"finger_right2": {
					"rotation": [22.5, 22.5, 22.5]
				},
				"finger_right3": {
					"rotation": [-22.5, -22.5, 22.5]
				},
				"tail1": {
					"rotation": [0, -67.5, 0]
				},
				"tail2": {
					"rotation": [0, -45, 0]
				},
				"tail3": {
					"rotation": [0, -45, 0]
				},
				"tail4": {
					"rotation": [-22.5, -45, 0]
				},
				"tail5": {
					"rotation": [0, -22.5, 0]
				},
				"tail6": {
					"rotation": [0, -45, -22.5]
				},
				"tail7": {
					"rotation": [12.5, 0, 0]
				},
				"tail8": {
					"rotation": [12.5, 0, 0]
				},
				"tail9": {
					"rotation": [0, -22.5, 0],
					"position": [0, 0, 0]
				},
				"tail10": {
					"rotation": [0, -22.5, 0]
				},
				"antenna_start_right": {
					"rotation": [22.5, -22.5, 0]
				},
				"antenna_right": {
					"rotation": [-22.5, 0, 0]
				},
				"antenna_right2": {
					"rotation": [-22.5, 0, 0]
				},
				"antenna_right3": {
					"rotation": [-22.5, 0, 0]
				},
				"antenna_right4": {
					"rotation": [22.5, 0, 0]
				},
				"antenna_right5": {
					"rotation": [22.5, 0, 0]
				},
				"antenna_right6": {
					"rotation": [22.5, 0, 0]
				},
				"antenna_right7": {
					"rotation": [22.5, 0, 0]
				},
				"antenna_right8": {
					"rotation": [12.5, 0, 0]
				}
			}
		},
		"animation.ironascent.air_idle": {
			"loop": true,
			"bones": {
				"body": {
					"position": [0, "47+Math.sin(query.anim_time * 90)", 50]
				},
				"neck_end": {
					"rotation": ["12.5+math.sin(q.anim_time*45*2-50)*-5", 0, 0]
				},
				"head": {
					"rotation": ["-10+math.sin(q.anim_time*45*2-20)*10", 0, 0]
				},
				"torso": {
					"rotation": ["-37+math.sin(q.anim_time*45*2-20)*-2", 0, 0]
				},
				"tail1": {
					"rotation": ["-50+math.sin(q.anim_time*45*2-50)*-2", 0, -20]
				},
				"tail2": {
					"rotation": [-30, "math.sin(q.anim_time*45*2-50)*-2", -20]
				},
				"tail3": {
					"rotation": [-30, "-12.5+math.sin(q.anim_time*45*2-50)*-2", 7.5]
				},
				"tail4": {
					"rotation": [25, "22.5+math.sin(q.anim_time*45*2-80)*-2", 160]
				},
				"tail5": {
					"rotation": [0, "22.5+math.sin(q.anim_time*45*2-50)*-2", 0]
				},
				"tail6": {
					"rotation": [0, "22.5+math.sin(q.anim_time*45*2-50)*-2", 0]
				},
				"tail7": {
					"rotation": [-7.5, "22.5+math.sin(q.anim_time*45*2-80)*-2", 0]
				},
				"tail8": {
					"rotation": [-5, "22.5+math.sin(q.anim_time*45*2-80)*-2", 0]
				},
				"tail9": {
					"rotation": [-5, "22.5+math.sin(q.anim_time*45*2-80)*-2", 0]
				},
				"tail10": {
					"rotation": [-7.5, "22.5+math.sin(q.anim_time*45*2-80)*-2", 0]
				},
				"tail11": {
					"rotation": [0, "22.5+math.sin(q.anim_time*45*2-80)*-10", 0]
				},
				"jaw": {
					"rotation": ["7.5+math.sin(q.anim_time*45*2-80)*-5", 0, 0]
				},
				"arm_right1": {
					"rotation": [0, 10, "-15+math.sin(q.anim_time*45*2-80)*2"]
				},
				"arm_right2": {
					"rotation": [17.51565, -2.3842, "-18.2522+math.sin(q.anim_time*45*2-110)*2"]
				},
				"arm_right3": {
					"rotation": [-5.13872, "-17.6723+math.sin(q.anim_time*45*2-110)*2", "-27.8512+math.sin(q.anim_time*45*2-110)*4"]
				},
				"hand_right": {
					"rotation": [30.35455, "-14.2563+math.sin(q.anim_time*45*2-110)*2", "-22.7266+math.sin(q.anim_time*45*2-110)*5"]
				},
				"finger_left1": {
					"rotation": [0, 0, "-12.5+math.sin(q.anim_time*45*2-110)*20"]
				},
				"finger_left2": {
					"rotation": [3.28396, -12.0675, "-15.3472+math.sin(q.anim_time*45*2-110)*20"]
				},
				"finger_left3": {
					"rotation": [-3.28396, 12.0675, "-15.3472+math.sin(q.anim_time*45*2-110)*20"]
				},
				"arm_left1": {
					"rotation": [0, -10, "15+math.sin(q.anim_time*45*2-80)*-2"]
				},
				"arm_left2": {
					"rotation": [17.51565, 2.38422, "18.2522+math.sin(q.anim_time*45*2-110)*-2"]
				},
				"arm_left3": {
					"rotation": [-5.13872, "17.6723+math.sin(q.anim_time*45*2-110)*-2", "27.8512+math.sin(q.anim_time*45*2-110)*-4"]
				},
				"hand_left": {
					"rotation": [30.35455, "14.2563+math.sin(q.anim_time*45*2-110)*-2", "22.7266+math.sin(q.anim_time*45*2-110)*-5"]
				},
				"finger_right1": {
					"rotation": [0, 0, "12.5+math.sin(q.anim_time*45*2-110)*-20"]
				},
				"finger_right2": {
					"rotation": [3.28396, 12.06754, "15.3472+math.sin(q.anim_time*45*2-110)*-20"]
				},
				"finger_right3": {
					"rotation": [-3.28396, -12.06754, "15.3472+math.sin(q.anim_time*45*2-110)*-20"]
				},
				"tail_fire": {
					"scale": 0
				},
				"neck": {
					"rotation": ["math.sin(q.anim_time*45*2-20)*-5", 0, 0]
				},
				"tail3_spin": {
					"rotation": [0, 0, "20*1+q.anim_time*90*1"]
				},
				"antenna_start_left": {
					"rotation": [0, 5, 0]
				},
				"antenna_start_right": {
					"rotation": [0, -5, 0]
				}
			}
		},
		"animation.ironascent.air_fly": {
			"loop": true,
			"bones": {
				"body": {
					"position": ["0+math.sin(q.anim_time*45*2-240)*-3", 32, 33]
				},
				"neck_end": {
					"rotation": [-15, "math.sin(q.anim_time*45*2-270)*-5", 0],
					"position": [0, "math.sin(q.anim_time*90*2-330)*-1", 0]
				},
				"head": {
					"rotation": [22.5, "math.sin(q.anim_time*45*2-240)*-5", "math.sin(q.anim_time*45*2-90)*10"]
				},
				"torso": {
					"rotation": [0, "0+math.sin(q.anim_time*45*2-330)*-10", 0],
					"position": [0, "math.sin(q.anim_time*90*2-330)*-1", 0]
				},
				"tail1": {
					"rotation": [0, "math.sin(q.anim_time*45*2-30)*-7.5", 0],
					"position": [0, "math.sin(q.anim_time*90*2-330)*1", 0]
				},
				"tail2": {
					"rotation": [-2.5, "math.sin(q.anim_time*45*2-60)*-7.5", 0]
				},
				"tail3": {
					"rotation": [0, "math.sin(q.anim_time*45*2-60)*-5", 0],
					"position": [0, "math.sin(q.anim_time*90*2-330)*-1", 0]
				},
				"tail4": {
					"rotation": [2.5, "math.sin(q.anim_time*45*2-210)*-5", 0],
					"position": [0, "math.sin(q.anim_time*90*2-330)*1", 0]
				},
				"tail5": {
					"rotation": [-2.5, "0+math.sin(q.anim_time*45*2-270)*5", 0]
				},
				"tail6": {
					"rotation": [0, "0+math.sin(q.anim_time*45*2-270)*5", 0]
				},
				"tail7": {
					"rotation": [-2.5, "0+math.sin(q.anim_time*45*2-300)*5", 0]
				},
				"tail8": {
					"rotation": [0, "0+math.sin(q.anim_time*45*2-300)*5", 0]
				},
				"tail9": {
					"rotation": [2.5, "0+math.sin(q.anim_time*45*2-300)*5", 0]
				},
				"tail10": {
					"rotation": [2.5, "0+math.sin(q.anim_time*45*2-300)*5", 0]
				},
				"tail11": {
					"rotation": [2.5, "0+math.sin(q.anim_time*45*2-300)*5", 0]
				},
				"jaw": {
					"rotation": ["7.5+math.sin(q.anim_time*90*2-80)*-5", 0, 0]
				},
				"arm_right1": {
					"rotation": [0, 10, "-15+math.sin(q.anim_time*90*2-80)*5"]
				},
				"arm_right2": {
					"rotation": [14.69642, -17.8912, "-34.5444+math.sin(q.anim_time*90*2-110)*2"]
				},
				"arm_right3": {
					"rotation": [20.57466, "-48.0607+math.sin(q.anim_time*90*2-110)*2", "-46.3572+math.sin(q.anim_time*90*2-110)*4"]
				},
				"hand_right": {
					"rotation": [19.83551, "-26.5291+math.sin(q.anim_time*90*2-110)*2", "-19.2739+math.sin(q.anim_time*90*2-110)*5"]
				},
				"finger_left1": {
					"rotation": [0, 0, "-27.5+math.sin(q.anim_time*90*2-110)*20"]
				},
				"finger_left2": {
					"rotation": [6.32525, -10.80351, "-30.5987+math.sin(q.anim_time*90*2-110)*20"]
				},
				"finger_left3": {
					"rotation": [-6.32525, 10.80351, "-30.5987+math.sin(q.anim_time*90*2-110)*20"]
				},
				"arm_left1": {
					"rotation": [0, -10, "15+math.sin(q.anim_time*90*2-80)*-5"]
				},
				"arm_left2": {
					"rotation": [14.69642, 17.89117, "34.5444+math.sin(q.anim_time*90*2-110)*-2"]
				},
				"arm_left3": {
					"rotation": [20.57466, "48.0607+math.sin(q.anim_time*90*2-110)*-2", "46.3572+math.sin(q.anim_time*90*2-110)*-4"]
				},
				"hand_left": {
					"rotation": [19.83551, "26.5291+math.sin(q.anim_time*90*2-110)*-2", "19.2739+math.sin(q.anim_time*90*2-110)*-5"]
				},
				"finger_right1": {
					"rotation": [0, 0, "27.5+math.sin(q.anim_time*90*2-110)*-20"]
				},
				"finger_right2": {
					"rotation": [6.32526, 10.80355, "30.5987+math.sin(q.anim_time*90*2-110)*-20"]
				},
				"finger_right3": {
					"rotation": [-6.32526, -10.80355, "30.5987+math.sin(q.anim_time*90*2-110)*-20"]
				},
				"tail_fire": {
					"rotation": [0, 0, "20*1+q.anim_time*90*1"],
					"scale": [1.5, "1.5+math.sin(q.anim_time*90*2)*0.3", 1.5]
				},
				"neck": {
					"rotation": [-2.5, "math.sin(q.anim_time*45*2-300)*-5", 0],
					"position": [0, "math.sin(q.anim_time*90*2-330)*-1", 0]
				},
				"tail_end1": {
					"rotation": [0, 0, 2.5]
				},
				"tail3_spin": {
					"rotation": [0, 0, "20*1+q.anim_time*90*2"]
				}
			}
		},
		"animation.ironascent.battle_idle": {
			"loop": true,
			"bones": {
				"body": {
					"rotation": [22.5, 0, 0],
					"position": [0, 17, 57]
				},
				"neck": {
					"rotation": ["-2.5+math.sin(q.anim_time*90*2-20)*-2", "math.sin(q.anim_time*90*2-80)*-2", 0],
					"position": [0, "math.sin(q.anim_time*90*2-20)", 0]
				},
				"neck_end": {
					"rotation": ["-10+math.sin(q.anim_time*90*2-20)*-3", "math.sin(q.anim_time*90*2-80)*2", 0]
				},
				"head": {
					"rotation": ["-7.5+math.sin(q.anim_time*90*2-20)*3", 0, 0]
				},
				"antenna_start_left": {
					"rotation": [22.5, 22.5, 0]
				},
				"arm_right1": {
					"rotation": [0, 22.5, "22.5+math.sin(q.anim_time*90*2-80)*5"]
				},
				"arm_right2": {
					"rotation": [0, -45, "math.sin(q.anim_time*90*2-110)*2"]
				},
				"arm_right3": {
					"rotation": [0, "-45+math.sin(q.anim_time*90*2-110)*2", "-22.5+math.sin(q.anim_time*90*2-110)*4"]
				},
				"hand_right": {
					"rotation": [-22.5, "math.sin(q.anim_time*90*2-110)*2", "-22.5+math.sin(q.anim_time*90*2-110)*5"]
				},
				"finger_left1": {
					"rotation": [0, 0, "-22.5+math.sin(q.anim_time*90*2-110)*20"]
				},
				"finger_left2": {
					"rotation": [22.5, -22.5, "-22.5+math.sin(q.anim_time*90*2-110)*20"]
				},
				"finger_left3": {
					"rotation": [-22.5, 22.5, "-22.5+math.sin(q.anim_time*90*2-110)*20"]
				},
				"arm_left1": {
					"rotation": [0, -22.5, "-22.5+math.sin(q.anim_time*90*2-80)*-5"]
				},
				"arm_left2": {
					"rotation": [0, 45, "math.sin(q.anim_time*90*2-110)*-2"]
				},
				"arm_left3": {
					"rotation": [0, "45+math.sin(q.anim_time*90*2-110)*-2", "22.5+math.sin(q.anim_time*90*2-110)*-4"]
				},
				"hand_left": {
					"rotation": [-22.5, "math.sin(q.anim_time*90*2-110)*-2", "22.5+math.sin(q.anim_time*90*2-110)*-5"]
				},
				"finger_right1": {
					"rotation": [0, 0, "22.5+math.sin(q.anim_time*90*2-110)*-20"]
				},
				"finger_right2": {
					"rotation": [22.5, 22.5, "22.5+math.sin(q.anim_time*90*2-110)*-20"]
				},
				"finger_right3": {
					"rotation": [-22.5, -22.5, "22.5+math.sin(q.anim_time*90*2-110)*-20"]
				},
				"tail1": {
					"rotation": ["math.sin(q.anim_time*90*2-20)*-2", -67.5, 0],
					"position": [0, 0, 0]
				},
				"tail2": {
					"rotation": ["math.sin(q.anim_time*90*2-20)*-2", -45, 0]
				},
				"tail3": {
					"rotation": ["math.sin(q.anim_time*90*2-20)*-2", -45, 0]
				},
				"tail4": {
					"rotation": ["-22.5+math.sin(q.anim_time*90*2-20)*-2", -45, 0]
				},
				"tail5": {
					"rotation": ["math.sin(q.anim_time*90*2-50)*-2", -22.5, 0]
				},
				"tail6": {
					"rotation": ["math.sin(q.anim_time*90*2-50)*-2", -45, -22.5]
				},
				"tail7": {
					"rotation": ["12.5+math.sin(q.anim_time*90*2-80)*-2", 0, 0]
				},
				"tail8": {
					"rotation": ["12.5+math.sin(q.anim_time*90*2-80)*-2", 0, 0]
				},
				"tail9": {
					"rotation": ["math.sin(q.anim_time*90*2-80)*-3", -22.5, 0],
					"position": [0, 0, 0]
				},
				"tail10": {
					"rotation": ["math.sin(q.anim_time*90*2-80)*-4", -22.5, 0]
				},
				"antenna_start_right": {
					"rotation": [22.5, -22.5, 0]
				},
				"jaw": {
					"rotation": ["12.5+math.sin(q.anim_time*90*2-20)*3", 0, 0]
				},
				"tail_fire": {
					"scale": 0
				},
				"torso": {
					"rotation": ["math.sin(q.anim_time*90*2-20)*-2", "math.sin(q.anim_time*90*2-80)*-2", 0],
					"position": [0, "math.sin(q.anim_time*90*2-20)", 0]
				},
				"tail3_spin": {
					"rotation": [0, 0, "20*1+q.anim_time*90*2"]
				},
				"tail11": {
					"rotation": ["math.sin(q.anim_time*90*2-80)*-5", 0, 0]
				}
			}
		},
		"animation.ironascent.physical_attack": {
			"animation_length": 1.5,
			"bones": {
				"body": {
					"rotation": [22.5, 0, 0],
					"position": [0, 16.5, 57]
				},
				"neck": {
					"rotation": [-2.5, 0, 0]
				},
				"neck_end": {
					"rotation": [-10, 0, 0]
				},
				"head": {
					"rotation": [-7.5, 0, 0]
				},
				"arm_right1": {
					"rotation": [0, 22.5, 22.5]
				},
				"arm_right2": {
					"rotation": [0, -45, 0]
				},
				"arm_right3": {
					"rotation": [0, -45, -22.5]
				},
				"hand_right": {
					"rotation": [-22.5, 0, -22.5]
				},
				"finger_left1": {
					"rotation": [0, 0, -22.5]
				},
				"finger_left2": {
					"rotation": [22.5, -22.5, -22.5]
				},
				"finger_left3": {
					"rotation": [-22.5, 22.5, -22.5]
				},
				"arm_left1": {
					"rotation": [0, -22.5, -22.5]
				},
				"arm_left2": {
					"rotation": [0, 45, 0]
				},
				"arm_left3": {
					"rotation": [0, 45, 22.5]
				},
				"hand_left": {
					"rotation": [-22.5, 0, 22.5]
				},
				"finger_right1": {
					"rotation": [0, 0, 22.5]
				},
				"finger_right2": {
					"rotation": [22.5, 22.5, 22.5]
				},
				"finger_right3": {
					"rotation": [-22.5, -22.5, 22.5]
				},
				"tail1": {
					"rotation": [0, -67.5, 0]
				},
				"tail2": {
					"rotation": [0, -45, 0]
				},
				"tail3": {
					"rotation": [0, -45, 0]
				},
				"tail4": {
					"rotation": [-22.5, -45, 0]
				},
				"tail5": {
					"rotation": [0, -22.5, 0]
				},
				"tail6": {
					"rotation": [0, -45, -22.5]
				},
				"tail7": {
					"rotation": [12.5, 0, 0]
				},
				"tail8": {
					"rotation": [12.5, 0, 0]
				},
				"tail9": {
					"rotation": [0, -22.5, 0],
					"position": [0, 0, 0]
				},
				"tail10": {
					"rotation": [0, -22.5, 0]
				},
				"tail_fire": {
					"scale": 0
				},
				"jaw": {
					"rotation": [12.5, 0, 0]
				},
				"antenna_start_left": {
					"rotation": [22.5, 22.5, 0]
				},
				"antenna_start_right": {
					"rotation": [22.5, -22.5, 0]
				}
			}
		},
		"animation.ironascent.special_attack": {
			"animation_length": 1.5,
			"bones": {
				"body": {
					"rotation": [22.5, 0, 0],
					"position": [0, 16.5, 57]
				},
				"neck": {
					"rotation": [-2.5, 0, 0]
				},
				"neck_end": {
					"rotation": [-10, 0, 0]
				},
				"head": {
					"rotation": [-7.5, 0, 0]
				},
				"arm_right1": {
					"rotation": [0, 22.5, 22.5]
				},
				"arm_right2": {
					"rotation": [0, -45, 0]
				},
				"arm_right3": {
					"rotation": [0, -45, -22.5]
				},
				"hand_right": {
					"rotation": [-22.5, 0, -22.5]
				},
				"finger_left1": {
					"rotation": [0, 0, -22.5]
				},
				"finger_left2": {
					"rotation": [22.5, -22.5, -22.5]
				},
				"finger_left3": {
					"rotation": [-22.5, 22.5, -22.5]
				},
				"arm_left1": {
					"rotation": [0, -22.5, -22.5]
				},
				"arm_left2": {
					"rotation": [0, 45, 0]
				},
				"arm_left3": {
					"rotation": [0, 45, 22.5]
				},
				"hand_left": {
					"rotation": [-22.5, 0, 22.5]
				},
				"finger_right1": {
					"rotation": [0, 0, 22.5]
				},
				"finger_right2": {
					"rotation": [22.5, 22.5, 22.5]
				},
				"finger_right3": {
					"rotation": [-22.5, -22.5, 22.5]
				},
				"tail1": {
					"rotation": [0, -67.5, 0]
				},
				"tail2": {
					"rotation": [0, -45, 0]
				},
				"tail3": {
					"rotation": [0, -45, 0]
				},
				"tail4": {
					"rotation": [-22.5, -45, 0]
				},
				"tail5": {
					"rotation": [0, -22.5, 0]
				},
				"tail6": {
					"rotation": [0, -45, -22.5]
				},
				"tail7": {
					"rotation": [12.5, 0, 0]
				},
				"tail8": {
					"rotation": [12.5, 0, 0]
				},
				"tail9": {
					"rotation": [0, -22.5, 0],
					"position": [0, 0, 0]
				},
				"tail10": {
					"rotation": [0, -22.5, 0]
				},
				"tail_fire": {
					"scale": 0
				},
				"jaw": {
					"rotation": [12.5, 0, 0]
				},
				"antenna_start_left": {
					"rotation": [22.5, 22.5, 0]
				},
				"antenna_start_right": {
					"rotation": [22.5, -22.5, 0]
				}
			}
		},
		"animation.ironascent.status": {
			"animation_length": 1.5,
			"bones": {
				"body": {
					"rotation": [22.5, 0, 0],
					"position": [0, 16.5, 57]
				},
				"neck": {
					"rotation": [-2.5, 0, 0]
				},
				"neck_end": {
					"rotation": [-10, 0, 0]
				},
				"head": {
					"rotation": [-7.5, 0, 0]
				},
				"arm_right1": {
					"rotation": [0, 22.5, 22.5]
				},
				"arm_right2": {
					"rotation": [0, -45, 0]
				},
				"arm_right3": {
					"rotation": [0, -45, -22.5]
				},
				"hand_right": {
					"rotation": [-22.5, 0, -22.5]
				},
				"finger_left1": {
					"rotation": [0, 0, -22.5]
				},
				"finger_left2": {
					"rotation": [22.5, -22.5, -22.5]
				},
				"finger_left3": {
					"rotation": [-22.5, 22.5, -22.5]
				},
				"arm_left1": {
					"rotation": [0, -22.5, -22.5]
				},
				"arm_left2": {
					"rotation": [0, 45, 0]
				},
				"arm_left3": {
					"rotation": [0, 45, 22.5]
				},
				"hand_left": {
					"rotation": [-22.5, 0, 22.5]
				},
				"finger_right1": {
					"rotation": [0, 0, 22.5]
				},
				"finger_right2": {
					"rotation": [22.5, 22.5, 22.5]
				},
				"finger_right3": {
					"rotation": [-22.5, -22.5, 22.5]
				},
				"tail1": {
					"rotation": [0, -67.5, 0]
				},
				"tail2": {
					"rotation": [0, -45, 0]
				},
				"tail3": {
					"rotation": [0, -45, 0]
				},
				"tail4": {
					"rotation": [-22.5, -45, 0]
				},
				"tail5": {
					"rotation": [0, -22.5, 0]
				},
				"tail6": {
					"rotation": [0, -45, -22.5]
				},
				"tail7": {
					"rotation": [12.5, 0, 0]
				},
				"tail8": {
					"rotation": [12.5, 0, 0]
				},
				"tail9": {
					"rotation": [0, -22.5, 0],
					"position": [0, 0, 0]
				},
				"tail10": {
					"rotation": [0, -22.5, 0]
				},
				"tail_fire": {
					"scale": 0
				},
				"jaw": {
					"rotation": [12.5, 0, 0]
				},
				"antenna_start_left": {
					"rotation": [22.5, 22.5, 0]
				},
				"antenna_start_right": {
					"rotation": [22.5, -22.5, 0]
				}
			}
		},
		"animation.ironascent.faint": {
			"loop": "hold_on_last_frame",
			"animation_length": 2.5,
			"bones": {
				"body": {
					"rotation": {
						"0.0": {
							"post": [0, 0, 0],
							"lerp_mode": "catmullrom"
						},
						"0.25": {
							"post": [81.26325, 20.04624, -66.14458],
							"lerp_mode": "catmullrom"
						},
						"0.625": {
							"post": [216.92573, 27.95327, -76.75812],
							"lerp_mode": "catmullrom"
						},
						"0.9167": {
							"post": [360, 0, -10],
							"lerp_mode": "catmullrom"
						},
						"1.5": {
							"post": [360, 0, 0],
							"lerp_mode": "catmullrom"
						},
						"2.2083": {
							"post": [364.99527, 0.21782, -2.4905],
							"lerp_mode": "catmullrom"
						},
						"2.5": [270, 0, 0]
					},
					"position": {
						"0.0": {
							"post": [0, 47, 50],
							"lerp_mode": "catmullrom"
						},
						"0.25": {
							"post": [-21, 15, 11],
							"lerp_mode": "catmullrom"
						},
						"0.4583": {
							"post": [17.28, -1.06, 21.92],
							"lerp_mode": "catmullrom"
						},
						"0.625": {
							"post": [38, 13, 49],
							"lerp_mode": "catmullrom"
						},
						"0.9167": {
							"post": [0, 63, 66],
							"lerp_mode": "catmullrom"
						},
						"1.5": {
							"post": [0, 72, 66],
							"lerp_mode": "catmullrom"
						},
						"2.2083": {
							"post": [0, 68, 66],
							"lerp_mode": "catmullrom"
						},
						"2.5": [0, -16, 65]
					}
				},
				"neck_end": {
					"rotation": {
						"0.0": {
							"post": [12.5, 0, 0],
							"lerp_mode": "catmullrom"
						},
						"0.25": {
							"post": [27.5, 0, 0],
							"lerp_mode": "catmullrom"
						},
						"0.625": {
							"post": [27.5, 0, 0],
							"lerp_mode": "catmullrom"
						},
						"0.8333": {
							"post": [0, 0, 0],
							"lerp_mode": "catmullrom"
						}
					}
				},
				"head": {
					"rotation": {
						"0.0": {
							"post": [-10, 0, 0],
							"lerp_mode": "catmullrom"
						},
						"0.25": {
							"post": [25, 0, 0],
							"lerp_mode": "catmullrom"
						},
						"0.625": {
							"post": [25, 0, 0],
							"lerp_mode": "catmullrom"
						},
						"0.8333": {
							"post": [0, 0, 0],
							"lerp_mode": "catmullrom"
						}
					}
				},
				"torso": {
					"rotation": {
						"0.0": {
							"post": [-35, 0, 0],
							"lerp_mode": "catmullrom"
						},
						"0.25": {
							"post": [-35, 0, 0],
							"lerp_mode": "catmullrom"
						},
						"0.625": {
							"post": [-35, 0, 0],
							"lerp_mode": "catmullrom"
						},
						"0.8333": {
							"post": [-90, 0, 0],
							"lerp_mode": "catmullrom"
						}
					}
				},
				"tail1": {
					"rotation": {
						"0.0": {
							"post": [-50, 0, -20],
							"lerp_mode": "catmullrom"
						},
						"0.25": {
							"post": [-27.5, 0, 0],
							"lerp_mode": "catmullrom"
						},
						"0.625": {
							"post": [-27.5, 0, 0],
							"lerp_mode": "catmullrom"
						},
						"0.8333": {
							"post": [0, 0, 0],
							"lerp_mode": "catmullrom"
						}
					}
				},
				"tail2": {
					"rotation": {
						"0.0": {
							"post": [-30, 0, -20],
							"lerp_mode": "catmullrom"
						},
						"0.25": {
							"post": [-20, 0, 0],
							"lerp_mode": "catmullrom"
						},
						"0.625": {
							"post": [-20, 0, 0],
							"lerp_mode": "catmullrom"
						},
						"0.8333": {
							"post": [0, 0, 0],
							"lerp_mode": "catmullrom"
						}
					}
				},
				"tail3": {
					"rotation": {
						"0.0": {
							"post": [-30, -12.5, 7.5],
							"lerp_mode": "catmullrom"
						},
						"0.25": {
							"post": [-25, 0, 0],
							"lerp_mode": "catmullrom"
						},
						"0.625": {
							"post": [-25, 0, 0],
							"lerp_mode": "catmullrom"
						},
						"0.8333": {
							"post": [0, 0, 0],
							"lerp_mode": "catmullrom"
						}
					}
				},
				"tail4": {
					"rotation": {
						"0.0": {
							"post": [25, 22.5, 160],
							"lerp_mode": "catmullrom"
						},
						"0.25": {
							"post": [-25, 0, 0],
							"lerp_mode": "catmullrom"
						},
						"0.625": {
							"post": [-25, 0, 0],
							"lerp_mode": "catmullrom"
						},
						"0.8333": {
							"post": [0, 0, 0],
							"lerp_mode": "catmullrom"
						}
					}
				},
				"tail5": {
					"rotation": {
						"0.0": {
							"post": [0, 22.5, 0],
							"lerp_mode": "catmullrom"
						},
						"0.25": {
							"post": [-20, 0, 0],
							"lerp_mode": "catmullrom"
						},
						"0.625": {
							"post": [-20, 0, 0],
							"lerp_mode": "catmullrom"
						},
						"0.8333": {
							"post": [0, 0, 0],
							"lerp_mode": "catmullrom"
						}
					}
				},
				"tail6": {
					"rotation": {
						"0.0": {
							"post": [0, 22.5, 0],
							"lerp_mode": "catmullrom"
						},
						"0.25": {
							"post": [-22.5, 0, 0],
							"lerp_mode": "catmullrom"
						},
						"0.625": {
							"post": [-22.5, 0, 0],
							"lerp_mode": "catmullrom"
						},
						"0.8333": {
							"post": [0, 0, 0],
							"lerp_mode": "catmullrom"
						}
					}
				},
				"tail7": {
					"rotation": {
						"0.0": {
							"post": [-7.5, 22.5, 0],
							"lerp_mode": "catmullrom"
						},
						"0.25": {
							"post": [-20, 0, 0],
							"lerp_mode": "catmullrom"
						},
						"0.625": {
							"post": [-20, 0, 0],
							"lerp_mode": "catmullrom"
						},
						"0.8333": {
							"post": [0, 0, 0],
							"lerp_mode": "catmullrom"
						}
					}
				},
				"tail8": {
					"rotation": {
						"0.0": {
							"post": [-5, 22.5, 0],
							"lerp_mode": "catmullrom"
						},
						"0.25": {
							"post": [-12.5, 0, 0],
							"lerp_mode": "catmullrom"
						},
						"0.625": {
							"post": [-12.5, 0, 0],
							"lerp_mode": "catmullrom"
						},
						"0.8333": {
							"post": [0, 0, 0],
							"lerp_mode": "catmullrom"
						}
					}
				},
				"tail9": {
					"rotation": {
						"0.0": {
							"post": [-5, 22.5, 0],
							"lerp_mode": "catmullrom"
						},
						"0.25": {
							"post": [-15, 0, 0],
							"lerp_mode": "catmullrom"
						},
						"0.625": {
							"post": [-15, 0, 0],
							"lerp_mode": "catmullrom"
						},
						"0.8333": {
							"post": [0, 0, 0],
							"lerp_mode": "catmullrom"
						}
					}
				},
				"tail10": {
					"rotation": {
						"0.0": {
							"post": [-7.5, 22.5, 0],
							"lerp_mode": "catmullrom"
						},
						"0.25": {
							"post": [-12.5, 0, 0],
							"lerp_mode": "catmullrom"
						},
						"0.625": {
							"post": [-12.5, 0, 0],
							"lerp_mode": "catmullrom"
						},
						"0.8333": {
							"post": [0, 0, 0],
							"lerp_mode": "catmullrom"
						}
					}
				},
				"tail11": {
					"rotation": {
						"0.0": {
							"post": [0, 22.5, 0],
							"lerp_mode": "catmullrom"
						},
						"0.25": {
							"post": [-15, 0, 0],
							"lerp_mode": "catmullrom"
						},
						"0.625": {
							"post": [-15, 0, 0],
							"lerp_mode": "catmullrom"
						},
						"0.8333": {
							"post": [0, 0, 0],
							"lerp_mode": "catmullrom"
						}
					}
				},
				"jaw": {
					"rotation": {
						"0.0": {
							"post": [7.5, 0, 0],
							"lerp_mode": "catmullrom"
						},
						"0.25": {
							"post": [0, 0, 0],
							"lerp_mode": "catmullrom"
						},
						"0.625": {
							"post": [0, 0, 0],
							"lerp_mode": "catmullrom"
						},
						"0.8333": {
							"post": [20, 0, 0],
							"lerp_mode": "catmullrom"
						}
					}
				},
				"arm_right1": {
					"rotation": [0, 10, -15]
				},
				"arm_right2": {
					"rotation": [17.51565, -2.3842, -18.2522]
				},
				"arm_right3": {
					"rotation": [-5.13872, -17.6723, -27.8512]
				},
				"hand_right": {
					"rotation": [30.35455, -14.2563, -22.7266]
				},
				"finger_left1": {
					"rotation": [0, 0, -12.5]
				},
				"finger_left2": {
					"rotation": [3.28396, -12.0675, -15.3472]
				},
				"finger_left3": {
					"rotation": [-3.28396, 12.0675, -15.3472]
				},
				"arm_left1": {
					"rotation": [0, -10, 15]
				},
				"arm_left2": {
					"rotation": [17.51565, 2.38422, 18.2522]
				},
				"arm_left3": {
					"rotation": [-5.13872, 17.67233, 27.8512]
				},
				"hand_left": {
					"rotation": [30.35455, 14.25626, 22.72661]
				},
				"finger_right1": {
					"rotation": [0, 0, 12.5]
				},
				"finger_right2": {
					"rotation": [3.28396, 12.06754, 15.34721]
				},
				"finger_right3": {
					"rotation": [-3.28396, -12.06754, 15.34721]
				},
				"tail_fire": {
					"scale": {
						"0.0": [0, 0, 0],
						"0.25": [1, 1, 1]
					}
				},
				"neck": {
					"rotation": {
						"0.0": {
							"post": [0, 0, 0],
							"lerp_mode": "catmullrom"
						},
						"0.25": {
							"post": [-17.5, 0, 0],
							"lerp_mode": "catmullrom"
						},
						"0.625": {
							"post": [-17.5, 0, 0],
							"lerp_mode": "catmullrom"
						},
						"0.8333": {
							"post": [-90, 0, 0],
							"lerp_mode": "catmullrom"
						}
					}
				}
			}
		},
		"animation.ironascent.cry": {
			"animation_length": 2.25,
			"bones": {
				"neck": {
					"rotation": {
						"0.0": {
							"post": [0, 0, 0],
							"lerp_mode": "catmullrom"
						},
						"0.25": {
							"post": [7.50706, -2.4786, -0.32652],
							"lerp_mode": "catmullrom"
						},
						"0.5": {
							"post": [-7.50706, -2.4786, 0.32652],
							"lerp_mode": "catmullrom"
						},
						"1.25": {
							"post": [-7.5, 0, 0],
							"lerp_mode": "catmullrom"
						},
						"1.75": [0, 0, 0]
					}
				},
				"neck_end": {
					"rotation": {
						"0.0": {
							"post": [0, 0, 0],
							"lerp_mode": "catmullrom"
						},
						"0.25": {
							"post": [7.50706, -2.4786, -0.32652],
							"lerp_mode": "catmullrom"
						},
						"0.625": {
							"post": [-7.50706, -2.4786, 0.32652],
							"lerp_mode": "catmullrom"
						},
						"1.2917": {
							"post": [-7.5, 0, 0],
							"lerp_mode": "catmullrom"
						},
						"1.75": [0, 0, 0]
					}
				},
				"head": {
					"rotation": {
						"0.0": {
							"post": [0, 0, 0],
							"lerp_mode": "catmullrom"
						},
						"0.25": {
							"post": [7.52832, -4.95712, -0.65426],
							"lerp_mode": "catmullrom"
						},
						"0.7083": {
							"post": [-7.52832, -4.95712, 0.65426],
							"lerp_mode": "catmullrom"
						},
						"1.2917": {
							"post": [-7.5, 0, 0],
							"lerp_mode": "catmullrom"
						},
						"1.75": [0, 0, 0]
					}
				},
				"jaw": {
					"rotation": {
						"0.0": {
							"post": [0, 0, 0],
							"lerp_mode": "catmullrom"
						},
						"0.25": {
							"post": [-5, 0, 0],
							"lerp_mode": "catmullrom"
						},
						"0.5": {
							"post": [17.5, 0, 0],
							"lerp_mode": "catmullrom"
						},
						"1.25": {
							"post": [17.5, 0, 0],
							"lerp_mode": "catmullrom"
						},
						"1.75": [0, 0, 0]
					}
				},
				"arm_right1": {
					"rotation": {
						"0.0": {
							"post": [0, 0, 0],
							"lerp_mode": "catmullrom"
						},
						"0.25": {
							"post": [0, 7.5, -7.5],
							"lerp_mode": "catmullrom"
						},
						"0.5": {
							"post": [1.95382, -7.74834, 7.11387],
							"lerp_mode": "catmullrom"
						},
						"1.25": {
							"post": [1.95382, -7.74834, 7.11387],
							"lerp_mode": "catmullrom"
						},
						"1.75": [0, 0, 0]
					}
				},
				"arm_right2": {
					"rotation": {
						"0.0": {
							"post": [0, 0, 0],
							"lerp_mode": "catmullrom"
						},
						"0.25": {
							"post": [7.5, 7.5, -7.5],
							"lerp_mode": "catmullrom"
						},
						"0.5": {
							"post": [-5.73571, -9.49603, 5.03599],
							"lerp_mode": "catmullrom"
						},
						"1.25": {
							"post": [-5.73571, -9.49603, 5.03599],
							"lerp_mode": "catmullrom"
						},
						"1.75": [0, 0, 0]
					}
				},
				"arm_right3": {
					"rotation": {
						"0.0": {
							"post": [0, 0, 0],
							"lerp_mode": "catmullrom"
						},
						"0.25": {
							"post": [7.5, 7.5, -7.5],
							"lerp_mode": "catmullrom"
						},
						"0.5": {
							"post": [-5.73571, -9.49603, 5.03599],
							"lerp_mode": "catmullrom"
						},
						"1.25": {
							"post": [-5.73571, -9.49603, 5.03599],
							"lerp_mode": "catmullrom"
						},
						"1.75": [0, 0, 0]
					}
				},
				"hand_right": {
					"rotation": {
						"0.0": {
							"post": [0, 0, 0],
							"lerp_mode": "catmullrom"
						},
						"0.25": {
							"post": [7.5, 7.5, -7.5],
							"lerp_mode": "catmullrom"
						},
						"0.5": {
							"post": [-5.73571, -9.49603, 5.03599],
							"lerp_mode": "catmullrom"
						},
						"1.25": {
							"post": [-5.73571, -9.49603, 5.03599],
							"lerp_mode": "catmullrom"
						},
						"1.75": [0, 0, 0]
					}
				},
				"finger_left1": {
					"rotation": {
						"0.0": {
							"post": [0, 0, 0],
							"lerp_mode": "catmullrom"
						},
						"0.25": {
							"post": [0, 0, -25],
							"lerp_mode": "catmullrom"
						},
						"0.5": {
							"post": [0, 0, 25],
							"lerp_mode": "catmullrom"
						},
						"1.25": {
							"post": [0, 0, 25],
							"lerp_mode": "catmullrom"
						},
						"1.75": [0, 0, 0]
					}
				},
				"finger_left2": {
					"rotation": {
						"0.0": {
							"post": [0, 0, 0],
							"lerp_mode": "catmullrom"
						},
						"0.25": {
							"post": [0, 0, -25],
							"lerp_mode": "catmullrom"
						},
						"0.5": {
							"post": [0, 0, 25],
							"lerp_mode": "catmullrom"
						},
						"1.25": {
							"post": [0, 0, 25],
							"lerp_mode": "catmullrom"
						},
						"1.75": [0, 0, 0]
					}
				},
				"finger_left3": {
					"rotation": {
						"0.0": {
							"post": [0, 0, 0],
							"lerp_mode": "catmullrom"
						},
						"0.25": {
							"post": [0, 0, -25],
							"lerp_mode": "catmullrom"
						},
						"0.5": {
							"post": [0, 0, 25],
							"lerp_mode": "catmullrom"
						},
						"1.25": {
							"post": [0, 0, 25],
							"lerp_mode": "catmullrom"
						},
						"1.75": [0, 0, 0]
					}
				},
				"arm_left1": {
					"rotation": {
						"0.0": {
							"post": [0, 0, 0],
							"lerp_mode": "catmullrom"
						},
						"0.25": {
							"post": [0, -7.5, 7.5],
							"lerp_mode": "catmullrom"
						},
						"0.5": {
							"post": [1.95382, 7.74834, -7.11387],
							"lerp_mode": "catmullrom"
						},
						"1.25": {
							"post": [1.95382, 7.74834, -7.11387],
							"lerp_mode": "catmullrom"
						},
						"1.75": [0, 0, 0]
					}
				},
				"arm_left2": {
					"rotation": {
						"0.0": {
							"post": [0, 0, 0],
							"lerp_mode": "catmullrom"
						},
						"0.25": {
							"post": [7.5, -7.5, 7.5],
							"lerp_mode": "catmullrom"
						},
						"0.5": {
							"post": [-5.73571, 9.49603, -5.03599],
							"lerp_mode": "catmullrom"
						},
						"1.25": {
							"post": [-5.73571, 9.49603, -5.03599],
							"lerp_mode": "catmullrom"
						},
						"1.75": [0, 0, 0]
					}
				},
				"arm_left3": {
					"rotation": {
						"0.0": {
							"post": [0, 0, 0],
							"lerp_mode": "catmullrom"
						},
						"0.25": {
							"post": [7.5, -7.5, 7.5],
							"lerp_mode": "catmullrom"
						},
						"0.5": {
							"post": [-5.73571, 9.49603, -5.03599],
							"lerp_mode": "catmullrom"
						},
						"1.25": {
							"post": [-5.73571, 9.49603, -5.03599],
							"lerp_mode": "catmullrom"
						},
						"1.75": [0, 0, 0]
					}
				},
				"hand_left": {
					"rotation": {
						"0.0": {
							"post": [0, 0, 0],
							"lerp_mode": "catmullrom"
						},
						"0.25": {
							"post": [7.5, -7.5, 7.5],
							"lerp_mode": "catmullrom"
						},
						"0.5": {
							"post": [-5.73571, 9.49603, -5.03599],
							"lerp_mode": "catmullrom"
						},
						"1.25": {
							"post": [-5.73571, 9.49603, -5.03599],
							"lerp_mode": "catmullrom"
						},
						"1.75": [0, 0, 0]
					}
				},
				"finger_right1": {
					"rotation": {
						"0.0": {
							"post": [0, 0, 0],
							"lerp_mode": "catmullrom"
						},
						"0.25": {
							"post": [0, 0, 25],
							"lerp_mode": "catmullrom"
						},
						"0.5": {
							"post": [0, 0, -25],
							"lerp_mode": "catmullrom"
						},
						"1.25": {
							"post": [0, 0, -25],
							"lerp_mode": "catmullrom"
						},
						"1.75": [0, 0, 0]
					}
				},
				"finger_right2": {
					"rotation": {
						"0.0": {
							"post": [0, 0, 0],
							"lerp_mode": "catmullrom"
						},
						"0.25": {
							"post": [0, 0, 25],
							"lerp_mode": "catmullrom"
						},
						"0.5": {
							"post": [0, 0, -25],
							"lerp_mode": "catmullrom"
						},
						"1.25": {
							"post": [0, 0, -25],
							"lerp_mode": "catmullrom"
						},
						"1.75": [0, 0, 0]
					}
				},
				"finger_right3": {
					"rotation": {
						"0.0": {
							"post": [0, 0, 0],
							"lerp_mode": "catmullrom"
						},
						"0.25": {
							"post": [0, 0, 25],
							"lerp_mode": "catmullrom"
						},
						"0.5": {
							"post": [0, 0, -25],
							"lerp_mode": "catmullrom"
						},
						"1.25": {
							"post": [0, 0, -25],
							"lerp_mode": "catmullrom"
						},
						"1.75": [0, 0, 0]
					}
				}
			},
			"sound_effects": {
				"0.25": {
					"effect": "pokemon.ironascent.cry"
				}
			}
		},
		"animation.ironascent.blink": {
			"animation_length": 0.0417
		}
	}
}