{
	"format_version": "1.12.0",
	"minecraft:geometry": [
		{
			"description": {
				"identifier": "geometry.garganacl",
				"texture_width": 256,
				"texture_height": 256,
				"visible_bounds_width": 5,
				"visible_bounds_height": 4.5,
				"visible_bounds_offset": [0, 1.75, 0]
			},
			"bones": [
				{
					"name": "garganacl",
					"pivot": [0, 0, 0]
				},
				{
					"name": "body",
					"parent": "garganacl",
					"pivot": [0, 24, 0]
				},
				{
					"name": "torso",
					"parent": "body",
					"pivot": [0, 23.2, 0],
					"cubes": [
						{"origin": [-3, 23.2, -5], "size": [6, 3, 10], "inflate": 0.01, "uv": [30, 94]},
						{"origin": [-3, 20.2, 4], "size": [6, 3, 1], "inflate": 0.01, "uv": [63, 17]},
						{"origin": [-3, 20.2, -5], "size": [6, 3, 9], "pivot": [0, 20.2, 4], "rotation": [-19.5, 0, 0], "uv": [0, 19]}
					]
				},
				{
					"name": "waist",
					"parent": "torso",
					"pivot": [0, 26.2, 0],
					"cubes": [
						{"origin": [-3, 26, -3], "size": [6, 3, 6], "uv": [24, 107]},
						{"origin": [-2.5, 29, -2.5], "size": [5, 2, 5], "uv": [23, 76]}
					]
				},
				{
					"name": "chest",
					"parent": "waist",
					"pivot": [0, 30.5, 2.5],
					"cubes": [
						{"origin": [-3, 30.5, -3], "size": [6, 4, 6], "inflate": 0.01, "uv": [106, 47]},
						{"origin": [-3, 31, -4.5], "size": [6, 3, 3], "pivot": [0, 32.5, -3], "rotation": [-45, 0, 0], "uv": [106, 15]}
					]
				},
				{
					"name": "arms",
					"parent": "chest",
					"pivot": [0, 32.5, -3]
				},
				{
					"name": "shoulder_left",
					"parent": "arms",
					"pivot": [3, 32.5, 0.5],
					"cubes": [
						{"origin": [3, 27.5, -15.5], "size": [16, 7, 31], "inflate": 0.01, "uv": [0, 38]},
						{"origin": [3, 34.5, -10.5], "size": [11, 6, 21], "uv": [63, 38]},
						{"origin": [3, 40.5, -5.5], "size": [6, 6, 11], "uv": [34, 76]},
						{"origin": [-21, 35.5, -1.5], "size": [6, 12, 6], "pivot": [0.5, 4.5, 0.5], "rotation": [0, 0, 45], "uv": [98, 65]},
						{"origin": [-15, 30.5, -2.5], "size": [5, 12, 5], "pivot": [0.5, 4.5, 0.5], "rotation": [5, 0, 45], "uv": [63, 0]},
						{"origin": [-12, 34.5, -7.5], "size": [4, 12, 4], "pivot": [0.5, 4.5, 0.5], "rotation": [-19.37006, -5.07855, 30.86728], "uv": [0, 108]},
						{"origin": [17, 27.5, -4.5], "size": [3, 12, 3], "pivot": [0.5, 4.5, 0.5], "rotation": [-8.74472, -18.05776, -18.60782], "uv": [16, 116]},
						{"origin": [7.48528, 32.26955, -3.5], "size": [3, 12, 3], "pivot": [8.98528, 41.26955, -4], "rotation": [26.79015, 5.39319, 33.59488], "uv": [16, 116]},
						{"origin": [7.48528, 36.26955, -0.5], "size": [3, 12, 3], "pivot": [8.98528, 41.26955, -4], "rotation": [19.48911, 1.12749, 15.44044], "uv": [16, 116]},
						{"origin": [10.48528, 36.26955, -2.5], "size": [3, 12, 3], "pivot": [8.98528, 41.26955, -4], "rotation": [14.78729, 3.74196, 38.49554], "uv": [16, 116]},
						{"origin": [15.48528, 36.26955, 0.5], "size": [3, 12, 3], "pivot": [8.98528, 41.26955, -4], "rotation": [-22.71271, 3.74196, 38.49554], "uv": [16, 116]},
						{"origin": [3.51472, 30.26955, -10.5], "size": [4, 12, 4], "pivot": [-8.98528, 41.26955, -4], "rotation": [14.48911, -1.12749, -15.44044], "uv": [0, 108], "mirror": true}
					]
				},
				{
					"name": "arm_left",
					"parent": "shoulder_left",
					"pivot": [14, 27.5, 0.5],
					"cubes": [
						{"origin": [11, 19.5, -2.5], "size": [6, 9, 6], "uv": [106, 0]}
					]
				},
				{
					"name": "arm_left2",
					"parent": "arm_left",
					"pivot": [17, 19.5, 3.5],
					"cubes": [
						{"origin": [10.5, 7.5, -3], "size": [7, 12, 7], "inflate": 0.01, "uv": [0, 38]}
					]
				},
				{
					"name": "fingers_left",
					"parent": "arm_left2",
					"pivot": [17, 7.6, 0.5]
				},
				{
					"name": "finger1_left",
					"parent": "fingers_left",
					"pivot": [13.5, 7.5, 2],
					"cubes": [
						{"origin": [13.5, 4.5, 0], "size": [4, 3, 4], "uv": [117, 93]}
					]
				},
				{
					"name": "finger1_left2",
					"parent": "finger1_left",
					"pivot": [17.5, 4.5, 2],
					"cubes": [
						{"origin": [13.5, 1.5, 0], "size": [4, 3, 4], "inflate": 0.01, "uv": [28, 116]}
					]
				},
				{
					"name": "finger2_left",
					"parent": "fingers_left",
					"pivot": [13.5, 7.5, -1.75],
					"cubes": [
						{"origin": [13.5, 4.5, -3], "size": [4, 3, 3], "uv": [44, 119]}
					]
				},
				{
					"name": "finger2_left2",
					"parent": "finger2_left",
					"pivot": [17.5, 4.5, -1.5],
					"cubes": [
						{"origin": [13.5, 1.5, -3], "size": [4, 3, 3], "inflate": 0.01, "uv": [116, 65]}
					]
				},
				{
					"name": "thumb_left",
					"parent": "arm_left2",
					"pivot": [13.5, 7.5, -1.5],
					"cubes": [
						{"origin": [10.5, 5, -3], "size": [3, 3, 3], "uv": [119, 80]}
					]
				},
				{
					"name": "thumb_left2",
					"parent": "thumb_left",
					"pivot": [10.5, 5, -1.5],
					"cubes": [
						{"origin": [10.5, 3, -3], "size": [3, 2, 3], "inflate": 0.01, "uv": [101, 119]}
					]
				},
				{
					"name": "shoulder_right",
					"parent": "arms",
					"pivot": [-3, 32.5, 0.5],
					"cubes": [
						{"origin": [-19, 27.5, -15.5], "size": [16, 7, 31], "inflate": 0.01, "uv": [0, 0]},
						{"origin": [-14, 34.5, -10.5], "size": [11, 6, 21], "uv": [63, 0]},
						{"origin": [-9, 40.5, -5.5], "size": [6, 6, 11], "uv": [0, 76]},
						{"origin": [15, 35.5, -1.5], "size": [6, 12, 6], "pivot": [-0.5, 4.5, 0.5], "rotation": [0, 0, -45], "uv": [98, 65], "mirror": true},
						{"origin": [10, 30.5, -2.5], "size": [5, 12, 5], "pivot": [-0.5, 4.5, 0.5], "rotation": [5, 0, -45], "uv": [63, 0], "mirror": true},
						{"origin": [-14.48528, 33.26955, -2.5], "size": [3, 12, 3], "pivot": [-8.98528, 41.26955, -4], "rotation": [155.37412, -9.70798, -165.07918], "uv": [16, 116], "mirror": true},
						{"origin": [-10.48528, 33.26955, -3.5], "size": [3, 12, 3], "pivot": [-8.98528, 41.26955, -4], "rotation": [16.79015, -5.39319, -33.59488], "uv": [16, 116], "mirror": true},
						{"origin": [-10.48528, 36.26955, -0.5], "size": [4, 12, 4], "pivot": [-8.98528, 41.26955, -4], "rotation": [14.48911, -1.12749, -15.44044], "uv": [0, 108], "mirror": true},
						{"origin": [9, 32.5, -7.5], "size": [3, 12, 3], "pivot": [-0.5, 4.5, 0.5], "rotation": [-19.37006, 5.07855, -30.86728], "uv": [16, 116], "mirror": true},
						{"origin": [-11, 31.5, -1.5], "size": [3, 12, 3], "pivot": [0.5, 4.5, 0.5], "rotation": [-16.10644, -12.0174, 9.20645], "uv": [16, 116]}
					]
				},
				{
					"name": "arm_right",
					"parent": "shoulder_right",
					"pivot": [-14, 27.5, 0.5],
					"cubes": [
						{"origin": [-17, 19.5, -2.5], "size": [6, 9, 6], "uv": [104, 104]}
					]
				},
				{
					"name": "arm_right2",
					"parent": "arm_right",
					"pivot": [-17, 19.5, 3.5],
					"cubes": [
						{"origin": [-17.5, 7.5, -3], "size": [7, 12, 7], "inflate": 0.01, "uv": [0, 0]}
					]
				},
				{
					"name": "fingers_right",
					"parent": "arm_right2",
					"pivot": [-17, 7.6, 0.5]
				},
				{
					"name": "finger1_right",
					"parent": "fingers_right",
					"pivot": [-13.5, 7.5, 2],
					"cubes": [
						{"origin": [-17.5, 4.5, 0], "size": [4, 3, 4], "uv": [116, 27]}
					]
				},
				{
					"name": "finger1_right2",
					"parent": "finger1_right",
					"pivot": [-17.5, 4.5, 2],
					"cubes": [
						{"origin": [-17.5, 1.5, 0], "size": [4, 3, 4], "inflate": 0.01, "uv": [110, 86]}
					]
				},
				{
					"name": "finger2_right",
					"parent": "fingers_right",
					"pivot": [-13.5, 7.5, -1.75],
					"cubes": [
						{"origin": [-17.5, 4.5, -3], "size": [4, 3, 3], "uv": [42, 107]}
					]
				},
				{
					"name": "finger2_right2",
					"parent": "finger2_right",
					"pivot": [-17.5, 4.5, -1.5],
					"cubes": [
						{"origin": [-17.5, 1.5, -3], "size": [4, 3, 3], "inflate": 0.01, "uv": [82, 86]}
					]
				},
				{
					"name": "thumb_right",
					"parent": "arm_right2",
					"pivot": [-13.5, 7.5, -1.5],
					"cubes": [
						{"origin": [-13.5, 5, -3], "size": [3, 3, 3], "uv": [98, 104]}
					]
				},
				{
					"name": "thumb_right2",
					"parent": "thumb_right",
					"pivot": [-10.5, 5, -1.5],
					"cubes": [
						{"origin": [-13.5, 3, -3], "size": [3, 2, 3], "inflate": 0.01, "uv": [16, 108]}
					]
				},
				{
					"name": "head",
					"parent": "chest",
					"pivot": [0, 35.5, -1],
					"cubes": [
						{"origin": [-2.5, 34.5, -2.5], "size": [5, 2, 5], "uv": [57, 76]},
						{"origin": [-3, 36.5, -4], "size": [6, 2, 7], "uv": [106, 38]},
						{"origin": [-2.5, 38.5, -2], "size": [5, 1, 5], "uv": [72, 78]},
						{"origin": [-2, 39.5, -1.5], "size": [4, 14, 4], "uv": [63, 38]}
					]
				},
				{
					"name": "eyes",
					"parent": "head",
					"pivot": [0, 35.5, -2.5]
				},
				{
					"name": "eye_left",
					"parent": "eyes",
					"pivot": [1.5, 35.5, -2.5],
					"cubes": [
						{"origin": [0.5, 34.5, -2.51], "size": [2, 2, 0], "uv": [4, 21]}
					]
				},
				{
					"name": "eye_angry_left",
					"parent": "eye_left",
					"pivot": [1.5, 35.5, -2.4],
					"cubes": [
						{"origin": [0.5, 34.5, -2.41], "size": [2, 2, 0], "inflate": 0.01, "uv": [21, 0]}
					]
				},
				{
					"name": "eyelid_left",
					"parent": "eye_left",
					"pivot": [1.5, 35.5, -2.4],
					"cubes": [
						{"origin": [0.5, 34.5, -2.41], "size": [2, 2, 0], "inflate": 0.01, "uv": [0, 19]}
					]
				},
				{
					"name": "eye_right",
					"parent": "eyes",
					"pivot": [-1.5, 35.5, -2.5],
					"cubes": [
						{"origin": [-2.5, 34.5, -2.51], "size": [2, 2, 0], "uv": [21, 2]}
					]
				},
				{
					"name": "eye_angry_right",
					"parent": "eye_right",
					"pivot": [-1.5, 35.5, -2.4],
					"cubes": [
						{"origin": [-2.5, 34.5, -2.41], "size": [2, 2, 0], "inflate": 0.01, "uv": [0, 21]}
					]
				},
				{
					"name": "eyelid_right",
					"parent": "eye_right",
					"pivot": [-1.5, 35.5, -2.4],
					"cubes": [
						{"origin": [-2.5, 34.5, -2.41], "size": [2, 2, 0], "inflate": 0.01, "uv": [4, 19]}
					]
				},
				{
					"name": "antenna_right",
					"parent": "head",
					"pivot": [-1, 19, -2.25],
					"rotation": [7.5, 25, 0],
					"cubes": [
						{"origin": [-1.1, 37.95575, -0.66856], "size": [1, 5, 0], "uv": [4, 0], "mirror": true}
					]
				},
				{
					"name": "antenna_right2",
					"parent": "antenna_right",
					"pivot": [-1, 24, -2.25],
					"rotation": [15, 0, 0],
					"cubes": [
						{"origin": [-2.1, 41.90054, 4.18367], "size": [2, 7, 0], "uv": [0, 0], "mirror": true}
					]
				},
				{
					"name": "antenna_left",
					"parent": "head",
					"pivot": [1, 19, -2.25],
					"rotation": [7.5, -25, 0],
					"cubes": [
						{"origin": [0.07738, 37.95575, -0.66856], "size": [1, 5, 0], "uv": [4, 0]}
					]
				},
				{
					"name": "antenna_left2",
					"parent": "antenna_left",
					"pivot": [1, 24, -2.25],
					"rotation": [15, 0, 0],
					"cubes": [
						{"origin": [0.07738, 41.90054, 4.18367], "size": [2, 7, 0], "uv": [0, 0]}
					]
				},
				{
					"name": "legs",
					"parent": "body",
					"pivot": [0, 24.8, 0]
				},
				{
					"name": "leg_left",
					"parent": "legs",
					"pivot": [3, 24, 0],
					"cubes": [
						{"origin": [3, 14, -3], "size": [6, 12, 6], "uv": [80, 104]}
					]
				},
				{
					"name": "leg_left2",
					"parent": "leg_left",
					"pivot": [6, 14, -3],
					"cubes": [
						{"origin": [2.5, 3, -3.5], "size": [7, 11, 7], "inflate": 0.01, "uv": [89, 86]}
					]
				},
				{
					"name": "foot_left",
					"parent": "leg_left2",
					"pivot": [6, 3, 3.5],
					"cubes": [
						{"origin": [2.5, 0, -4.5], "size": [7, 3, 8], "inflate": 0.02, "uv": [94, 27]}
					]
				},
				{
					"name": "leg_right",
					"parent": "legs",
					"pivot": [-3, 24, 0],
					"cubes": [
						{"origin": [-9, 14, -3], "size": [6, 12, 6], "uv": [56, 104]}
					]
				},
				{
					"name": "leg_right2",
					"parent": "leg_right",
					"pivot": [-6, 14, -3],
					"cubes": [
						{"origin": [-9.5, 3, -3.5], "size": [7, 11, 7], "inflate": 0.01, "uv": [61, 86]}
					]
				},
				{
					"name": "foot_right",
					"parent": "leg_right2",
					"pivot": [-6, 3, 3.5],
					"cubes": [
						{"origin": [-9.5, 0, -4.5], "size": [7, 3, 8], "inflate": 0.02, "uv": [0, 57]}
					]
				}
			]
		}
	]
}