{
	"format_version": "1.12.0",
	"minecraft:geometry": [
		{
			"description": {
				"identifier": "geometry.teraregirock",
				"texture_width": 256,
				"texture_height": 128,
				"visible_bounds_width": 5,
				"visible_bounds_height": 4.5,
				"visible_bounds_offset": [0, 1.75, 0]
			},
			"bones": [
				{
					"name": "regirock",
					"pivot": [0, 0, 0]
				},
				{
					"name": "body",
					"parent": "regirock",
					"pivot": [0, 22, 0]
				},
				{
					"name": "torso",
					"parent": "body",
					"pivot": [0, 12, 0],
					"cubes": [
						{"origin": [-8.5, 9, -7], "size": [17, 11, 13], "uv": [66, 32]},
						{"origin": [-10, 20, -7], "size": [20, 4, 13], "inflate": 0.01, "uv": [0, 32]},
						{"origin": [-11.5, 23.5, -8.5], "size": [23, 12, 15], "inflate": 0.02, "uv": [25, 5]}
					]
				},
				{
					"name": "head",
					"parent": "torso",
					"pivot": [0, 36, 0],
					"cubes": [
						{"origin": [-5.5, 34.5, -4.5], "size": [11, 11, 9], "uv": [0, 0]}
					]
				},
				{
					"name": "eyes",
					"parent": "head",
					"pivot": [0, 40, -4.5]
				},
				{
					"name": "eye_center",
					"parent": "eyes",
					"pivot": [0, 40, -4.51],
					"cubes": [
						{"origin": [-1, 39, -4.51], "size": [2, 2, 0], "uv": [53, 32]}
					]
				},
				{
					"name": "eyelid_center",
					"parent": "eye_center",
					"pivot": [0, 40, -4.41],
					"cubes": [
						{"origin": [-1, 39, -4.41], "size": [2, 2, 1], "inflate": 0.01, "uv": [53, 34]}
					]
				},
				{
					"name": "eye_left",
					"parent": "eyes",
					"pivot": [3, 40, -4.51],
					"cubes": [
						{"origin": [2, 39, -4.51], "size": [2, 2, 0], "uv": [57, 32]}
					]
				},
				{
					"name": "eyelid_left",
					"parent": "eye_left",
					"pivot": [3, 40, -4.41],
					"cubes": [
						{"origin": [2, 39, -4.41], "size": [2, 2, 1], "inflate": 0.01, "uv": [59, 34]}
					]
				},
				{
					"name": "eye_left_top",
					"parent": "eyes",
					"pivot": [3, 43, -4.51],
					"cubes": [
						{"origin": [2, 42, -4.51], "size": [2, 2, 0], "uv": [53, 37]}
					]
				},
				{
					"name": "eyelid_left_top",
					"parent": "eye_left_top",
					"pivot": [3, 43, -4.41],
					"cubes": [
						{"origin": [2, 42, -4.41], "size": [2, 2, 1], "inflate": 0.01, "uv": [53, 39]}
					]
				},
				{
					"name": "eye_left_bottom",
					"parent": "eyes",
					"pivot": [3, 37, -4.51],
					"cubes": [
						{"origin": [2, 36, -4.51], "size": [2, 2, 0], "uv": [57, 37]}
					]
				},
				{
					"name": "eyelid_left_bottom",
					"parent": "eye_left_bottom",
					"pivot": [3, 37, -4.41],
					"cubes": [
						{"origin": [2, 36, -4.41], "size": [2, 2, 1], "inflate": 0.01, "uv": [59, 39]}
					]
				},
				{
					"name": "eye_right",
					"parent": "eyes",
					"pivot": [-3, 40, -4.51],
					"cubes": [
						{"origin": [-4, 39, -4.51], "size": [2, 2, 0], "uv": [65, 32], "mirror": true}
					]
				},
				{
					"name": "eyelid_right",
					"parent": "eye_right",
					"pivot": [-3, 40, -4.41],
					"cubes": [
						{"origin": [-4, 39, -4.41], "size": [2, 2, 1], "inflate": 0.01, "uv": [65, 34], "mirror": true}
					]
				},
				{
					"name": "eye_right_top",
					"parent": "eyes",
					"pivot": [-3, 43, -4.51],
					"cubes": [
						{"origin": [-4, 42, -4.51], "size": [2, 2, 0], "uv": [69, 32], "mirror": true}
					]
				},
				{
					"name": "eyelid_right_top",
					"parent": "eye_right_top",
					"pivot": [-3, 43, -4.41],
					"cubes": [
						{"origin": [-4, 42, -4.41], "size": [2, 2, 1], "inflate": 0.01, "uv": [71, 34], "mirror": true}
					]
				},
				{
					"name": "eye_right_bottom",
					"parent": "eyes",
					"pivot": [-3, 37, -4.51],
					"cubes": [
						{"origin": [-4, 36, -4.51], "size": [2, 2, 0], "uv": [66, 37], "mirror": true}
					]
				},
				{
					"name": "eyelid_right_bottom",
					"parent": "eye_right_bottom",
					"pivot": [-3, 37, -4.41],
					"cubes": [
						{"origin": [-4, 36, -4.41], "size": [2, 2, 1], "inflate": 0.01, "uv": [65, 39], "mirror": true}
					]
				},
				{
					"name": "arms",
					"parent": "torso",
					"pivot": [0, 33, -0.5]
				},
				{
					"name": "shoulder_left",
					"parent": "arms",
					"pivot": [16, 32.5, -0.5],
					"cubes": [
						{"origin": [10, 28.5, -7.5], "size": [12, 10, 13], "uv": [198, 1]},
						{"origin": [15.6, 34.8, 1.5], "size": [6, 11, 6], "pivot": [17.6, 39.8, 3.5], "rotation": [-36.09093, 0.78961, 22.26339], "uv": [149, 34]},
						{"origin": [16.8, 35.2, -6.2], "size": [6, 12, 6], "pivot": [18.8, 36.2, -5.2], "rotation": [52.50825, -41.81066, -17.79175], "uv": [149, 33]},
						{"origin": [12.2, 36.2, -4.1], "size": [5, 10, 5], "pivot": [13.2, 41.2, -3.1], "rotation": [154.10525, 10.67498, 161.77918], "uv": [150, 36]},
						{"origin": [10.4, 33.2, 1.8], "size": [4, 10, 4], "pivot": [9.4, 38.2, 3.8], "rotation": [-18.40969, 25.85778, -32.2655], "uv": [152, 37]}
					]
				},
				{
					"name": "shoulder_left2",
					"parent": "shoulder_left",
					"pivot": [20, 38.5, -4.5],
					"rotation": [-5, 0, -12.5],
					"cubes": [
						{"origin": [14.19927, 35.4899, -5.63107], "size": [9, 17, 9], "pivot": [19, 49.2, -0.8], "rotation": [-180, -10, -160], "uv": [152, 2]}
					]
				},
				{
					"name": "arm_left",
					"parent": "shoulder_left",
					"pivot": [16, 28.5, -1],
					"cubes": [
						{"origin": [12, 24.5, -5], "size": [8, 4, 8], "pivot": [16.5, 26, -0.5], "rotation": [0, 17.5, 0], "uv": [64, 78]}
					]
				},
				{
					"name": "arm_left2",
					"parent": "arm_left",
					"pivot": [16, 24.5, -0.75],
					"cubes": [
						{"origin": [12, 19.5, -4.75], "size": [8, 5, 8], "pivot": [16.5, 22, -0.25], "rotation": [0, -5, 0], "uv": [74, 102]}
					]
				},
				{
					"name": "arm_left3",
					"parent": "arm_left2",
					"pivot": [16, 19.5, -0.25],
					"cubes": [
						{"origin": [12.5, 15.5, -4.25], "size": [7, 4, 8], "pivot": [16.5, 17, 0.25], "rotation": [0, 10, 0], "uv": [95, 56]}
					]
				},
				{
					"name": "hand_left",
					"parent": "arm_left3",
					"pivot": [16, 15.5, -0.5],
					"cubes": [
						{"origin": [11, 7.5, -5.5], "size": [10, 8, 10], "uv": [97, 80]},
						{"origin": [10, 2, -6.5], "size": [12, 6, 12], "uv": [136, 90]}
					]
				},
				{
					"name": "shoulder_right",
					"parent": "arms",
					"pivot": [-16, 32.5, -0.5],
					"cubes": [
						{"origin": [-22, 28.5, -7.5], "size": [12, 11, 13], "uv": [198, 1], "mirror": true},
						{"origin": [-22, 38.7, -6.5], "size": [4, 6, 4], "pivot": [-19, 38.7, -3.5], "rotation": [17.94831, -26.82108, -38.18056], "uv": [151, 35]},
						{"origin": [-22.7, 37.5, -2], "size": [6, 12, 6], "pivot": [-17.7, 39.5, -1], "rotation": [0.47438, 15.19496, -20.26591], "uv": [149, 33]},
						{"origin": [-15.5, 39.4, 0.6], "size": [4, 6, 4], "pivot": [-14.5, 39.4, 1.6], "rotation": [-34.44611, -19.92867, 26.02472], "uv": [151, 40]}
					]
				},
				{
					"name": "shoulder_right2",
					"parent": "shoulder_right",
					"pivot": [-18.5, 39.5, 4.5],
					"rotation": [2.5, 0, 2.5],
					"cubes": [
						{"origin": [-18.9, 37.2, -6.3], "size": [7, 8, 8], "pivot": [-10.9, 42.2, -1.3], "rotation": [9.25249, -3.81024, 9.69157], "uv": [153, 2], "mirror": true}
					]
				},
				{
					"name": "arm_right",
					"parent": "shoulder_right",
					"pivot": [-16, 28.5, -1],
					"cubes": [
						{"origin": [-20, 24.5, -5], "size": [8, 4, 8], "pivot": [-16.5, 26, -0.5], "rotation": [0, 12.5, 0], "uv": [73, 90], "mirror": true}
					]
				},
				{
					"name": "arm_right2",
					"parent": "arm_right",
					"pivot": [-16, 24.5, -1],
					"cubes": [
						{"origin": [-20, 19.5, -4.5], "size": [8, 5, 7], "pivot": [-16.5, 22, -0.5], "rotation": [0, -10, 0], "uv": [87, 116], "mirror": true}
					]
				},
				{
					"name": "arm_right3",
					"parent": "arm_right2",
					"pivot": [-16, 19.5, -1.25],
					"cubes": [
						{"origin": [-20, 15.5, -5.25], "size": [8, 4, 8], "pivot": [-16.5, 17, -0.75], "rotation": [0, 17.5, 0], "uv": [97, 68], "mirror": true}
					]
				},
				{
					"name": "hand_right",
					"parent": "arm_right3",
					"pivot": [-16, 15.5, -0.5],
					"cubes": [
						{"origin": [-21, 7.5, -5.5], "size": [10, 8, 10], "uv": [106, 98], "mirror": true},
						{"origin": [-22, 2, -6.5], "size": [12, 6, 12], "uv": [134, 108], "mirror": true}
					]
				},
				{
					"name": "spikes",
					"parent": "torso",
					"pivot": [0, 9, 0]
				},
				{
					"name": "upper_spike",
					"parent": "spikes",
					"pivot": [0, 27.5, 6.5],
					"rotation": [15, 0, 0],
					"cubes": [
						{"origin": [-3.25, 27.5, 6.5], "size": [7, 6, 7], "uv": [153, 9]}
					]
				},
				{
					"name": "upper_spike2",
					"parent": "upper_spike",
					"pivot": [-0.5, 28.5, 13.5],
					"rotation": [25, 0, 0],
					"cubes": [
						{"origin": [-2.5, 28.5, 13.5], "size": [5, 4, 7], "uv": [155, 4]}
					]
				},
				{
					"name": "middle_spike",
					"parent": "spikes",
					"pivot": [-0.5, 21.5, 6],
					"rotation": [10, 0, 0],
					"cubes": [
						{"origin": [-3.25, 21.5, 6], "size": [6, 5, 8], "uv": [153, 9]}
					]
				},
				{
					"name": "middle_spike2",
					"parent": "middle_spike",
					"pivot": [-0.25, 22, 14],
					"rotation": [17.5, 0, 0],
					"cubes": [
						{"origin": [-2, 22, 14], "size": [4, 4, 6], "pivot": [0, 24, 17], "rotation": [0, 0, -2.5], "uv": [157, 4]}
					]
				},
				{
					"name": "lower_spike",
					"parent": "spikes",
					"pivot": [-0.5, 16, 6],
					"rotation": [2.5, 0, 0],
					"cubes": [
						{"origin": [-2.5, 16, 6], "size": [5, 5, 7], "uv": [155, 5]}
					]
				},
				{
					"name": "lower_spike2",
					"parent": "lower_spike",
					"pivot": [2, 16.5, 13],
					"rotation": [12.5, -2.5, 0],
					"cubes": [
						{"origin": [-2, 16.5, 13], "size": [4, 4, 6], "uv": [156, 3]},
						{"origin": [-0.5, 20.51, 13], "size": [1, 0, 6], "uv": [152, 36]},
						{"origin": [-0.5, 16.49, 13], "size": [1, 0, 6], "uv": [155, 9]}
					]
				},
				{
					"name": "tail",
					"parent": "torso",
					"pivot": [-0.5, 9, 4],
					"rotation": [-10, 0, 0],
					"cubes": [
						{"origin": [-2.5, 9, 3.5], "size": [5, 5, 7], "uv": [1, 20]}
					]
				},
				{
					"name": "legs",
					"parent": "body",
					"pivot": [0, 12, -2.5]
				},
				{
					"name": "leg_left",
					"parent": "legs",
					"pivot": [8.5, 11.5, -2.5],
					"cubes": [
						{"origin": [4.5, 4, -8], "size": [8, 11, 11], "inflate": 0.01, "uv": [0, 49]}
					]
				},
				{
					"name": "leg_left2",
					"parent": "leg_left",
					"pivot": [8.5, 4, -2.5],
					"cubes": [
						{"origin": [5.5, 1, -6], "size": [6, 4, 7], "uv": [27, 49]}
					]
				},
				{
					"name": "leg_left3",
					"parent": "leg_left2",
					"pivot": [8.5, 2, -2.5],
					"cubes": [
						{"origin": [4.5, 0, -7], "size": [8, 2, 9], "uv": [44, 56]}
					]
				},
				{
					"name": "leg_right",
					"parent": "legs",
					"pivot": [-8.5, 11.5, -2.5],
					"cubes": [
						{"origin": [-12.5, 4, -8], "size": [8, 11, 11], "inflate": 0.01, "uv": [0, 71], "mirror": true}
					]
				},
				{
					"name": "leg_right2",
					"parent": "leg_right",
					"pivot": [-8.5, 4, -2.5],
					"cubes": [
						{"origin": [-11.5, 1, -6], "size": [6, 4, 7], "uv": [27, 71], "mirror": true}
					]
				},
				{
					"name": "leg_right3",
					"parent": "leg_right2",
					"pivot": [-8.5, 2, -2.5],
					"cubes": [
						{"origin": [-12.5, 0, -7], "size": [8, 2, 9], "uv": [46, 67], "mirror": true}
					]
				}
			]
		}
	]
}