{
	"format_version": "1.8.0",
	"animations": {
		"animation.teraregirock.ground_idle": {
			"loop": true,
			"bones": {
				"torso": {
					"rotation": ["2.5+math.sin(query.anim_time*90*1+90)*-2", 0, 0]
				},
				"shoulder_left": {
					"rotation": ["9.9907+math.sin(query.anim_time*90*1+90)*3", 0.43399, "-14.9621-math.sin(query.anim_time*90*1+130)*3"]
				},
				"arm_left": {
					"rotation": [-2.5, 0, 0]
				},
				"arm_left2": {
					"rotation": [-12.49527, 0.21782, 2.4905]
				},
				"arm_left3": {
					"rotation": [-7.49527, 0.21782, 2.4905]
				},
				"hand_left": {
					"rotation": ["-2.5-math.sin(query.anim_time*90*1+45)*-2", 0, 0]
				},
				"shoulder_right": {
					"rotation": ["7.4718+math.sin(query.anim_time*90*1+90)*3", -0.65182, "14.9574+math.sin(query.anim_time*90*1+130)*3"]
				},
				"arm_right": {
					"rotation": [-5, 0, 0]
				},
				"arm_right2": {
					"rotation": [-7.49294, -0.32621, -2.47864]
				},
				"arm_right3": {
					"rotation": [-2.49762, -0.10901, -2.49762]
				},
				"hand_right": {
					"rotation": ["-5-math.sin(query.anim_time*90*1+45)*-2", 0, 0]
				},
				"leg_left": {
					"rotation": [0, 0, -5],
					"position": [0, "-math.cos(query.anim_time*90*1-0)*0.15+0.15", 0]
				},
				"leg_left2": {
					"rotation": [0, 0, 5],
					"position": [0, "-math.cos(query.anim_time*90*1-0)*0.15+0.15", 0]
				},
				"leg_right": {
					"rotation": [0, 0, 5],
					"position": [0, "-math.cos(query.anim_time*90*1-0)*0.15+0.15", 0]
				},
				"leg_right2": {
					"rotation": [0, 0, -5],
					"position": [0, "-math.cos(query.anim_time*90*1-0)*0.15+0.15", 0]
				},
				"body": {
					"position": [0, "math.cos(query.anim_time*90*1-0)*0.3-0.3", 0]
				}
			}
		},
		"animation.teraregirock.ground_walk": {
			"loop": true,
			"animation_length": 2,
			"bones": {
				"torso": {
					"rotation": ["7.5+math.sin(query.anim_time*90*4+45)*5", 0, 0],
					"position": {
						"0.0": [0, 0.33, 0],
						"0.5": [0, 1, 0],
						"0.625": [0, 0, 0],
						"1.5": [0, 1, 0],
						"1.625": [0, 0, 0],
						"2.0": [0, 0.33, 0]
					}
				},
				"shoulder_left": {
					"rotation": ["9.9907+math.sin(query.anim_time*90*2-0)*10", 0.43399, -14.96207]
				},
				"arm_left": {
					"rotation": ["5-math.sin(query.anim_time*90*2-0)*-5", 0, 0]
				},
				"arm_left2": {
					"rotation": [-12.49527, 0.21782, 2.4905]
				},
				"arm_left3": {
					"rotation": [-7.49527, 0.21782, 2.4905]
				},
				"hand_left": {
					"rotation": ["-2.5-math.sin(query.anim_time*90*2-0)*-5", 0, 0]
				},
				"shoulder_right": {
					"rotation": ["7.4718+math.sin(query.anim_time*90*2-0)*-10", -0.65182, 14.95744]
				},
				"arm_right": {
					"rotation": ["-5-math.sin(query.anim_time*90*2-0)*5", 0, 0]
				},
				"arm_right2": {
					"rotation": [-7.49294, -0.32621, -2.47864]
				},
				"arm_right3": {
					"rotation": [-2.49762, -0.10901, -2.49762]
				},
				"hand_right": {
					"rotation": ["-5-math.sin(query.anim_time*90*2-0)*5", 0, 0]
				},
				"leg_left": {
					"rotation": ["math.sin(query.anim_time*90*2-180)*15", 0, "math.sin(query.anim_time*90*2-0)*2"],
					"position": {
						"0.0": [0, 1, 1],
						"0.5": [0, 1.4, 1],
						"0.625": [0, -0.5, 1.25],
						"1.0": [0, 0, 0],
						"1.5": [0, 0, 0.5],
						"2.0": [0, 1, 1]
					}
				},
				"leg_left2": {
					"rotation": {
						"0.0": {
							"post": [-15, 0, 0],
							"lerp_mode": "catmullrom"
						},
						"0.5": {
							"post": [0, 0, 0],
							"lerp_mode": "catmullrom"
						},
						"0.625": {
							"post": [15, 0, 0],
							"lerp_mode": "catmullrom"
						},
						"1.0": {
							"post": [0, 0, 0],
							"lerp_mode": "catmullrom"
						},
						"1.5": {
							"post": [-15, 0, 0],
							"lerp_mode": "catmullrom"
						},
						"2.0": {
							"post": [-15, 0, 0],
							"lerp_mode": "catmullrom"
						}
					}
				},
				"leg_right": {
					"rotation": ["math.sin(query.anim_time*90*2-0)*15", 0, "math.sin(query.anim_time*90*2-0)*2"],
					"position": {
						"0.0": [0, 0, 0],
						"0.5": [0, 0, 0.5],
						"0.75": [0, 0.5, 1],
						"1.0": [0, 1, 1],
						"1.5": [0, 1.4, 1],
						"1.625": [0, -0.5, 1.25],
						"2.0": [0, 0, 0]
					}
				},
				"leg_right2": {
					"rotation": {
						"0.0": [0, 0, 0],
						"0.5": [-15, 0, 0],
						"1.0": [-15, 0, 0],
						"1.5": [0, 0, 0],
						"1.625": [15, 0, 0],
						"2.0": [0, 0, 0]
					}
				},
				"body": {
					"rotation": [0, "math.sin(query.anim_time*90*2-0)*4", "math.sin(query.anim_time*90*2-0)*4"]
				}
			}
		},
		"animation.teraregirock.blink": {
			"animation_length": 0.1667,
			"bones": {
				"eyelid_center": {
					"position": {
						"0.0": [0, 0, -0.1],
						"0.125": [0, 0, -0.1],
						"0.1667": [0, 0, 0]
					}
				},
				"eyelid_left": {
					"position": {
						"0.0": [0, 0, -0.1],
						"0.125": [0, 0, -0.1],
						"0.1667": [0, 0, 0]
					}
				},
				"eyelid_left_top": {
					"position": {
						"0.0": [0, 0, -0.1],
						"0.125": [0, 0, -0.1],
						"0.1667": [0, 0, 0]
					}
				},
				"eyelid_left_bottom": {
					"position": {
						"0.0": [0, 0, -0.1],
						"0.125": [0, 0, -0.1],
						"0.1667": [0, 0, 0]
					}
				},
				"eyelid_right": {
					"position": {
						"0.0": [0, 0, -0.1],
						"0.125": [0, 0, -0.1],
						"0.1667": [0, 0, 0]
					}
				},
				"eyelid_right_top": {
					"position": {
						"0.0": [0, 0, -0.1],
						"0.125": [0, 0, -0.1],
						"0.1667": [0, 0, 0]
					}
				},
				"eyelid_right_bottom": {
					"position": {
						"0.0": [0, 0, -0.1],
						"0.125": [0, 0, -0.1],
						"0.1667": [0, 0, 0]
					}
				}
			}
		}
	}
}