{
	"format_version": "1.12.0",
	"minecraft:geometry": [
		{
			"description": {
				"identifier": "geometry.iron_abyss",
				"texture_width": 128,
				"texture_height": 128,
				"visible_bounds_width": 5,
				"visible_bounds_height": 5.5,
				"visible_bounds_offset": [0, 2.25, 0]
			},
			"bones": [
				{
					"name": "ironabyss",
					"pivot": [0, 0, 0]
				},
				{
					"name": "body",
					"parent": "ironabyss",
					"pivot": [0, 22, 0]
				},
				{
					"name": "head",
					"parent": "body",
					"pivot": [0, 41, 0],
					"cubes": [
						{"origin": [-3.5, 37, -4], "size": [7, 7, 8], "uv": [0, 35]},
						{"origin": [2.7, 39.1, 0], "size": [1, 5, 5], "pivot": [4, 43, 3], "rotation": [0, 0, -12.5], "uv": [14, 91]},
						{"origin": [-3.7, 39.1, 0], "size": [1, 5, 5], "pivot": [-4, 43, 3], "rotation": [0, 0, 12.5], "uv": [14, 91], "mirror": true},
						{"origin": [1.90339, 44.76425, -2], "size": [2, 3, 6], "pivot": [2.5, 46, 1.5], "rotation": [17.43745, 1.50179, 7.73032], "uv": [84, 75]},
						{"origin": [-3.90339, 44.76425, -2], "size": [2, 3, 6], "pivot": [-2.5, 46, 1.5], "rotation": [17.43745, -1.50179, -7.73032], "uv": [84, 75], "mirror": true},
						{"origin": [-2, 43.65, -3.95], "size": [4, 5, 3], "pivot": [0, 44, -2], "rotation": [-10, 0, 0], "uv": [51, 91]},
						{"origin": [-1.5, 48.31143, -2.81238], "size": [3, 4, 2], "pivot": [0, 49.6, -1], "rotation": [-15, 0, 0], "uv": [94, 75]},
						{"origin": [-3, 43, -1], "size": [6, 3, 6], "uv": [40, 57]}
					]
				},
				{
					"name": "head_spike_big",
					"parent": "head",
					"pivot": [0, 46, 0],
					"cubes": [
						{"origin": [-1.5, 46, -2], "size": [3, 3, 12], "pivot": [0, 49, 4], "rotation": [20, 0, 0], "uv": [98, 73]},
						{"origin": [-1, 46, 10], "size": [2, 2, 3], "pivot": [0, 49, 4], "rotation": [20, 0, 0], "uv": [18, 50]},
						{"origin": [-1, 47.26147, 3.51712], "size": [2, 2, 10], "pivot": [0, 50.5, 4.5], "rotation": [57.5, 0, 0], "uv": [46, 45]},
						{"origin": [-0.5, 57.36934, 9.60056], "size": [1, 2, 10], "pivot": [0, 60, 14], "rotation": [27.5, 0, 0], "uv": [57, 13]},
						{"origin": [0, 60.29248, 18.96267], "size": [0, 2, 8], "pivot": [0, 58.5, 15.5], "rotation": [-5, 0, 0], "uv": [22, 27]}
					]
				},
				{
					"name": "head_spike_small",
					"parent": "head",
					"pivot": [0, 40, 3],
					"cubes": [
						{"origin": [-1, 41.60391, 12.57506], "size": [2, 2, 4], "pivot": [0, 42, 7], "rotation": [27.5, 0, 0], "uv": [48, 29]},
						{"origin": [-1.5, 40.60391, 2.57506], "size": [3, 3, 10], "pivot": [0, 42, 7], "rotation": [27.5, 0, 0], "uv": [42, 0]}
					]
				},
				{
					"name": "eye",
					"parent": "head",
					"pivot": [3.525, 40, -3],
					"cubes": [
						{"origin": [3.525, 39, -3.5], "size": [0, 2, 1], "uv": [1, 1]}
					]
				},
				{
					"name": "torso",
					"parent": "body",
					"pivot": [0, 30, 0],
					"cubes": [
						{"origin": [-7, 27, -7], "size": [14, 6, 14], "uv": [0, 0]},
						{"origin": [-11, 23, -11], "size": [12, 4, 0], "pivot": [0, 25, -5], "rotation": [0, 90, 0], "uv": [80, 4]},
						{"origin": [-1, 23, -11], "size": [12, 4, 0], "pivot": [0, 25, -5], "rotation": [0, -90, 0], "uv": [80, 4], "mirror": true},
						{"origin": [-6, 23, -16], "size": [12, 4, 0], "pivot": [0, 25, -5], "rotation": [0, -180, 0], "uv": [78, 37]},
						{"origin": [-6, 23, -4], "size": [12, 4, 0], "pivot": [0, 25, -5], "rotation": [0, -180, 0], "uv": [78, 33]},
						{"origin": [-2, 33, -6], "size": [4, 6, 0], "uv": [58, 73]},
						{"origin": [-3, 33, 6], "size": [6, 6, 0], "uv": [94, 41]},
						{"origin": [3, 33, 6], "size": [3, 5, 0], "uv": [0, 50]},
						{"origin": [-6, 33, 6], "size": [3, 5, 0], "uv": [0, 50], "mirror": true},
						{"origin": [-6, 33, -6], "size": [4, 4, 0], "uv": [11, 75]},
						{"origin": [2, 33, -6], "size": [4, 4, 0], "uv": [11, 75], "mirror": true},
						{"origin": [2, 33, -8], "size": [12, 4, 0], "pivot": [3, 35, -5], "rotation": [0, -90, 0], "uv": [66, 77]},
						{"origin": [-14, 33, -8], "size": [12, 4, 0], "pivot": [-3, 35, -5], "rotation": [0, 90, 0], "uv": [66, 77], "mirror": true}
					]
				},
				{
					"name": "shoulder_left",
					"parent": "torso",
					"pivot": [10, 35, 0],
					"cubes": [
						{"origin": [7, 32, -3], "size": [6, 6, 6], "uv": [0, 52], "mirror": true}
					]
				},
				{
					"name": "blade_left",
					"parent": "shoulder_left",
					"pivot": [10, 35, 0],
					"rotation": [2.5, 0, 0],
					"cubes": [
						{"origin": [9, 35.5, -2], "size": [2, 8, 5], "pivot": [10, 40.5, 3], "rotation": [-5, 0, 0], "uv": [0, 0], "mirror": true},
						{"origin": [9, 39.5, 3], "size": [2, 4, 7], "pivot": [10, 40.5, 3], "rotation": [-5, 0, 0], "uv": [69, 10], "mirror": true},
						{"origin": [9.5, 42.8, 6.23], "size": [1, 6, 4], "uv": [42, 0], "mirror": true},
						{"origin": [9.49, 45.46, 10], "size": [1, 3, 7], "pivot": [10, 46.8, 14], "rotation": [-5, 0, 0], "uv": [36, 80], "mirror": true},
						{"origin": [9.48, 48.4, 13.99], "size": [1, 4, 3], "pivot": [10, 46.7, 14], "rotation": [-5, 0, 0], "uv": [0, 35], "mirror": true},
						{"origin": [10, 50.28648, 15.49469], "size": [0, 2, 8], "uv": [15, 71], "mirror": true}
					]
				},
				{
					"name": "shoulder_right",
					"parent": "torso",
					"pivot": [-10, 35, 0],
					"cubes": [
						{"origin": [-13, 32, -3], "size": [6, 6, 6], "uv": [0, 52]}
					]
				},
				{
					"name": "blade_right",
					"parent": "shoulder_right",
					"pivot": [-10, 35, 0],
					"rotation": [2.5, 0, 0],
					"cubes": [
						{"origin": [-11, 35.5, -2], "size": [2, 8, 5], "pivot": [-10, 40.5, 3], "rotation": [-5, 0, 0], "uv": [0, 0]},
						{"origin": [-11, 39.5, 3], "size": [2, 4, 7], "pivot": [-10, 40.5, 3], "rotation": [-5, 0, 0], "uv": [69, 10]},
						{"origin": [-10.5, 42.8, 6.23], "size": [1, 6, 4], "uv": [42, 0]},
						{"origin": [-10.49, 45.46, 10], "size": [1, 3, 7], "pivot": [-10, 46.8, 14], "rotation": [-5, 0, 0], "uv": [36, 80]},
						{"origin": [-10.48, 48.4, 13.99], "size": [1, 4, 3], "pivot": [-10, 46.7, 14], "rotation": [-5, 0, 0], "uv": [0, 35]},
						{"origin": [-10, 50.28648, 15.49469], "size": [0, 2, 8], "uv": [15, 71]}
					]
				},
				{
					"name": "bottom",
					"parent": "body",
					"pivot": [0, 13, 0],
					"cubes": [
						{"origin": [-6, 10, -6], "size": [12, 3, 12], "uv": [0, 20]},
						{"origin": [-4, 8, -4], "size": [8, 2, 8], "uv": [0, 106]},
						{"origin": [-2, 6, -2], "size": [4, 2, 4], "uv": [22, 37]},
						{"origin": [-6, 13.5, -6.14], "size": [12, 3, 0], "pivot": [0, 14, -3], "rotation": [10, 0, 0], "uv": [80, 64]},
						{"origin": [-3, 13.5, -3.14], "size": [12, 3, 0], "pivot": [3, 14, 0], "rotation": [10, -90, 0], "uv": [80, 12]},
						{"origin": [-6, 13.5, -0.14], "size": [12, 3, 0], "pivot": [0, 14, 3], "rotation": [-170, 0, 180], "uv": [80, 8]},
						{"origin": [-9, 13.5, -3.14], "size": [12, 3, 0], "pivot": [-3, 14, 0], "rotation": [10, 90, 0], "uv": [80, 12], "mirror": true}
					]
				},
				{
					"name": "container",
					"parent": "bottom",
					"pivot": [0, 13, 0],
					"cubes": [
						{"origin": [-2.5, 12, -2.5], "size": [5, 5, 5], "uv": [36, 45]},
						{"origin": [-3.5, 16, -3.5], "size": [7, 2, 7], "uv": [36, 20]}
					]
				},
				{
					"name": "hole",
					"parent": "container",
					"pivot": [0, 18.5, 0],
					"cubes": [
						{"origin": [-2, 16.5, -2], "size": [4, 4, 4], "uv": [21, 87]},
						{"origin": [-2.5, 21, -2.5], "size": [5, -5, 5], "uv": [0, 101]}
					]
				},
				{
					"name": "horizon",
					"parent": "container",
					"pivot": [0, 19, 0]
				},
				{
					"name": "front_border",
					"parent": "horizon",
					"pivot": [0, 19, 0],
					"cubes": [
						{"origin": [-5.5, 13.5, 0], "size": [11, 11, 0], "pivot": [0, 19, 0], "rotation": [0, -90, 0], "uv": [0, 64]}
					]
				},
				{
					"name": "side_border",
					"parent": "horizon",
					"pivot": [0, 19, 0],
					"cubes": [
						{"origin": [-5.5, 13.5, 0], "size": [11, 11, 0], "pivot": [0, 19, 0], "rotation": [0, -177.5, 0], "uv": [0, 64], "mirror": true}
					]
				},
				{
					"name": "bottom_border",
					"parent": "horizon",
					"pivot": [0, 9, 0],
					"cubes": [
						{"origin": [-5.5, 13.5, 0], "size": [11, 11, 0], "pivot": [0, 19, 0], "rotation": [90, 0, 0], "uv": [0, 64], "mirror": true}
					]
				},
				{
					"name": "hand_left",
					"parent": "body",
					"pivot": [28, 30.5, -0.5],
					"cubes": [
						{"origin": [25, 28, -3], "size": [6, 5, 5], "uv": [22, 61]}
					]
				},
				{
					"name": "left_finger_first",
					"parent": "hand_left",
					"pivot": [30, 33, -0.5],
					"cubes": [
						{"origin": [29, 33, -1.5], "size": [2, 4, 2], "uv": [96, 25]}
					]
				},
				{
					"name": "left_finger_second",
					"parent": "hand_left",
					"pivot": [30, 29.4, 1.4],
					"cubes": [
						{"origin": [29.025, 28.2, 1.2], "size": [2, 4, 2], "pivot": [29.025, 29, 2], "rotation": [-135, 0, 0], "uv": [77, 93]}
					]
				},
				{
					"name": "left_finger_third",
					"parent": "hand_left",
					"pivot": [30, 29.4, -2.6],
					"cubes": [
						{"origin": [29.025, 32.6, -8], "size": [2, 4, 2], "pivot": [29.025, 32, -4], "rotation": [135, 0, 0], "uv": [85, 95]}
					]
				},
				{
					"name": "hand_right",
					"parent": "body",
					"pivot": [-28, 30.5, -0.5],
					"cubes": [
						{"origin": [-31, 28, -3], "size": [6, 5, 5], "uv": [22, 61], "mirror": true}
					]
				},
				{
					"name": "right_finger_first",
					"parent": "hand_right",
					"pivot": [-30, 33, -0.5],
					"cubes": [
						{"origin": [-31, 33, -1.5], "size": [2, 4, 2], "uv": [96, 25], "mirror": true}
					]
				},
				{
					"name": "right_finger_second",
					"parent": "hand_right",
					"pivot": [-30, 29.4, 1.4],
					"cubes": [
						{"origin": [-31.025, 28.2, 1.2], "size": [2, 4, 2], "pivot": [-29.025, 29, 2], "rotation": [-135, 0, 0], "uv": [77, 93], "mirror": true}
					]
				},
				{
					"name": "right_finger_third",
					"parent": "hand_right",
					"pivot": [-30, 29.4, -2.6],
					"cubes": [
						{"origin": [-31.025, 32.6, -8], "size": [2, 4, 2], "pivot": [-29.025, 32, -4], "rotation": [135, 0, 0], "uv": [85, 95], "mirror": true}
					]
				},
				{
					"name": "spikes_left",
					"parent": "body",
					"pivot": [0, 11, 0]
				},
				{
					"name": "big_left",
					"parent": "spikes_left",
					"pivot": [19, 9, 0],
					"cubes": [
						{"origin": [18, 5, -3], "size": [3, 7, 6], "pivot": [19, 9, 0], "rotation": [0, 0, -10], "uv": [38, 66]},
						{"origin": [18.5, 0, -2], "size": [3, 5, 4], "pivot": [19, 6, 0], "rotation": [0, 0, -10], "uv": [0, 91]},
						{"origin": [17.7, 12, -1], "size": [1, 3, 2], "pivot": [19, 11, 0.5], "rotation": [0, 0, -10], "uv": [80, 68]}
					]
				},
				{
					"name": "medium_left",
					"parent": "spikes_left",
					"pivot": [19, 9, -7.5],
					"cubes": [
						{"origin": [17.7, 12, -8.5], "size": [1, 3, 2], "pivot": [19, 11, -5.5], "rotation": [0, 0, -10], "uv": [32, 71]},
						{"origin": [18, 6, -10], "size": [3, 6, 5], "pivot": [19, 9, -6], "rotation": [0, 0, -10], "uv": [27, 76]},
						{"origin": [18.3, 2, -9], "size": [3, 4, 3], "pivot": [19, 7, -6], "rotation": [0, 0, -10], "uv": [94, 50]}
					]
				},
				{
					"name": "small_left",
					"parent": "spikes_left",
					"pivot": [19, 9, 7.5],
					"cubes": [
						{"origin": [17.7, 12, 6.5], "size": [1, 3, 2], "pivot": [19, 11, 6.5], "rotation": [0, 0, -10], "uv": [58, 57]},
						{"origin": [18, 7, 5], "size": [3, 5, 5], "pivot": [19, 9, 5], "rotation": [0, 0, -10], "uv": [52, 81]},
						{"origin": [18.2, 3, 6], "size": [3, 4, 3], "pivot": [19, 8, 6], "rotation": [0, 0, -10], "uv": [65, 91]}
					]
				},
				{
					"name": "spikes_right",
					"parent": "body",
					"pivot": [0, 11, 0]
				},
				{
					"name": "big_right",
					"parent": "spikes_right",
					"pivot": [-19, 9, 0],
					"cubes": [
						{"origin": [-21.5, 0, -2], "size": [3, 5, 4], "pivot": [-19, 6, 0], "rotation": [0, 0, 10], "uv": [0, 91], "mirror": true},
						{"origin": [-21, 5, -3], "size": [3, 7, 6], "pivot": [-19, 9, 0], "rotation": [0, 0, 10], "uv": [38, 66], "mirror": true},
						{"origin": [-18.7, 12, -1], "size": [1, 3, 2], "pivot": [-19, 11, 0.5], "rotation": [0, 0, 10], "uv": [80, 68], "mirror": true}
					]
				},
				{
					"name": "medium_right",
					"parent": "spikes_right",
					"pivot": [-19, 9, -7.5],
					"cubes": [
						{"origin": [-21.3, 2, -9], "size": [3, 4, 3], "pivot": [-19, 7, -6], "rotation": [0, 0, 10], "uv": [94, 50], "mirror": true},
						{"origin": [-21, 6, -10], "size": [3, 6, 5], "pivot": [-19, 9, -6], "rotation": [0, 0, 10], "uv": [27, 76], "mirror": true},
						{"origin": [-18.7, 12, -8.5], "size": [1, 3, 2], "pivot": [-19, 11, -5.5], "rotation": [0, 0, 10], "uv": [32, 71], "mirror": true}
					]
				},
				{
					"name": "small_right",
					"parent": "spikes_right",
					"pivot": [-19, 9, 7.5],
					"cubes": [
						{"origin": [-18.7, 12, 6.5], "size": [1, 3, 2], "pivot": [-19, 11, 6.5], "rotation": [0, 0, 10], "uv": [58, 57], "mirror": true},
						{"origin": [-21, 7, 5], "size": [3, 5, 5], "pivot": [-19, 9, 5], "rotation": [0, 0, 10], "uv": [52, 81], "mirror": true},
						{"origin": [-21.2, 3, 6], "size": [3, 4, 3], "pivot": [-19, 8, 6], "rotation": [0, 0, 10], "uv": [65, 91], "mirror": true}
					]
				}
			]
		}
	]
}