{
	"format_version": "1.12.0",
	"minecraft:geometry": [
		{
			"description": {
				"identifier": "geometry.searinghorizons",
				"texture_width": 128,
				"texture_height": 128,
				"visible_bounds_width": 7,
				"visible_bounds_height": 4.5,
				"visible_bounds_offset": [0, 1.75, 0]
			},
			"bones": [
				{
					"name": "searinghorizons",
					"pivot": [0, 0, 0]
				},
				{
					"name": "torso",
					"parent": "searinghorizons",
					"pivot": [0, 7, 13],
					"cubes": [
						{"origin": [-6, 1, 6], "size": [12, 10, 12], "uv": [35, 43]},
						{"origin": [-6, 11.875, 15], "size": [12, 0, 9], "pivot": [0, 7.875, 22], "rotation": [7, 0, 0], "uv": [32, 30]},
						{"origin": [-6, 0.425, 15], "size": [12, 0, 9], "pivot": [0, 4.425, 22], "rotation": [-7, 0, 0], "uv": [32, 30]},
						{"origin": [-3.875, 11.62129, 15.19549], "size": [10, 0, 9], "pivot": [1.125, 6.15, 20.0237], "rotation": [7, 0, 90], "uv": [85, 0]},
						{"origin": [-6.125, 11.62129, 15.19549], "size": [10, 0, 9], "pivot": [-1.125, 6.15, 20.0237], "rotation": [7, 0, -90], "uv": [85, 0], "mirror": true}
					]
				},
				{
					"name": "chest",
					"parent": "torso",
					"pivot": [0, 6.41667, 5.85833],
					"cubes": [
						{"origin": [5.2, 3.5, 1.5], "size": [2, 4, 7], "uv": [50, 93]},
						{"origin": [-5.5, 2.25, -3], "size": [11, 8, 10], "uv": [71, 66]},
						{"origin": [-7.2, 3.5, 1.5], "size": [2, 4, 7], "uv": [85, 15]}
					]
				},
				{
					"name": "neck",
					"parent": "chest",
					"pivot": [0, 6.75, -2.9],
					"cubes": [
						{"origin": [-4, 3.75, -16], "size": [8, 6, 13], "uv": [28, 66]},
						{"origin": [0, 8.75, -10], "size": [0, 5, 7], "uv": [0, 30]}
					]
				},
				{
					"name": "head",
					"parent": "neck",
					"pivot": [0, 6.80302, -15.97207],
					"cubes": [
						{"origin": [-4.5, 2.45, -23.575], "size": [9, 7, 8], "pivot": [0, 6.75, -20], "rotation": [12.5, 0, 0], "uv": [84, 50]},
						{"origin": [3.5, 8.56448, -22.41808], "size": [0, 4, 3], "pivot": [3.5, 10.56448, -20.91808], "rotation": [-3.75, 0, 0], "uv": [32, 30]},
						{"origin": [-3.5, 8.56448, -22.41808], "size": [0, 4, 3], "pivot": [-3.5, 10.56448, -20.91808], "rotation": [-3.75, 0, 0], "uv": [32, 30], "mirror": true},
						{"origin": [-3, 3.21617, -26.10211], "size": [6, 3, 5], "pivot": [0, 5.04117, -23.35211], "rotation": [70, 0, 0], "uv": [58, 66]}
					]
				},
				{
					"name": "eyelids",
					"parent": "head",
					"pivot": [0, 4.9567, -21.74444],
					"cubes": [
						{"origin": [4.075, 3.62663, -23.70829], "size": [3, 3, 1], "pivot": [4.05, 4.62663, -23.23329], "rotation": [90, -77.5, -90], "uv": [72, 85]},
						{"origin": [-7.075, 3.62663, -23.70829], "size": [3, 3, 1], "pivot": [-4.05, 4.62663, -23.23329], "rotation": [90, 77.5, 90], "uv": [85, 0]}
					]
				},
				{
					"name": "eye_left",
					"parent": "head",
					"pivot": [4.3, 4.78896, -22.50107],
					"cubes": [
						{"origin": [3.55, 4.375, -23.6], "size": [1, 3, 0], "pivot": [0.025, 6.675, -20], "rotation": [12.5, 0, 0], "uv": [11, 8]},
						{"origin": [4.05, 3.62663, -23.73329], "size": [3, 3, 0], "pivot": [4.05, 4.62663, -23.23329], "rotation": [90, -77.5, -90], "uv": [8, 30]}
					]
				},
				{
					"name": "eye_right",
					"parent": "head",
					"pivot": [-4.3, 4.78896, -22.50107],
					"cubes": [
						{"origin": [-4.55, 4.375, -23.6], "size": [1, 3, 0], "pivot": [-0.025, 6.675, -20], "rotation": [12.5, 0, 0], "uv": [11, 4]},
						{"origin": [-7.05, 3.62663, -23.73329], "size": [3, 3, 0], "pivot": [-4.05, 4.62663, -23.23329], "rotation": [90, 77.5, 90], "uv": [6, 0]}
					]
				},
				{
					"name": "ear_left",
					"parent": "head",
					"pivot": [4.54509, 3.78708, -17.63621],
					"cubes": [
						{"origin": [5.04341, 4.0807, -19.09203], "size": [0, 14, 5], "pivot": [0, 10.67757, -16.53409], "rotation": [-9.67503, 0.12089, 4.6153], "uv": [92, 95]}
					]
				},
				{
					"name": "ear_right",
					"parent": "head",
					"pivot": [-4.54509, 3.81208, -17.78621],
					"cubes": [
						{"origin": [-5.04341, 4.0807, -19.09203], "size": [0, 14, 5], "pivot": [0, 10.67757, -16.53409], "rotation": [-9.67503, -0.12089, -4.6153], "uv": [39, 86]}
					]
				},
				{
					"name": "arm_left2",
					"parent": "chest",
					"pivot": [7.5, 5.5, 4.5],
					"cubes": [
						{"origin": [6, 4, 3], "size": [3, 3, 3], "inflate": 0.01, "uv": [0, 15]}
					]
				},
				{
					"name": "arm_left3",
					"parent": "arm_left2",
					"pivot": [9, 4.75, 4.5],
					"cubes": [
						{"origin": [8, 4.25, 3], "size": [6, 2, 3], "uv": [66, 30]}
					]
				},
				{
					"name": "arm_left4",
					"parent": "arm_left3",
					"pivot": [14, 5.25, 5.75],
					"cubes": [
						{"origin": [14, 4.25, 3], "size": [7, 2, 3], "inflate": 0.02, "uv": [50, 86]}
					]
				},
				{
					"name": "hand_left2",
					"parent": "arm_left4",
					"pivot": [21, 5.25, 4.5],
					"cubes": [
						{"origin": [21, 4.25, 2.5], "size": [3, 2, 4], "uv": [71, 36]}
					]
				},
				{
					"name": "hand_fire_left1",
					"parent": "hand_left2",
					"pivot": [23, 6.25, 4.5],
					"rotation": [0, 0, -60],
					"cubes": [
						{"origin": [23, 6.25, 2], "size": [0, 7, 5], "uv": [0, 0]}
					]
				},
				{
					"name": "hand_fire_left2",
					"parent": "hand_left2",
					"pivot": [23, 4.75, 3],
					"rotation": [0, 65, 0],
					"cubes": [
						{"origin": [23, 2.25, -5], "size": [0, 6, 8], "uv": [80, 85]}
					]
				},
				{
					"name": "hand_fire_left3",
					"parent": "hand_left2",
					"pivot": [23, 4.75, 6],
					"rotation": [0, -65, 0],
					"cubes": [
						{"origin": [23, 2.25, 6], "size": [0, 6, 8], "uv": [63, 85]}
					]
				},
				{
					"name": "finger_left1",
					"parent": "hand_left2",
					"pivot": [23.5, 5.5, 4.5],
					"cubes": [
						{"origin": [23.5, 4.5, 3.5], "size": [2, 2, 2], "uv": [0, 82]}
					]
				},
				{
					"name": "finger_left2",
					"parent": "finger_left1",
					"pivot": [25.5, 6.5, 4.5],
					"cubes": [
						{"origin": [25.5, 4.5, 3.5], "size": [2, 2, 2], "uv": [81, 50]}
					]
				},
				{
					"name": "finger_left3",
					"parent": "finger_left2",
					"pivot": [27.5, 6.5, 4.5],
					"cubes": [
						{"origin": [27.5, 4.5, 4.5], "size": [2, 2, 0], "uv": [9, 25]}
					]
				},
				{
					"name": "finger_left4",
					"parent": "hand_left2",
					"pivot": [23.5, 5, 3],
					"cubes": [
						{"origin": [23.5, 4, 2], "size": [2, 2, 2], "uv": [0, 77]}
					]
				},
				{
					"name": "finger_left5",
					"parent": "finger_left4",
					"pivot": [25.5, 6, 3],
					"cubes": [
						{"origin": [25.5, 4, 2], "size": [2, 2, 2], "uv": [72, 50]}
					]
				},
				{
					"name": "finger_left6",
					"parent": "finger_left5",
					"pivot": [27.5, 6, 3],
					"cubes": [
						{"origin": [27.5, 4, 3], "size": [2, 2, 0], "uv": [9, 22]}
					]
				},
				{
					"name": "finger_left7",
					"parent": "hand_left2",
					"pivot": [23.5, 5, 6],
					"cubes": [
						{"origin": [23.5, 4, 5], "size": [2, 2, 2], "uv": [32, 40]}
					]
				},
				{
					"name": "finger_left8",
					"parent": "finger_left7",
					"pivot": [25.5, 6, 6],
					"cubes": [
						{"origin": [25.5, 4, 5], "size": [2, 2, 2], "uv": [0, 22]}
					]
				},
				{
					"name": "finger_left9",
					"parent": "finger_left8",
					"pivot": [27.5, 6, 6],
					"cubes": [
						{"origin": [27.5, 4, 6], "size": [2, 2, 0], "uv": [0, 0]}
					]
				},
				{
					"name": "arm_right2",
					"parent": "chest",
					"pivot": [-7.5, 5.5, 4.5],
					"cubes": [
						{"origin": [-9, 4, 3], "size": [3, 3, 3], "inflate": 0.01, "uv": [0, 15], "mirror": true}
					]
				},
				{
					"name": "arm_right3",
					"parent": "arm_right2",
					"pivot": [-9, 4.75, 4.5],
					"cubes": [
						{"origin": [-14, 4.25, 3], "size": [6, 2, 3], "uv": [66, 30], "mirror": true}
					]
				},
				{
					"name": "arm_right4",
					"parent": "arm_right3",
					"pivot": [-14, 5.25, 5.75],
					"cubes": [
						{"origin": [-21, 4.25, 3], "size": [7, 2, 3], "inflate": 0.02, "uv": [50, 86], "mirror": true}
					]
				},
				{
					"name": "hand_right2",
					"parent": "arm_right4",
					"pivot": [-21, 5.25, 4.5],
					"cubes": [
						{"origin": [-24, 4.25, 2.5], "size": [3, 2, 4], "uv": [71, 36], "mirror": true}
					]
				},
				{
					"name": "hand_fire_right1",
					"parent": "hand_right2",
					"pivot": [-23, 6.25, 4.5],
					"rotation": [0, 0, 60],
					"cubes": [
						{"origin": [-23, 6.25, 2], "size": [0, 7, 5], "uv": [0, 0], "mirror": true}
					]
				},
				{
					"name": "hand_fire_right2",
					"parent": "hand_right2",
					"pivot": [-23, 4.75, 3],
					"rotation": [0, -65, 0],
					"cubes": [
						{"origin": [-23, 2.25, -5], "size": [0, 6, 8], "uv": [80, 85], "mirror": true}
					]
				},
				{
					"name": "hand_fire_right3",
					"parent": "hand_right2",
					"pivot": [-23, 4.75, 6],
					"rotation": [0, 65, 0],
					"cubes": [
						{"origin": [-23, 2.25, 6], "size": [0, 6, 8], "uv": [63, 85], "mirror": true}
					]
				},
				{
					"name": "finger_right1",
					"parent": "hand_right2",
					"pivot": [-23.5, 5.5, 4.5],
					"cubes": [
						{"origin": [-25.5, 4.5, 3.5], "size": [2, 2, 2], "uv": [0, 82], "mirror": true}
					]
				},
				{
					"name": "finger_right2",
					"parent": "finger_right1",
					"pivot": [-25.5, 6.5, 4.5],
					"cubes": [
						{"origin": [-27.5, 4.5, 3.5], "size": [2, 2, 2], "uv": [81, 50], "mirror": true}
					]
				},
				{
					"name": "finger_right3",
					"parent": "finger_right2",
					"pivot": [-27.5, 6.5, 4.5],
					"cubes": [
						{"origin": [-29.5, 4.5, 4.5], "size": [2, 2, 0], "uv": [9, 25], "mirror": true}
					]
				},
				{
					"name": "finger_right4",
					"parent": "hand_right2",
					"pivot": [-23.5, 5, 3],
					"cubes": [
						{"origin": [-25.5, 4, 2], "size": [2, 2, 2], "uv": [0, 77], "mirror": true}
					]
				},
				{
					"name": "finger_right5",
					"parent": "finger_right4",
					"pivot": [-25.5, 6, 3],
					"cubes": [
						{"origin": [-27.5, 4, 2], "size": [2, 2, 2], "uv": [72, 50], "mirror": true}
					]
				},
				{
					"name": "finger_right6",
					"parent": "finger_right5",
					"pivot": [-27.5, 6, 3],
					"cubes": [
						{"origin": [-29.5, 4, 3], "size": [2, 2, 0], "uv": [9, 22], "mirror": true}
					]
				},
				{
					"name": "finger_right7",
					"parent": "hand_right2",
					"pivot": [-23.5, 5, 6],
					"cubes": [
						{"origin": [-25.5, 4, 5], "size": [2, 2, 2], "uv": [32, 40], "mirror": true}
					]
				},
				{
					"name": "finger_right8",
					"parent": "finger_right7",
					"pivot": [-25.5, 6, 6],
					"cubes": [
						{"origin": [-27.5, 4, 5], "size": [2, 2, 2], "uv": [0, 22], "mirror": true}
					]
				},
				{
					"name": "finger_right9",
					"parent": "finger_right8",
					"pivot": [-27.5, 6, 6],
					"cubes": [
						{"origin": [-29.5, 4, 6], "size": [2, 2, 0], "uv": [0, 0], "mirror": true}
					]
				},
				{
					"name": "wing_right",
					"parent": "chest",
					"pivot": [-3.08435, 9.87986, 9],
					"cubes": [
						{"origin": [-38.925, 13.5, 2.75], "size": [35, 0, 14], "pivot": [-8, 10.5, 15.75], "rotation": [0, 0, 42.5], "uv": [0, 0]}
					]
				},
				{
					"name": "wing_left",
					"parent": "chest",
					"pivot": [3.23435, 10.17986, 9],
					"cubes": [
						{"origin": [3.925, 13.5, 2.75], "size": [35, 0, 14], "pivot": [8, 10.5, 15.75], "rotation": [0, 0, -42.5], "uv": [0, 15]}
					]
				},
				{
					"name": "leg_left",
					"parent": "torso",
					"pivot": [2.55, 6, 17],
					"cubes": [
						{"origin": [-0.95, 1.5, 16], "size": [7, 8, 13], "uv": [0, 55]}
					]
				},
				{
					"name": "leg_left2",
					"parent": "leg_left",
					"pivot": [2.55, 6, 29],
					"cubes": [
						{"origin": [-1.45, 1, 28], "size": [8, 9, 15], "uv": [0, 30]},
						{"origin": [4.225, 3.3, 42.3], "size": [0, 2, 3], "pivot": [4.225, 4.3, 44.3], "rotation": [0, 14.5, 19], "uv": [0, 30]},
						{"origin": [2.225, 7.35, 42.1], "size": [0, 2, 3], "pivot": [2.225, 8.35, 44.1], "rotation": [24.65817, 40.11447, -50.12716], "uv": [0, 30]},
						{"origin": [0.3974, 3.46657, 42.25249], "size": [0, 2, 3], "pivot": [0.3974, 4.46657, 43.75249], "rotation": [0.48422, 31.85098, 175.51082], "uv": [0, 30]},
						{"origin": [7.25998, 1, 42.82134], "size": [0, 9, 3], "pivot": [7.25998, 5.5, 44.32134], "rotation": [0, 28.25, 0], "uv": [0, 55]},
						{"origin": [-2.15998, 1, 42.82134], "size": [0, 9, 3], "pivot": [-2.15998, 5.5, 44.32134], "rotation": [0, -28.25, 0], "uv": [0, 55], "mirror": true},
						{"origin": [-2.09898, 0.5, 45.05066], "size": [0, 8, 3], "pivot": [2.05, 5, 44.32134], "rotation": [0, -28.25, -90], "uv": [28, 55], "mirror": true},
						{"origin": [6.19898, 1.5, 45.05066], "size": [0, 8, 3], "pivot": [2.05, 6, 44.32134], "rotation": [0, 28.25, -90], "uv": [28, 55]}
					]
				},
				{
					"name": "leg_fire_left",
					"parent": "leg_left2",
					"pivot": [2.55, 6, 29]
				},
				{
					"name": "leg_left_fire",
					"parent": "leg_fire_left",
					"pivot": [6.475, 6, 37],
					"rotation": [-90, 17.5, 0],
					"cubes": [
						{"origin": [6.475, 6, 34.5], "size": [0, 7, 5], "uv": [0, 0], "mirror": true}
					]
				},
				{
					"name": "leg_left_fire2",
					"parent": "leg_fire_left",
					"pivot": [2.75, 1.1, 37.6],
					"rotation": [0, -17.5, -90],
					"cubes": [
						{"origin": [2.625, -1.35, 37.5], "size": [0, 6, 8], "uv": [63, 85]}
					]
				},
				{
					"name": "leg_left_fire3",
					"parent": "leg_fire_left",
					"pivot": [-1.375, 6, 37],
					"rotation": [-90, -17.5, 0],
					"cubes": [
						{"origin": [-1.375, 6, 34.5], "size": [0, 7, 5], "uv": [0, 0], "mirror": true}
					]
				},
				{
					"name": "leg_left_fire4",
					"parent": "leg_fire_left",
					"pivot": [2.75, 10, 36.6],
					"rotation": [0, 17.5, -90],
					"cubes": [
						{"origin": [2.625, 7.55, 36.5], "size": [0, 6, 8], "uv": [63, 85]}
					]
				},
				{
					"name": "leg_right",
					"parent": "torso",
					"pivot": [-2.55, 6, 17],
					"cubes": [
						{"origin": [-6.05, 1.5, 16], "size": [7, 8, 13], "uv": [0, 55], "mirror": true}
					]
				},
				{
					"name": "leg_right2",
					"parent": "leg_right",
					"pivot": [-2.55, 6, 29],
					"cubes": [
						{"origin": [-6.55, 1, 28], "size": [8, 9, 15], "uv": [0, 30], "mirror": true},
						{"origin": [-4.225, 3.3, 42.3], "size": [0, 2, 3], "pivot": [-4.225, 4.3, 44.3], "rotation": [0, -14.5, -19], "uv": [0, 30], "mirror": true},
						{"origin": [-2.225, 7.35, 42.1], "size": [0, 2, 3], "pivot": [-2.225, 8.35, 44.1], "rotation": [24.65817, -40.11447, 50.12716], "uv": [0, 30], "mirror": true},
						{"origin": [-0.3974, 3.46657, 42.25249], "size": [0, 2, 3], "pivot": [-0.3974, 4.46657, 43.75249], "rotation": [0.48422, -31.85098, -175.51082], "uv": [0, 30], "mirror": true},
						{"origin": [-7.25998, 1, 42.82134], "size": [0, 9, 3], "pivot": [-7.25998, 5.5, 44.32134], "rotation": [0, -28.25, 0], "uv": [0, 55], "mirror": true},
						{"origin": [2.15998, 1, 42.82134], "size": [0, 9, 3], "pivot": [2.15998, 5.5, 44.32134], "rotation": [0, 28.25, 0], "uv": [0, 55]},
						{"origin": [2.09898, 0.5, 45.05066], "size": [0, 8, 3], "pivot": [-2.05, 5, 44.32134], "rotation": [0, 28.25, 90], "uv": [28, 55]},
						{"origin": [-6.19898, 1.5, 45.05066], "size": [0, 8, 3], "pivot": [-2.05, 6, 44.32134], "rotation": [0, -28.25, 90], "uv": [28, 55], "mirror": true}
					]
				},
				{
					"name": "leg_fire_right",
					"parent": "leg_right2",
					"pivot": [-2.55, 6, 29]
				},
				{
					"name": "leg_right_fire",
					"parent": "leg_fire_right",
					"pivot": [-6.525, 6, 37],
					"rotation": [-90, -17.5, 0],
					"cubes": [
						{"origin": [-6.525, 6, 34.5], "size": [0, 7, 5], "uv": [0, 0], "mirror": true}
					]
				},
				{
					"name": "leg_right_fire2",
					"parent": "leg_fire_right",
					"pivot": [-2.75, 1.1, 37.6],
					"rotation": [0, 17.5, 90],
					"cubes": [
						{"origin": [-2.625, -1.35, 37.5], "size": [0, 6, 8], "uv": [63, 85], "mirror": true}
					]
				},
				{
					"name": "leg_right_fire3",
					"parent": "leg_fire_right",
					"pivot": [1.375, 6, 37],
					"rotation": [-90, 17.5, 0],
					"cubes": [
						{"origin": [1.375, 6, 34.5], "size": [0, 7, 5], "uv": [0, 0], "mirror": true}
					]
				},
				{
					"name": "leg_right_fire4",
					"parent": "leg_fire_right",
					"pivot": [-2.75, 10, 36.6],
					"rotation": [0, -17.5, 90],
					"cubes": [
						{"origin": [-2.625, 7.55, 36.5], "size": [0, 6, 8], "uv": [63, 85], "mirror": true}
					]
				}
			]
		}
	]
}