{
	"format_version": "1.8.0",
	"animations": {
		"animation.teracorsola.ground_idle": {
			"loop": true
		},
		"animation.teracorsola.cry": {
			"loop": true
		},
		"animation.teracorsola.blink": {
			"animation_length": 0.2083,
			"bones": {
				"eye_right_closed": {
					"position": {
						"0.0": [0, 0, -0.1],
						"0.125": [0, 0, -0.1],
						"0.2083": [0, 0, 0]
					}
				},
				"eye_left_closed": {
					"position": {
						"0.0": [0, 0, -0.1],
						"0.125": [0, 0, -0.1],
						"0.2083": [0, 0, 0]
					}
				}
			}
		},
		"animation.teracorsola.render": {
			"loop": true,
			"bones": {
				"body": {
					"position": [0, 1, 0]
				},
				"head": {
					"rotation": [-9.11405, 22.13991, -10.80524]
				},
				"mouth": {
					"position": [0, 0, 0.1]
				},
				"mouth_open": {
					"position": [0, 0, -0.1]
				}
			}
		}
	}
}