{
	"format_version": "1.8.0",
	"animations": {
		"animation.teranaclstack.ground_idle": {
			"loop": true,
			"bones": {
				"torso": {
					"rotation": ["0.6*math.sin(q.anim_time*90+90)", 0, 0],
					"position": [0, "0.075*math.sin(q.anim_time*90)", 0]
				}
			}
		},
		"animation.teranaclstack.sleep": {
			"loop": true,
			"bones": {
				"torso": {
					"rotation": ["1.25 + 0.2*math.sin(q.anim_time*90*.6+90)", 0, 0],
					"position": [0, "0.05*math.sin(q.anim_time*90*.6)", 0]
				},
				"eyelid_left": {
					"position": [0.1, 0, -0.1]
				},
				"eyelid_right": {
					"position": [-0.1, 0, -0.1]
				},
				"leg_front_left": {
					"position": [0, 0, 2]
				},
				"leg_front_right": {
					"position": [0, 0, 2]
				},
				"leg_back_right": {
					"position": [0, 0, -2]
				},
				"leg_back_left": {
					"position": [0, 0, -2]
				}
			}
		},
		"animation.teranaclstack.ground_walk": {
			"loop": true,
			"bones": {
				"torso": {
					"rotation": ["math.sin(q.anim_time*90*6+0)", 0, 0],
					"position": [0, "math.abs(0.3*math.sin(q.anim_time*90*3))", 0]
				},
				"leg_front_left": {
					"rotation": ["15*math.sin(q.anim_time*90*3+90)", 0, 0],
					"position": [0, "math.clamp(math.sin(q.anim_time*90*3),0,1)", "math.sin(q.anim_time*90*3+90)"]
				},
				"leg_front_right": {
					"rotation": ["15*math.sin(q.anim_time*90*3-90)", 0, 0],
					"position": [0, "math.clamp(math.sin(q.anim_time*90*3+180),0,1)", "math.sin(q.anim_time*90*3+270)"]
				},
				"leg_back_right": {
					"rotation": ["15*math.sin(q.anim_time*90*3+90)", 0, 0],
					"position": [0, "math.clamp(math.sin(q.anim_time*90*3),0,1)", "math.sin(q.anim_time*90*3+90)"]
				},
				"leg_back_left": {
					"rotation": ["15*math.sin(q.anim_time*90*3-90)", 0, 0],
					"position": [0, "math.clamp(math.sin(q.anim_time*90*3+180),0,1)", "math.sin(q.anim_time*90*3+270)"]
				}
			}
		},
		"animation.teranaclstack.blink": {
			"animation_length": 0.2083,
			"bones": {
				"eyelid_left": {
					"position": {
						"0.0": [0, 0, 0],
						"0.0417": [0.1, 0, -0.1],
						"0.2083": {"pre": [0.1, 0, -0.1], "post": [0, 0, 0]}
					}
				},
				"eyelid_right": {
					"position": {
						"0.0": [0, 0, 0],
						"0.0417": [-0.1, 0, -0.1],
						"0.2083": {"pre": [-0.1, 0, -0.1], "post": [0, 0, 0]}
					}
				}
			}
		}
	}
}