{
 "portraitScale": 0.9,
 "portraitTranslation": [ -1, 2, -5 ],
 "profileScale": 0.3,
 "profileTranslation": [ 0.2, 1.2, -13 ],
 "animations": {
   "faint": "q.bedrock_primary('feralspine', 'faint', q.curve('one'))",
   "cry": "q.bedrock_stateful('feralspine', 'cry')"
 },
 "poses": {
   "battle-standing": {
     "poseTypes": ["STAND"],
     "isBattle": true,
     "animations": [
       "q.look('head')",
       "q.bedrock('feralspine', 'battle_idle')"
     ],
     "quirks": ["q.bedrock_quirk('feralspine', 'blink')"]
   },
   "standing": {
     "poseTypes": ["STAND", "NONE", "PORTRAIT", "PROFILE"],
     "isBattle": false,
     "animations": [
       "q.look('head')",
       "q.bedrock('feralspine', 'ground_idle')"
     ],
     "quirks": [
       "q.bedrock_quirk('feralspine', 'blink')"
     ]
   },
   "walking": {
     "poseTypes": ["WALK"],
     "animations": [
       "q.look('head')",
       "q.bedrock('feralspine', 'ground_walk')"
     ],
     "quirks": ["q.bedrock_quirk('feralspine', 'blink')"]
   },
   "float": {
     "poseTypes": ["FLOAT"],
     "animations": [
       "q.look('head')",
       "q.bedrock('feralspine', 'water_idle')"
     ],
     "quirks": ["q.bedrock_quirk('feralspine', 'blink')"]
   },
   "swim": {
     "poseTypes": ["SWIM"],
     "animations": [
       "q.look('head')",
       "q.bedrock('feralspine', 'water_swim')"
     ],
     "quirks": ["q.bedrock_quirk('feralspine', 'blink')"]
   }
 }
}