{
 "portraitScale": 1,
 "portraitTranslation": [ 0, 2.3, 0 ],
 "profileScale": 0.5,
 "profileTranslation": [ 0, 1.2, 0 ],
 "animations": {
   "faint": "q.bedrock_primary('ironguardian', 'faint', q.curve('one'))",
   "cry": "q.bedrock_stateful('ironguardian', 'cry')"
 },
 "poses": {
   "standing": {
     "poseTypes": ["STAND", "NONE", "PORTRAIT", "PROFILE"],
     "animations": [
       "q.look('head')",
       "q.bedrock('ironguardian', 'ground_idle')"
     ],
     "quirks": [
       "q.bedrock_quirk('ironguardian', 'blink')"
     ]
   },
   "walking": {
     "poseTypes": ["WALK"],
     "animations": [
       "q.look('head')",
       "q.bedrock('ironguardian', 'ground_walk')"
     ],
     "quirks": ["q.bedrock_quirk('ironguardian', 'blink')"]
   },
   "float": {
     "poseTypes": ["FLOAT"],
     "animations": [
       "q.look('head')",
       "q.bedrock('ironguardian', 'ground_idle')"
     ],
     "quirks": ["q.bedrock_quirk('ironguardian', 'blink')"]
   },
   "swim": {
     "poseTypes": ["SWIM"],
     "animations": [
       "q.look('head')",
       "q.bedrock('ironguardian', 'ground_walk')"
     ],
     "quirks": ["q.bedrock_quirk('ironguardian', 'blink')"]
   },
   "sleep": {
     "poseTypes": ["SLEEP"],
     "animations": [
         "q.bedrock('ironguardian', 'sleep', q.curve('symmetrical_wide'))"
     ]
   }
 }
}