{
 "portraitScale": 1.3,
 "portraitTranslation": [ -0.9, 3.2, 0 ],
 "profileScale": 0.4,
 "profileTranslation": [ -0.1, 1.4, 0 ],
 "animations": {
   "faint": "q.bedrock_primary('ironascent', 'faint', q.curve('one'))",
   "cry": "q.bedrock_stateful('ironascent', 'cry')",
   "physical": "q.bedrock_primary('ironascent', 'physical_attack', q.curve('one'))",
   "special": "q.bedrock_primary('ironascent', 'special_attack', q.curve('symmetrical_wide'))",
   "status": "q.bedrock_primary('ironascent', 'status', q.curve('symmetrical_wide'))"
 },
 "poses": {
   "battle-standing": {
     "poseTypes": ["STAND"],
     "isBattle": true,
     "animations": [
       "q.look('head')",
       "q.bedrock('ironascent', 'battle_idle')",
       "q.bedrock('ironascent', 'antenna', q.curve('one'))"
     ],
     "quirks": ["q.bedrock_quirk('ironascent', 'blink')"]
   },
   "standing": {
     "poseTypes": ["STAND", "NONE", "PORTRAIT", "PROFILE"],
     "isBattle": false,
     "animations": [
       "q.look('head')",
       "q.bedrock('ironascent', 'air_idle')",
       "q.bedrock('ironascent', 'antenna', q.curve('one'))"
     ],
     "quirks": [
       "q.bedrock_quirk('ironascent', 'blink')"
     ]
   },
   "walking": {
     "poseTypes": ["WALK"],
     "animations": [
       "q.look('head')",
       "q.bedrock('ironascent', 'air_fly')",
       "q.bedrock('ironascent', 'antenna', q.curve('one'))"
     ],
     "quirks": ["q.bedrock_quirk('ironascent', 'blink')"]
   },
   "hover": {
     "poseTypes": ["HOVER"],
     "animations": [
       "q.look('head')",
       "q.bedrock('ironascent', 'air_idle')",
       "q.bedrock('ironascent', 'antenna', q.curve('one'))"
     ],
     "quirks": ["q.bedrock_quirk('ironascent', 'blink')"]
   },
   "fly": {
     "poseTypes": ["FLY"],
     "animations": [
       "q.look('head')",
       "q.bedrock('ironascent', 'air_fly')",
       "q.bedrock('ironascent', 'antenna', q.curve('one'))"
     ],
     "quirks": ["q.bedrock_quirk('ironascent', 'blink')"]
   },
   "float": {
     "poseTypes": ["FLOAT"],
     "animations": [
       "q.look('head')",
       "q.bedrock('ironascent', 'air_idle')",
       "q.bedrock('ironascent', 'antenna', q.curve('one'))"
     ],
     "quirks": ["q.bedrock_quirk('ironascent', 'blink')"]
   },
   "swim": {
     "poseTypes": ["SWIM"],
     "animations": [
       "q.look('head')",
       "q.bedrock('ironascent', 'air_fly')",
       "q.bedrock('ironascent', 'antenna', q.curve('one'))"
     ],
     "quirks": ["q.bedrock_quirk('ironascent', 'blink')"]
   }
 }
}