{
 "portraitScale": 1,
 "portraitTranslation": [ 0, 0.3, 0 ],
 "profileScale": 1,
 "profileTranslation": [ 0, 0.5, 0 ],
 "animations": {
 },
 "poses": {
   "standing": {
     "poseTypes": ["STAND", "NONE", "PORTRAIT", "PROFILE"],
     "animations": [
       "q.look('head')",
       "q.bedrock('teracarbink', 'air_idle')"
     ],
     "quirks": [
       "q.bedrock_quirk('teracarbink', 'blink')"
     ]
   },
   "walking": {
     "poseTypes": ["WALK"],
     "animations": [
       "q.look('head')",
       "q.bedrock('teracarbink', 'air_walk')"
     ],
     "quirks": ["q.bedrock_quirk('teracarbink', 'blink')"]
   },
   "float": {
     "poseTypes": ["FLOAT"],
     "animations": [
       "q.look('head')",
       "q.bedrock('teracarbink', 'air_idle')"
     ],
     "quirks": ["q.bedrock_quirk('teracarbink', 'blink')"]
   },
   "swim": {
     "poseTypes": ["SWIM"],
     "animations": [
       "q.look('head')",
       "q.bedrock('teracarbink', 'air_walk')"
     ],
     "quirks": ["q.bedrock_quirk('teracarbink', 'blink')"]
   }
 }
}