{
 "portraitScale": 4,
 "portraitTranslation": [ 0, -4.4, 0 ],
 "profileScale": 1.25,
 "profileTranslation": [ 0, -0.15, 0 ],
 "animations": {
 },
 "poses": {
   "standing": {
     "poseTypes": ["STAND", "NONE", "PORTRAIT", "PROFILE"],
     "animations": [
       "q.look('head')",
       "q.bedrock('teranacli', 'ground_idle')"
     ],
     "quirks": [
       "q.bedrock_quirk('teranacli', 'blink')"
     ]
   },
   "walking": {
     "poseTypes": ["WALK"],
     "animations": [
       "q.look('head')",
       "q.bedrock('teranacli', 'ground_walk')"
     ],
     "quirks": ["q.bedrock_quirk('teranacli', 'blink')"]
   },
   "float": {
     "poseTypes": ["FLOAT"],
     "animations": [
       "q.look('head')",
       "q.bedrock('teranacli', 'ground_idle')"
     ],
     "quirks": ["q.bedrock_quirk('teranacli', 'blink')"]
   },
   "swim": {
     "poseTypes": ["SWIM"],
     "animations": [
       "q.look('head')",
       "q.bedrock('teranacli', 'ground_walk')"
     ],
     "quirks": ["q.bedrock_quirk('teranacli', 'blink')"]
   },
   "sleep": {
     "poseTypes": ["SLEEP"],
     "animations": [
         "q.bedrock('teranacli', 'sleep', q.curve('symmetrical_wide'))"
     ]
   }
 }
}