{
 "portraitScale": 1.5,
 "portraitTranslation": [ -0.1, 2.5, 0 ],
 "profileScale": 0.5,
 "profileTranslation": [ 0, 1, 0 ],
 "animations": {
 },
 "poses": {
   "standing": {
     "poseTypes": ["STAND", "NONE", "PORTRAIT", "PROFILE"],
     "animations": [
       "q.look('head')",
       "q.bedrock('teraregirock', 'ground_idle')"
     ],
     "quirks": [
       "q.bedrock_quirk('teraregirock', 'blink')"
     ]
   },
   "walking": {
     "poseTypes": ["WALK"],
     "animations": [
       "q.look('head')",
       "q.bedrock('teraregirock', 'ground_walk')"
     ],
     "quirks": ["q.bedrock_quirk('teraregirock', 'blink')"]
   },
   "float": {
     "poseTypes": ["FLOAT"],
     "animations": [
       "q.look('head')",
       "q.bedrock('teraregirock', 'ground_idle')"
     ],
     "quirks": ["q.bedrock_quirk('teraregirock', 'blink')"]
   },
   "swim": {
     "poseTypes": ["SWIM"],
     "animations": [
       "q.look('head')",
       "q.bedrock('teraregirock', 'ground_walk')"
     ],
     "quirks": ["q.bedrock_quirk('teraregirock', 'blink')"]
   }
 }
}