{
 "portraitScale": 2.5,
 "portraitTranslation": [ -0.2, -1.8, 0 ],
 "profileScale": 0.8,
 "profileTranslation": [ 0, 0.5, 0 ],
 "animations": {
   "faint": "q.bedrock_primary('teraroggenrola', 'faint', q.curve('one'))",
   "cry": "q.bedrock_stateful('teraroggenrola', 'cry')"
 },
 "poses": {
   "battle-standing": {
     "poseTypes": ["STAND"],
     "isBattle": true,
     "animations": [
       "q.look('head')",
       "q.bedrock('teraroggenrola', 'battle_idle')"
     ],
     "quirks": ["q.bedrock_quirk('teraroggenrola', q.array('quirk', 'blink'))"]
   },
   "standing": {
     "poseTypes": ["STAND", "NONE", "PORTRAIT", "PROFILE"],
     "isBattle": false,
     "animations": [
       "q.look('head')",
       "q.bedrock('teraroggenrola', 'ground_idle')"
     ],
     "quirks": [
       "q.bedrock_quirk('teraroggenrola', q.array('quirk', 'blink'))"
     ]
   },
   "walking": {
     "poseTypes": ["WALK"],
     "animations": [
       "q.look('head')",
       "q.bedrock('teraroggenrola', 'ground_walk')"
     ],
     "quirks": ["q.bedrock_quirk('teraroggenrola', q.array('quirk', 'blink'))"]
   },
   "float": {
     "poseTypes": ["FLOAT"],
     "animations": [
       "q.look('head')",
       "q.bedrock('teraroggenrola', 'ground_idle')"
     ],
     "quirks": ["q.bedrock_quirk('teraroggenrola', q.array('quirk', 'blink'))"]
   },
   "swim": {
     "poseTypes": ["SWIM"],
     "animations": [
       "q.look('head')",
       "q.bedrock('teraroggenrola', 'ground_walk')"
     ],
     "quirks": ["q.bedrock_quirk('teraroggenrola', q.array('quirk', 'blink'))"]
   },
   "sleep": {
     "poseTypes": ["SLEEP"],
     "animations": [
         "q.bedrock('teraroggenrola', 'sleep', q.curve('symmetrical_wide'))"
     ]
   },
   "shoulder_left": {
     "poseTypes": ["SHOULDER_LEFT"],
     "animations": [
       "q.look('head')",
       "q.bedrock('teraroggenrola', 'shoulder_left')"
     ],
     "quirks": ["q.bedrock_quirk('teraroggenrola', q.array('quirk', 'blink'))"]
   },
   "shoulder_right": {
     "poseTypes": ["SHOULDER_RIGHT"],
     "animations": [
       "q.look('head')",
       "q.bedrock('teraroggenrola', 'shoulder_right')"
     ],
     "quirks": ["q.bedrock_quirk('teraroggenrola', q.array('quirk', 'blink'))"]
   }
 }
}