{
 "portraitScale": 1.1,
 "portraitTranslation": [ -0.2, 1.4, 0 ],
 "profileScale": 0.55,
 "profileTranslation": [ -0.1, 0.9, 0 ],
 "animations": {
   "faint": "q.bedrock_primary('teraonix', 'faint', q.curve('one'))",
   "cry": "q.bedrock_stateful('teraonix', 'cry')"
 },
 "poses": {
   "portrait": {
     "poseTypes": ["PORTRAIT", "PROFILE"],
     "animations": [
        "q.bedrock('onix', 'summary_idle')"
     ],
     "quirks": ["q.bedrock_quirk('onix', 'blink')"]
   },

   "battle-standing": {
     "poseTypes": ["STAND"],
     "isBattle": true,
     "animations": [
       "q.look('head')",
       "q.bedrock('teraonix', 'battle_idle')",
       "q.bedrock('teraonix', 'boulder_rotation', q.curve('one'))"
     ],
     "quirks": ["q.bedrock_quirk('teraonix', 'blink')"]
   },
   "standing": {
     "poseTypes": ["STAND", "NONE"],
     "isBattle": false,
     "animations": [
       "q.look('head')",
       "q.bedrock('teraonix', 'ground_idle')",
       "q.bedrock('teraonix', 'boulder_rotation', q.curve('one'))"
     ],
     "quirks": [
       "q.bedrock_quirk('teraonix', 'blink')"
     ]
   },
   "walking": {
     "poseTypes": ["WALK"],
     "animations": [
       "q.look('head')",
       "q.bedrock('teraonix', 'ground_walk')",
       "q.bedrock('teraonix', 'boulder_rotation', q.curve('one'))"
     ],
     "quirks": ["q.bedrock_quirk('teraonix', 'blink')"]
   },
   "float": {
     "poseTypes": ["FLOAT"],
     "animations": [
       "q.look('head')",
       "q.bedrock('teraonix', 'ground_idle')",
       "q.bedrock('teraonix', 'boulder_rotation', q.curve('one'))"
     ],
     "quirks": ["q.bedrock_quirk('teraonix', 'blink')"]
   },
   "swim": {
     "poseTypes": ["SWIM"],
     "animations": [
       "q.look('head')",
       "q.bedrock('teraonix', 'ground_walk')",
       "q.bedrock('teraonix', 'boulder_rotation', q.curve('one'))"
     ],
     "quirks": ["q.bedrock_quirk('teraonix', 'blink')"]
   },
   "sleep": {
     "poseTypes": ["SLEEP"],
     "animations": [
         "q.bedrock('teraonix', 'sleep', q.curve('symmetrical_wide'))",
       "q.bedrock('teraonix', 'slow_boulder_rotation', q.curve('one'))"
     ]
   }
 }
}