{
  "implemented": true,
  "name": "Feral Spine",
  "nationalPokedexNumber": 160,
  "primaryType": "water",
  "secondaryType": "fighting",
  "abilities": [
    "protosynthesis"
  ],
  "drops": {
    "amount": 1,
    "entries": [
      {
        "item": "cobblemon:mystic_water",
        "percentage": 25.0
      }
    ]
  },
  "baseStats": {
    "hp": 85,
    "attack": 117,
    "defence": 101,
    "special_attack": 71,
    "special_defence": 83,
    "speed": 113
  },
  "catchRate": 10,
  "maleRatio": 0.875,
  "shoulderMountable": false,
  "baseExperienceYield": 300,
  "experienceGroup": "medium_slow",
  "eggCycles": 120,
  "eggGroups": [
    "monster",
    "water_1"
  ],
  "behaviour": {
    "resting": {
      "canSleep": true,
      "willSleepOnBed": false,
      "depth": "normal",
      "light": "0-4"
    },
    "moving": {
      "swim": {
        "canSwimInWater": true,
        "canBreatheUnderwater": true,
        "canWalkOnWater": true
      },
      "walk": {
        "walkSpeed": 0.2
      }
    }
  },
  "moves": [
    "1:agility",
    "1:leer",
    "1:rage",
    "1:scratch",
    "1:watergun",
    "11:machpunch",
    "13:bite",
    "15:aquajet",
    "19:revenge",
    "21:icefang",
    "23:flipturn",
    "31:crunch",
    "35:jawlock",
    "37:slash",
    "39:skyuppercut",
    "43:screech",
    "45:aquacutter",
    "51:outrage",
    "59:aquatail",
    "65:superpower",
    "70:liquidation",
    "75:closecombat",
    "tm:aerialace",
    "tm:agility",
    "tm:attract",
    "tm:avalanche",
    "tm:blizzard",
    "tm:bodyslam",
    "tm:breakingswipe",
    "tm:brickbreak",
    "tm:bulldoze",
    "tm:captivate",
    "tm:chillingwater",
    "tm:confide",
    "tm:crunch",
    "tm:curse",
    "tm:cut",
    "tm:dig",
    "tm:dive",
    "tm:doubleedge",
    "tm:doubleteam",
    "tm:dragonclaw",
    "tm:dragondance",
    "tm:dragonpulse",
    "tm:dragontail",
    "tm:earthquake",
    "tm:endeavor",
    "tm:endure",
    "tm:facade",
    "tm:faketears",
    "tm:fling",
    "tm:focusblast",
    "tm:focuspunch",
    "tm:frustration",
    "tm:gigaimpact",
    "tm:helpinghand",
    "tm:honeclaws",
    "tm:hydrocannon",
    "tm:hydropump",
    "tm:hyperbeam",
    "tm:icebeam",
    "tm:icefang",
    "tm:icepunch",
    "tm:icywind",
    "tm:irontail",
    "tm:lashout",
    "tm:lowkick",
    "tm:metalclaw",
    "tm:muddywater",
    "tm:mudslap",
    "tm:naturalgift",
    "tm:outrage",
    "tm:poweruppunch",
    "tm:protect",
    "tm:psychicfangs",
    "tm:raindance",
    "tm:rest",
    "tm:return",
    "tm:roar",
    "tm:rockclimb",
    "tm:rockslide",
    "tm:rocksmash",
    "tm:rocktomb",
    "tm:round",
    "tm:scald",
    "tm:scaleshot",
    "tm:scaryface",
    "tm:secretpower",
    "tm:shadowclaw",
    "tm:sleeptalk",
    "tm:snarl",
    "tm:spite",
    "tm:stompingtantrum",
    "tm:strength",
    "tm:substitute",
    "tm:surf",
    "tm:swagger",
    "tm:swordsdance",
    "tm:takedown",
    "tm:terablast",
    "tm:thief",
    "tm:toxic",
    "tm:trailblaze",
    "tm:uproar",
    "tm:waterfall",
    "tm:waterpledge",
    "tm:waterpulse",
    "tm:whirlpool",
    "tm:workup"
  ],
  "labels": [
    "paradox"
  ],
  "pokedex": [
    "cobblemon.species.feralspine.desc"
  ],
  "evolutions": [],
  "baseScale": 1.05,
  "hitbox": {
    "width": 1.2,
    "height": 3,
    "fixed": false
  },
  "baseFriendship": 70,
  "evYield": {
    "hp": 0,
    "attack": 3,
    "defence": 0,
    "special_attack": 0,
    "special_defence": 0,
    "speed": 0
  },
  "height": 23,
  "weight": 888,
  "aspects": [],
  "cannotDynamax": false
}
