{
  "implemented": true,
  "name": "Iron Guardian",
  "nationalPokedexNumber": 1100,
  "primaryType": "steel",
  "secondaryType": "ground",
  "abilities": [
    "quarkdrive"
  ],
  "drops": {
    "amount": 2,
    "entries": [
      {
        "item": "cobblemon:metal_coat",
        "percentage": 2.0
      },
      {
        "item": "minecraft:iron_ingot",
        "percentage": 5.0
      }
    ]
  },
  "baseStats": {
    "hp": 107,
    "attack": 130,
    "defence": 130,
    "special_attack": 65,
    "special_defence": 90,
    "speed": 68
  },
  "behaviour": {
    "moving": {
      "walk": {
        "walkSpeed": 0.25
      },
     "swim": {
       "swimSpeed": 0.2,
       "canSwimInWater": false,
       "canBreatheUnderwater": false
     }
    },
    "resting": {
      "canSleep": true,
      "willSleepOnBed": false,
      "depth": "normal",
      "light": "0-4"
    }
  },
  "catchRate": 90,
  "maleRatio": -1,
  "shoulderMountable": false,
  "baseExperienceYield": 169,
  "experienceGroup": "medium_fast",
  "eggCycles": 25,
  "eggGroups": [
    "Undiscovered"
  ],
  "moves": [
    "1:ironhead",  
    "1:electricterrain",
    "1:bulletpunch", 
    "1:automize",
    "1:astonish",
    "1:defensecurl",
    "1:focuspunch",
    "1:highhorsepower",
    "1:mudslap",
    "1:pound",
    "9:rollout",
    "12:shadowpunch",
    "16:curse",
    "20:nightshade",
    "24:stompingtantrum",
    "27:drillrun",
    "28:irondefense",
    "30:magnitude",
    "32:megapunch",
    "36:shadowball",
    "40:heavyslam",
    "46:phantomforce",
    "52:hammerarm",
    "52;steelbeam",
    "58:earthquake",
    "64:dynamicpunch",
    "79:meteormash",
    "80:gyroball",
    "tm:bodypress",
    "tm:bodyslam",
    "tm:brickbreak",
    "tm:bulldoze",
    "tm:chargebeam",
    "tm:closecombat",
    "tm:confide",
    "tm:confuseray",
    "tm:curse",
    "tm:darkestlariat",
    "tm:dig",
    "tm:doubleedge",
    "tm:doubleteam",
    "tm:drainpunch",
    "tm:earthpower",
    "tm:earthquake",
    "tm:endure",
    "tm:facade",
    "tm:firepunch",
    "tm:flash",
    "tm:flashcannon",
    "tm:fling",
    "tm:fly",
    "tm:focusblast",
    "tm:forcepalm",
    "tm:focuspunch",
    "tm:frustration",
    "tm:gigaimpact",
    "tm:gravity",
    "tm:gyroball",
    "tm:hardpress",
    "tm:heatcrash",
    "tm:heavyslam",
    "tm:helpinghand",
    "tm:hiddenpower",
    "tm:highhorsepower",
    "tm:hyperbeam",
    "tm:icepunch",
    "tm:imprison",
    "tm:irondefense",
    "tm:knockoff",
    "tm:lowkick",
    "tm:lowsweep",
    "tm:megakick",
    "tm:megapunch",
    "tm:mudslap",
    "tm:nightshade",
    "tm:phantomforce",
    "tm:poweruppunch",
    "tm:protect",
    "tm:psychup",
    "tm:raindance",
    "tm:reflect",
    "tm:rest",
    "tm:return",
    "tm:rockpolish",
    "tm:rockslide",
    "tm:rocksmash",
    "tm:rocktomb",
    "tm:safeguard",
    "tm:sandstorm",
    "tm:scorchingsands",
    "tm:secretpower",
    "tm:selfdestruct",
    "tm:sleeptalk",
    "tm:smackdown",
    "tm:snore",
    "tm:stealthrock",
    "tm:stompingtantrum",
    "tm:stoneedge",
    "tm:strength",
    "tm:substitute",
    "tm:sunnyday",
    "tm:superpower",
    "tm:swagger",
    "tm:takedown",
    "tm:telekinesis",
    "tm:terablast",
    "tm:thief",
    "tm:thunderbolt",
    "tm:thunderpunch",
    "tm:trick",
    "tm:zenheadbutt",
    "tutor:allyswitch",
    "tutor:block",
    "tutor:drainpunch",
    "tutor:earthpower",
    "tutor:firepunch",
    "tutor:focuspunch",
    "tutor:gravity",
    "tutor:gyroball",
    "tutor:hammerarm",
    "tutor:hyperbeam",
    "tutor:icepunch",
    "tutor:irondefense",
    "tutor:lowkick",
    "tutor:magiccoat",
    "tutor:poltergeist",
    "tutor:scorchingsands",
    "tutor:shadowpunch",
    "tutor:shockwave",
    "tutor:signalbeam",
    "tutor:sleeptalk",
    "tutor:snore",
    "tutor:stealthrock",
    "tutor:stompingtantrum",
    "tutor:superpower",
    "tutor:telekinesis",
    "tutor:thunderpunch",
    "tutor:zenheadbutt"
  ],
  "labels": [
    "custom",
    "paradox"
  ],
  "pokedex": [
    "cobblemon.species.IronGuardian.desc"
  ],
  "evolutions": [],
  "baseScale": 1.65,
  "hitbox": {
    "width": 1.4,
    "height": 3.5,
    "fixed": false
  },
  "baseFriendship": 50,
  "evYield": {
    "hp": 0,
    "attack": 3,
    "defence": 0,
    "special_attack": 0,
    "special_defence": 0,
    "speed": 0
  },
  "height": 28,
  "weight": 4300,
  "aspects": [],
  "cannotDynamax": false
}