{
  "name": "Searing Horizons",
  "nationalPokedexNumber": 3003,
  "primaryType": "psychic",
"secondaryType": "fire",
  "abilities": [
    "protosynthesis"
  ],
  "baseStats": {
    "hp": 71,
    "attack": 97,
    "defence": 91,
    "special_attack": 125,
    "special_defence": 93,
    "speed": 113
  },
  "catchRate": 10,
  "maleRatio": -1,
  "shoulderMountable": false,
  "forms": [
    {
      "name": "Mega",
      "primaryType": "dragon",
      "secondaryType": "psychic",
      "abilities": [
        "levitate"
      ],
      "baseStats": {
        "hp": 80,
        "attack": 100,
        "defence": 120,
        "special_attack": 140,
        "special_defence": 150,
        "speed": 110
      },
      "catchRate": 10,
      "maleRatio": -1,
      "baseExperienceYield": 300,
      "baseFriendship": 90,
      "evYield": {
        "hp": 0,
        "attack": 0,
        "defence": 0,
        "special_attack": 0,
        "special_defence": 3,
        "speed": 0
      },
      "experienceGroup": "slow",
      "eggCycles": 120,
      "eggGroups": [
        "undiscovered"
      ],
      "labels": [
        "gen9",
        "custom",
        "paradox"
      ],
      "aspects": [
        "mega"
      ],
      "height": 18,
      "weight": 520,
      "cannotDynamax": false,
      "battleOnly": true
    }
  ],
  "baseExperienceYield": 300,
  "experienceGroup": "slow",
  "eggCycles": 120,
  "eggGroups": [
    "undiscovered"
  ],
  "moves": [
    "1:charm",
    "1:psywave",
    "1:safeguard",
    "1:bounce",
    "1:storedpower",
    "4:firepledge",
    "5:helpinghand",
    "10:recover",
    "13:refresh",
    "14:firepsin",
    "15:confusion",
    "20:tailwind",
    "25:dragonbreath",
    "30:wish",
    "35:mistball",
    "40:zenheadbutt",
    "45:dragonpulse",
    "49:solarbeam",
    "50:healpulse",
    "53:flamethrower",
    "55:reflecttype",
    "60:psychic",
    "61:focusblast",
    "63:heatwave",
    "65:guardsplit",
    "67:hyperbeam",
    "69:incinerate",
    "70:blastburn",
    "75:psychoshift",
    "tm:aerialace",
    "tm:agility",
    "tm:aircutter",
    "tm:airslash",
    "tm:alluringvoice",
    "tm:allyswitch",
    "tm:aurasphere",
    "tm:breakingswipe",
    "tm:calmmind",
    "tm:captivate",
    "tm:charm",
    "tm:confide",
    "tm:cut",
    "tm:defog",
    "tm:disarmingvoice",
    "tm:doubleedge",
    "tm:doubleteam",
    "tm:dracometeor",
    "tm:willowisp",
    "tm:dragoncheer",
    "tm:dragonclaw",
    "tm:dragondance",
    "tm:dragonpulse",
    "tm:drainingkiss",
    "tm:dreameater",
    "tm:dualwingbeat",
    "tm:endure",
    "tm:energyball",
    "tm:facade",
    "tm:flash",
    "tm:fly",
    "tm:frustration",
    "tm:blazekick",
    "tm:flamecharge",
    "tm:flareblitz",
    "tm:futuresight",
    "tm:gigaimpact",
    "tm:fly",
    "tm:helpinghand",
    "tm:hiddenpower",
    "tm:honeclaws",
    "tm:hyperbeam",
    "tm:lightscreen",
    "tm:magicroom",
    "tm:mysticalfire",
    "tm:outrage",
    "tm:protect",
    "tm:psychic",
    "tm:psychocut",
    "tm:psychup",
    "tm:psyshock",
    "tm:reflect",
    "tm:rest",
    "tm:retaliate",
    "tm:return",
    "tm:roar",
    "tm:roost",
    "tm:safeguard",
    "tm:secretpower",
    "tm:shadowball",
    "tm:shockwave",
    "tm:sleeptalk",
    "tm:snore",
    "tm:solarbeam",
    "tm:steelwing",
    "tm:storedpower",
    "tm:substitute",
    "tm:sunnyday",
    "tm:swagger",
    "tm:swift",
    "tm:tailwind",
    "tm:takedown",
    "tm:telekinesis",
    "tm:terablast",
    "tm:triattack",
    "tm:trick",
    "tm:waterfall",
    "tm:weatherball",
    "tm:zenheadbutt",
    "tutor:allyswitch",
    "tutor:bodyslam",
    "tutor:charm",
    "tutor:covet",
    "tutor:defog",
    "tutor:doubleedge",
    "tutor:dracometeor",
    "tutor:dragonbreath",
    "tutor:dragonpulse",
    "tutor:dreameater",
    "tutor:dualwingbeat",
    "tutor:endure",
    "tutor:healpulse",
    "tutor:helpinghand",
    "tutor:laserfocus",
    "tutor:lastresort",
    "tutor:magiccoat",
    "tutor:magicroom",
    "tutor:mimic",
    "tutor:mistball",
    "tutor:outrage",
    "tutor:psychoshift",
    "tutor:psychup",
    "tutor:recover",
    "tutor:refresh",
    "tutor:roleplay",
    "tutor:roost",
    "tutor:sleeptalk",
    "tutor:snore",
    "tutor:suckerpunch",
    "tutor:swagger",
    "tutor:sweetkiss",
    "tutor:swift",
    "tutor:tailwind",
    "tutor:telekinesis",
    "tutor:thunderwave",
    "tutor:trick",
    "tutor:twister",
    "tutor:wish",
    "tutor:zenheadbutt"
  ],
  "labels": [
    "gen3",
    "legendary"
  ],
  "pokedex": [
    "cobblemon.species.searinghorizons.desc"
  ],
  "evolutions": [],
  "baseScale": 1,
  "hitbox": {
    "width": 1,
    "height": 1,
    "fixed": false
  },
  "behaviour": {
   "resting": {
   "canSleep": true,
   "willSleepOnBed": true,
   "depth": "normal",
   "light": "0-4"
    },
   "moving": {
   "canLook": true,
     "fly": {
       "flySpeed": 1,
       "canFly": true
     },          
     "swim": {
       "swimSpeed": 0.2,
       "canSwimInWater": false,
       "canBreatheUnderwater": false,
       "canWalkOnWater": true
     }
   }
 },
  "baseFriendship": 90,
  "evYield": {
    "hp": 0,
    "attack": 0,
    "defence": 0,
    "special_attack": 0,
    "special_defence": 3,
    "speed": 0
  },
  "height": 14,
  "weight": 400,
  "aspects": [],
  "cannotDynamax": false,
  "drops": {
    "amount": 4,
    "entries": [
      {
        "item": "minecraft:feather",
        "quantityRange": "2-4"
      }
    ]
  }
}
