{
  "implemented": true,
  "name": "Carbink",
  "nationalPokedexNumber": 703,
  "primaryType": "rock",
  "secondaryType": "grass",
  "abilities": [
    "effectspore",
    "sturdy",
    "h:waterabsorb"
  ],
  "baseStats": {
    "hp": 75,
    "attack": 100,
    "defence": 125,
    "special_attack": 50,
    "special_defence": 100,
    "speed": 50
  },
  "catchRate": 60,
  "maleRatio": -1,
  "shoulderMountable": false,
  "baseExperienceYield": 100,
  "experienceGroup": "slow",
  "eggCycles": 25,
  "eggGroups": [
    "fairy",
    "mineral"
  ],
  "moves": [
    "1:harden",
    "1:tackle",
    "5:guardsplit",
    "5:rockthrow",
    "8:sharpen",
    "9:vinewhip",
    "10:smackdown",
    "12:cottonspore",
    "15:flail",
    "17:bulletseed",
    "18:reflect",
    "20:ancientpower",
    "22:megadrain",
    "25:rockpolish",
    "28:leafblade",
    "30:lightscreen",
    "33:spikyshield",
    "35:rockslide",
    "37:seedbomb",
    "40:skillswap",
    "45:powergem",
    "48:woodhammer",
    "50:stealthrock",
    "55:moonblast",
    "60:stoneedge",
    "70:safeguard",
    "tm:allyswitch",
    "tm:bodypress",
    "tm:bodyslam",
    "tm:calmmind",
    "tm:charm",
    "tm:confide",
    "tm:dazzlinggleam",
    "tm:doubleedge",
    "tm:doubleteam",
    "tm:earthpower",
    "tm:endeavor",
    "tm:endure",
    "tm:explosion",
    "tm:facade",
    "tm:flash",
    "tm:flashcannon",
    "tm:frustration",
    "tm:gigadrain",
    "tm:gigaimpact",
    "tm:grassyterrain",
    "tm:gravity",
    "tm:guardswap",
    "tm:gyroball",
    "tm:hail",
    "tm:heavyslam",
    "tm:hiddenpower",
    "tm:hyperbeam",
    "tm:irondefense",
    "tm:ironhead",
    "tm:lightscreen",
    "tm:meteorbeam",
    "tm:mistyexplosion",
    "tm:mistyterrain",
    "tm:naturepower",
    "tm:powergem",
    "tm:powerwhip",
    "tm:protect",
    "tm:psychic",
    "tm:psychup",
    "tm:raindance",
    "tm:reflect",
    "tm:rest",
    "tm:return",
    "tm:rockblast",
    "tm:rockpolish",
    "tm:rockslide",
    "tm:rocktomb",
    "tm:round",
    "tm:safeguard",
    "tm:sandstorm",
    "tm:sandtomb",
    "tm:secretpower",
    "tm:skillswap",
    "tm:sleeptalk",
    "tm:smackdown",
    "tm:snore",
    "tm:spikes",
    "tm:stealthrock",
    "tm:stompingtantrum",
    "tm:stoneedge",
    "tm:substitute",
    "tm:sunnyday",
    "tm:swagger",
    "tm:synthesis",
    "tm:takedown",
    "tm:terablast",
    "tm:toxic",
    "tm:trickroom",
    "tm:wonderroom",
    "tutor:afteryou",
    "tutor:allyswitch",
    "tutor:covet",
    "tutor:earthpower",
    "tutor:gravity",
    "tutor:irondefense",
    "tutor:magiccoat",
    "tutor:magnetrise",
    "tutor:meteorbeam",
    "tutor:mistyexplosion",
    "tutor:skillswap",
    "tutor:snore",
    "tutor:stealthrock",
    "tutor:stompingtantrum",
    "tutor:telekinesis",
    "tutor:terrainpulse",
    "tutor:wonderroom"
  ],
  "labels": [
    "gen6"
  ],
  "pokedex": [
    "cobblemon.species.teracarbink.desc"
  ],
  "evolutions": [],
  "baseScale": 0.75,
  "hitbox": {
    "width": 1,
    "height": 1.15,
    "fixed": false
  },
  "behaviour": {
   "resting": {
   "canSleep": true,
   "willSleepOnBed": true,
   "depth": "normal",
   "light": "0-4"
    },
   "moving": {
   "canLook": true,   
     "swim": {
       "swimSpeed": 0.2,
       "canSwimInWater": false,
       "canBreatheUnderwater": false
     }
   }
 },
  "baseFriendship": 50,
  "evYield": {
    "hp": 0,
    "attack": 0,
    "defence": 1,
    "special_attack": 0,
    "special_defence": 1,
    "speed": 0
  },
  "height": 3,
  "weight": 57,
  "aspects": [],
  "cannotDynamax": false,
  "drops": {
    "amount": 3,
    "entries": [
      {
        "item": "minecraft:diamond",
        "percentage": 5.0
      },
      {
        "item": "cobblemon:babiri_berry",
        "percentage": 5.0
      },
      {
        "item": "cobblemon:float_stone",
        "percentage": 5.0
      }
    ]
  }
}
