{
  "implemented": true,
  "name": "Gigalith",
  "nationalPokedexNumber": 526,
  "primaryType": "rock",
  "secondaryType": "ice",
  "abilities": [
    "sturdy",
    "refrigerate",
    "h:snowwarning"
  ],
  "drops": {
    "amount": 6,
    "entries": [
      {
        "item": "minecraft:raw_copper",
        "quantityRange": "0-3"
      },
      {
        "item": "cobblemon:hard_stone",
        "percentage": 10.0
      },
      {
        "item": "cobblemon:everstone",
        "percentage": 10.0
      },
      {
        "item": "cobblemon:black_augurite",
        "percentage": 10.0
      }
    ]
  },
  "baseStats": {
    "hp": 95,
    "attack": 135,
    "defence": 135,
    "special_attack": 50,
    "special_defence": 105,
    "speed": 20
  },
  "catchRate": 45,
  "maleRatio": 0.5,
  "shoulderMountable": false,
  "baseExperienceYield": 258,
  "experienceGroup": "medium_slow",
  "eggCycles": 15,
  "eggGroups": [
    "mineral"
  ],
  "behaviour": {
    "resting": {
      "canSleep": true,
      "willSleepOnBed": false,
      "depth": "normal",
      "light": "0-4"
    },
    "moving": {
      "walk": {
        "walkSpeed": 0.12
      },         
      "swim": {
       "swimSpeed": 0.2,
       "canSwimInWater": false,
       "canBreatheUnderwater": false
      }
     }
  },
  "moves": [
    "1:harden",
    "1:powergem",
    "1:sandattack",
    "1:stealthrock",
    "1:tackle",
    "12:mudslap",
    "16:smackdown",
    "20:irondefense",
    "22:iceshard",
    "24:headbutt",
    "30:rockslide",
    "33:freezedry",
    "36:rockblast",
    "42:sandstorm",
    "44:blizzard",
    "48:stoneedge",
    "50:iciclecrash",
    "54:explosion",
    "tm:attract",
    "tm:bodypress",
    "tm:bulldoze",
    "tm:confide",
    "tm:doubleteam",
    "tm:earthpower",
    "tm:earthquake",
    "tm:endure",
    "tm:explosion",
    "tm:facade",
    "tm:flashcannon",
    "tm:frustration",
    "tm:gigaimpact",
    "tm:hail",
    "tm:heavyslam",
    "tm:hiddenpower",
    "tm:hyperbeam",
    "tm:icespinner",
    "tm:irondefense",
    "tm:ironhead",
    "tm:naturepower",
    "tm:powergem",
    "tm:protect",
    "tm:rest",
    "tm:return",
    "tm:rockblast",
    "tm:rockpolish",
    "tm:rockslide",
    "tm:rocksmash",
    "tm:rocktomb",
    "tm:round",
    "tm:sandstorm",
    "tm:sandtomb",
    "tm:secretpower",
    "tm:selfdestruct",
    "tm:sleeptalk",
    "tm:smackdown",
    "tm:snore",
    "tm:solarbeam",
    "tm:stealthrock",
    "tm:stompingtantrum",
    "tm:stoneedge",
    "tm:strength",
    "tm:substitute",
    "tm:superpower",
    "tm:swagger",
    "tm:throatchop",
    "tm:toxic",
    "tm:weatherball",
    "tutor:block",
    "tutor:earthpower",
    "tutor:gravity",
    "tutor:irondefense",
    "tutor:ironhead",
    "tutor:laserfocus",
    "tutor:meteorbeam",
    "tutor:sleeptalk",
    "tutor:snore",
    "tutor:stealthrock",
    "tutor:stompingtantrum",
    "tutor:superpower",
    "tutor:throatchop"
  ],
  "labels": [
    "gen5"
  ],
  "pokedex": [
    "cobblemon.species.teragigalith.desc"
  ],
  "preEvolution": "teraboldore",
  "evolutions": [],
  "baseScale": 1.4,
  "hitbox": {
    "width": 1.4,
    "height": 1.8,
    "fixed": false
  },
  "baseFriendship": 50,
  "evYield": {
    "hp": 0,
    "attack": 3,
    "defence": 0,
    "special_attack": 0,
    "special_defence": 0,
    "speed": 0
  },
  "height": 17,
  "weight": 2600,
  "aspects": [],
  "cannotDynamax": false
}