{
  "implemented": true,
  "name": "Garganacl",
  "nationalPokedexNumber": 934,
  "primaryType": "rock",
  "secondaryType": "bug",
  "abilities": [
    "overcoat",
    "adaptability",
    "h:shielddust"
  ],
  "baseStats": {
    "hp": 110,
    "attack": 110,
    "defence": 150,
    "special_attack": 60,
    "special_defence": 100,
    "speed": 40
  },
  "behaviour": {
   "resting": {
   "canSleep": true,
   "willSleepOnBed": false,
   "depth": "normal",
   "light": "0-4"
    },
   "moving": {       
     "swim": {
       "swimSpeed": 0.2,
       "canSwimInWater": false,
       "canBreatheUnderwater": false
     },
     "walk": {
        "walkSpeed": 0.2
      }
   },
  "catchRate": 45,
  "maleRatio": 0.5,
  "baseExperienceYield": 250,
  "baseFriendship": 50,
  "evYield": {
    "hp": 0,
    "attack": 0,
    "defence": 3,
    "special_attack": 0,
    "special_defence": 0,
    "speed": 0
  },
  "experienceGroup": "medium_slow",
  "eggCycles": 20,
  "eggGroups": [
    "mineral"
  ],
  "drops": {
    "amount": 4,
    "entries": [
      {
        "item": "minecraft:quartz",
        "quantityRange": "0-3"
      },
      {
        "item": "cobblemon:passho_berry",
        "percentage": 10.0
      }
    ]
  },
  "moves": [
    "1:harden",
    "1:rockblast",
    "1:tackle",
    "1:saltcure",
    "5:rockthrow",
    "7:mudshot",
    "10:rocktomb",
    "11:ragepowder",
    "13:rockpolish",
    "16:headbutt",
    "20:furycutter",
    "21:silktrap",
    "24:saltcure",
    "30:recover",
    "32:pounce",
    "34:rockslide",
    "40:stealthrock",
    "41:stickyweb",
    "42:firstimpression",
    "44:heavyslam",
    "44:lunge",
    "46:steamroller",
    "49:earthquake",
    "54:stoneedge",
    "56:megahorn",
    "tm:bodypress",
    "tm:bodyslam",
    "tm:brickbreak",
    "tm:bulldoze",
    "tm:curse",
    "tm:doubleedge",
    "tm:earthpower",
    "tm:earthquake",
    "tm:endure",
    "tm:flashcannon",
    "tm:hardpress",
    "tm:heavyslam",
    "tm:hyperbeam",
    "tm:irondefense",
    "tm:ironhead",
    "tm:meteorbeam",
    "tm:mudshot",
    "tm:powergem",
    "tm:protect",
    "tm:rest",
    "tm:rockblast",
    "tm:rockslide",
    "tm:rocktomb",
    "tm:sandstorm",
    "tm:sleeptalk",
    "tm:smackdown",
    "tm:stealthrock",
    "tm:stompingtantrum",
    "tm:stoneedge",
    "tm:substitute",
    "tm:takedown",
    "tm:terablast"
  ],
  "labels": [
    "gen9"
  ],
  "aspects": [],
  "height": 25,
  "weight": 2400,
  "preEvolution": "teranaclstack",
  "evolutions": [],
  "baseScale": 0.85,
  "hitbox": {
    "width": 2,
    "height": 3,
    "fixed": false
  },
  "cannotDynamax": false,
  "pokedex": [
    "cobblemon.species.teragarganacl.desc"
  ]
  }
}
