{
  "implemented": true,
  "name": "Boldore",
  "nationalPokedexNumber": 525,
  "primaryType": "rock",
  "secondaryType": "ice",
  "abilities": [
    "sturdy",
    "refrigerate",
    "h:snowwarning"
  ],
  "drops": {
    "amount": 5,
    "entries": [
      {
        "item": "minecraft:raw_copper",
        "quantityRange": "0-2"
      },
      {
        "item": "cobblemon:hard_stone",
        "percentage": 5.0
      },
      {
        "item": "cobblemon:everstone",
        "percentage": 5.0
      },
      {
        "item": "cobblemon:black_augurite",
        "percentage": 5.0
      }
    ]
  },
  "baseStats": {
    "hp": 70,
    "attack": 110,
    "defence": 110,
    "special_attack": 30,
    "special_defence": 50,
    "speed": 20
  },
  "catchRate": 120,
  "maleRatio": 0.5,
  "shoulderMountable": false,
  "baseExperienceYield": 137,
  "experienceGroup": "medium_slow",
  "eggCycles": 15,
  "eggGroups": [
    "mineral"
  ],
  "behaviour": {
    "resting": {
      "canSleep": true,
      "willSleepOnBed": false,
      "depth": "normal",
      "light": "0-4"
    },
    "moving": {
      "walk": {
        "walkSpeed": 0.12
      },          
      "swim": {
       "swimSpeed": 0.2,
       "canSwimInWater": false,
       "canBreatheUnderwater": false
      }
    }
  },
  "moves": [
    "1:harden",
    "1:powergem",
    "1:sandattack",
    "1:stealthrock",
    "1:tackle",
    "12:mudslap",
    "16:smackdown",
    "20:irondefense",
    "22:iceshard",
    "24:headbutt",
    "30:rockslide",
    "33:freezedry",
    "36:rockblast",
    "38:avalanche",
    "42:sandstorm",
    "44:blizzard",
    "48:stoneedge",
    "50:iciclecrash",
    "54:explosion",
    "tm:attract",
    "tm:bodypress",
    "tm:bulldoze",
    "tm:confide",
    "tm:doubleteam",
    "tm:earthpower",
    "tm:earthquake",
    "tm:endure",
    "tm:explosion",
    "tm:facade",
    "tm:flashcannon",
    "tm:frustration",
    "tm:hail",
    "tm:heavyslam",
    "tm:hiddenpower",
    "tm:irondefense",
    "tm:naturepower",
    "tm:powergem",
    "tm:protect",
    "tm:rest",
    "tm:return",
    "tm:rockblast",
    "tm:rockpolish",
    "tm:rockslide",
    "tm:rocksmash",
    "tm:rocktomb",
    "tm:round",
    "tm:sandstorm",
    "tm:sandtomb",
    "tm:secretpower",
    "tm:sleeptalk",
    "tm:smackdown",
    "tm:snore",
    "tm:stealthrock",
    "tm:stompingtantrum",
    "tm:stoneedge",
    "tm:strength",
    "tm:substitute",
    "tm:swagger",
    "tm:toxic",
    "tutor:block",
    "tutor:curse",
    "tutor:earthpower",
    "tutor:gravity",
    "tutor:heavyslam",
    "tutor:irondefense",
    "tutor:meteorbeam",
    "tutor:sleeptalk",
    "tutor:smackdown",
    "tutor:snore",
    "tutor:stealthrock",
    "tutor:stompingtantrum"
  ],
  "labels": [
    "gen5"
  ],
  "pokedex": [
    "cobblemon.species.teraboldore.desc"
  ],
  "preEvolution": "teraroggenrola",
  "evolutions": [
    {
      "id": "teraboldore_teragigalith",
      "variant": "trade",
      "result": "teragigalith",
      "consumeHeldItem": false,
      "learnableMoves": [],
      "requirements": []
    }
  ],
  "baseScale": 1,
  "hitbox": {
    "width": 0.9,
    "height": 0.9,
    "fixed": false
  },
  "baseFriendship": 50,
  "evYield": {
    "hp": 0,
    "attack": 1,
    "defence": 1,
    "special_attack": 0,
    "special_defence": 0,
    "speed": 0
  },
  "height": 9,
  "weight": 1020,
  "aspects": [],
  "cannotDynamax": false
}