{
  "implemented": true,
  "name": "Naclstack",
  "nationalPokedexNumber": 933,
  "primaryType": "rock",
  "secondaryType": "bug",
  "abilities": [
    "overcoat",
    "adaptability",
    "h:shielddust"
  ],
  "baseStats": {
    "hp": 71,
    "attack": 71,
    "defence": 105,
    "special_attack": 50,
    "special_defence": 80,
    "speed": 40
  },
  "behaviour": {
    "moving": {
      "walk": {
        "walkSpeed": 0.15
      },
      "swim": {
       "swimSpeed": 0.2,
       "canSwimInWater": false,
       "canBreatheUnderwater": false
      }
    },
    "resting": {
      "canSleep": true,
      "willSleepOnBed": false,
      "depth": "normal",
      "light": "0-4"
    }
  },
  "catchRate": 120,
  "maleRatio": 0.5,
  "baseExperienceYield": 124,
  "baseFriendship": 50,
  "evYield": {
    "hp": 0,
    "attack": 0,
    "defence": 2,
    "special_attack": 0,
    "special_defence": 0,
    "speed": 0
  },
  "experienceGroup": "medium_slow",
  "eggCycles": 20,
  "eggGroups": [
    "mineral"
  ],
  "drops": {
    "amount": 3,
    "entries": [
      {
        "item": "minecraft:quartz",
        "quantityRange": "0-2"
      },
      {
        "item": "cobblemon:passho_berry",
        "percentage": 5.0
      }
    ]
  },
  "moves": [
    "1:harden",
    "1:tackle",
    "1:saltcure",
    "5:rockthrow",
    "7:mudshot",
    "10:smackdown",
    "13:rockpolish",
    "16:headbutt",
    "20:irondefense",
    "30:recover",
    "32:pounce",
    "34:rockslide",
    "38:stealthrock",
    "41:heavyslam",
    "42:firstimpression",
    "44:lunge",
    "45:earthquake",
    "51:stoneedge",
    "tm:bodypress",
    "tm:bodyslam",
    "tm:bulldoze",
    "tm:curse",
    "tm:dig",
    "tm:doubleedge",
    "tm:earthpower",
    "tm:earthquake",
    "tm:endure",
    "tm:facade",
    "tm:flashcannon",
    "tm:gigaimpact",
    "tm:heavyslam",
    "tm:hyperbeam",
    "tm:irondefense",
    "tm:ironhead",
    "tm:meteorbeam",
    "tm:mudshot",
    "tm:powergem",
    "tm:protect",
    "tm:rest",
    "tm:rockslide",
    "tm:sandstorm",
    "tm:sleeptalk",
    "tm:smackdown",
    "tm:stealthrock",
    "tm:stompingtantrum",
    "tm:stoneedge",
    "tm:substitute",
    "tm:takedown",
    "tm:terablast"
  ],
  "labels": [
    "gen9"
  ],
  "aspects": [],
  "height": 5,
  "weight": 1050,
  "preEvolution": "teranacli",
  "evolutions": [
    {
      "id": "teranaclstack_teragarganacl",
      "variant": "level_up",
      "result": "teragarganacl",
      "consumeHeldItem": false,
      "learnableMoves": [
        "hammerarm"
      ],
      "requirements": [
        {
          "variant": "level",
          "minLevel": 38
        }
      ]
    }
  ],
  "baseScale": 1,
  "hitbox": {
    "width": 1,
    "height": 0.8,
    "fixed": false
  },
  "cannotDynamax": false,
  "pokedex": [
    "cobblemon.species.teranaclstack.desc"
  ]
}
