{
  "implemented": true,
  "name": "Onix",
  "nationalPokedexNumber": 95,
  "primaryType": "rock",
  "secondaryType": "fairy",
  "abilities": [
    "rockhead",
    "sturdy",
    "h:weakarmor"
  ],
  "baseStats": {
    "hp": 40,
    "attack": 50,
    "defence": 160,
    "special_attack": 25,
    "special_defence": 60,
    "speed": 60
  },
  "catchRate": 45,
  "maleRatio": 0.5,
  "shoulderMountable": false,
  "baseExperienceYield": 77,
  "experienceGroup": "medium_fast",
  "eggCycles": 25,
  "eggGroups": [
    "mineral"
  ],
  "behaviour": {
    "resting": {
      "canSleep": true,
      "willSleepOnBed": false,
      "depth": "normal",
      "light": "0-4"
    },
    "moving": {
      "walk": {
        "walkSpeed": 0.3
      }
    }
  },
  "drops": {
    "amount": 5,
    "entries": [
      {
        "item": "minecraft:flint",
        "quantityRange": "1-3"
      },
      {
        "item": "cobblemon:hard_stone",
        "percentage": 2.5
      },
      {
        "item": "cobblemon:passho_berry",
        "percentage": 2.5
      }
    ]
  },
  "moves": [
    "1:bind",
    "1:harden",
    "1:mudsport",
    "1:rockthrow",
    "1:tackle",
    "4:smackdown",
    "8:rockpolish",
    "10:rocktomb",
    "12:dragonbreath",
    "13:rage",
    "16:curse",
    "20:gyroball",
    "20:rockslide",
    "24:screech",
    "28:sandtomb",
    "32:stealthrock",
    "36:slam",
    "40:sandstorm",
    "42:spiritbreak",
    "44:dig",
    "48:irontail",
    "52:stoneedge",
    "56:doubleedge",
    "egg:block",
    "egg:defensecurl",
    "egg:dragontail",
    "egg:explosion",
    "egg:flail",
    "egg:headsmash",
    "egg:heavyslam",
    "egg:rockblast",
    "egg:rockclimb",
    "egg:rockslide",
    "egg:rollout",
    "egg:rototiller",
    "egg:stealthrock",
    "egg:wideguard",
    "tm:attract",
    "tm:bodypress",
    "tm:bodyslam",
    "tm:breakingswipe",
    "tm:brutalswing",
    "tm:bulldoze",
    "tm:captivate",
    "tm:confide",
    "tm:dig",
    "tm:doubleteam",
    "tm:dragondance",
    "tm:dragonpulse",
    "tm:dragontail",
    "tm:drillrun",
    "tm:earthpower",
    "tm:earthquake",
    "tm:endure",
    "tm:explosion",
    "tm:facade",
    "tm:flashcannon",
    "tm:frustration",
    "tm:gyroball",
    "tm:heavyslam",
    "tm:hiddenpower",
    "tm:highhorsepower",
    "tm:ironhead",
    "tm:irontail",
    "tm:naturalgift",
    "tm:naturepower",
    "tm:payback",
    "tm:playrough",
    "tm:protect",
    "tm:psychup",
    "tm:rest",
    "tm:return",
    "tm:roar",
    "tm:rockblast",
    "tm:rockclimb",
    "tm:rockpolish",
    "tm:rockslide",
    "tm:rocksmash",
    "tm:rocktomb",
    "tm:round",
    "tm:sandstorm",
    "tm:sandtomb",
    "tm:scaryface",
    "tm:screech",
    "tm:secretpower",
    "tm:selfdestruct",
    "tm:sleeptalk",
    "tm:smackdown",
    "tm:snore",
    "tm:stealthrock",
    "tm:stompingtantrum",
    "tm:stoneedge",
    "tm:strength",
    "tm:substitute",
    "tm:sunnyday",
    "tm:swagger",
    "tm:taunt",
    "tm:torment",
    "tm:toxic",
    "tutor:ancientpower",
    "tutor:attract",
    "tutor:bide",
    "tutor:bind",
    "tutor:block",
    "tutor:bodyslam",
    "tutor:curse",
    "tutor:dig",
    "tutor:doubleedge",
    "tutor:doubleteam",
    "tutor:dragonpulse",
    "tutor:dragontail",
    "tutor:earthpower",
    "tutor:earthquake",
    "tutor:endure",
    "tutor:explosion",
    "tutor:facade",
    "tutor:fissure",
    "tutor:flail",
    "tutor:flashcannon",
    "tutor:frustration",
    "tutor:harden",
    "tutor:headbutt",
    "tutor:hiddenpower",
    "tutor:ironhead",
    "tutor:irontail",
    "tutor:meteorbeam",
    "tutor:mimic",
    "tutor:mudslap",
    "tutor:protect",
    "tutor:psychup",
    "tutor:rage",
    "tutor:rest",
    "tutor:return",
    "tutor:roar",
    "tutor:rockclimb",
    "tutor:rockslide",
    "tutor:rocksmash",
    "tutor:rockthrow",
    "tutor:rollout",
    "tutor:sandstorm",
    "tutor:scorchingsands",
    "tutor:screech",
    "tutor:selfdestruct",
    "tutor:skullbash",
    "tutor:slam",
    "tutor:sleeptalk",
    "tutor:snore",
    "tutor:stealthrock",
    "tutor:stompingtantrum",
    "tutor:strength",
    "tutor:substitute",
    "tutor:sunnyday",
    "tutor:swagger",
    "tutor:tackle",
    "tutor:takedown",
    "tutor:taunt",
    "tutor:toxic",
    "tutor:twister"
  ],
  "labels": [
    "gen1"
  ],
  "pokedex": [
    "cobblemon.species.teraonix.desc"
  ],
  "evolutions": [
    {
      "id": "teraonix_terasteelix",
      "variant": "trade",
      "result": "terasteelix",
      "consumeHeldItem": true,
      "learnableMoves": [],
      "requirements": [
        {
          "variant": "held_item",
          "itemCondition": "cobblemon:metal_coat"
        }
      ]
    }
  ],
  "baseScale": 2,
  "hitbox": {
    "width": 1.3,
    "height": 2.5,
    "fixed": false
  },
  "behaviour": {
   "resting": {
   "canSleep": true,
   "willSleepOnBed": false,
   "depth": "normal",
   "light": "0-4"
    },
   "moving": {
   "canLook": true,      
     "swim": {
       "swimSpeed": 0.2,
       "canSwimInWater": false,
       "canBreatheUnderwater": false
     }
   }
 },
  "baseFriendship": 50,
  "evYield": {
    "hp": 0,
    "attack": 0,
    "defence": 1,
    "special_attack": 0,
    "special_defence": 0,
    "speed": 0
  },
  "height": 88,
  "weight": 2100,
  "aspects": [],
  "cannotDynamax": false
}