{
  "implemented": true,
  "name": "Nacli",
  "nationalPokedexNumber": 932,
  "primaryType": "rock",
  "secondaryType": "bug",
  "abilities": [
    "overcoat",
    "adaptability",
    "h:shielddust"
  ],
  "baseStats": {
    "hp": 66,
    "attack": 66,
    "defence": 84,
    "special_attack": 48,
    "special_defence": 48,
    "speed": 32
  },
  "behaviour": {
    "moving": {
      "walk": {
        "walkSpeed": 0.125
      },
      "swim": {
       "swimSpeed": 0.2,
       "canSwimInWater": false,
       "canBreatheUnderwater": false
      }
    },
    "resting": {
      "canSleep": true,
      "willSleepOnBed": false,
      "depth": "normal",
      "light": "0-4"
    }
  },
  "catchRate": 255,
  "maleRatio": 0.5,
  "baseExperienceYield": 56,
  "baseFriendship": 50,
  "evYield": {
    "hp": 0,
    "attack": 0,
    "defence": 1,
    "special_attack": 0,
    "special_defence": 0,
    "speed": 0
  },
  "experienceGroup": "medium_slow",
  "eggCycles": 20,
  "eggGroups": [
    "mineral"
  ],
  "drops": {
    "amount": 2,
    "entries": [
      {
        "item": "minecraft:quartz",
        "quantityRange": "0-1"
      },
      {
        "item": "cobblemon:passho_berry",
        "percentage": 2.5
      }
    ]
  },
  "moves": [
    "1:harden",
    "1:tackle",
    "5:rockthrow",
    "7:mudshot",
    "10:smackdown",
    "13:rockpolish",
    "16:headbutt",
    "20:irondefense",
    "25:recover",
    "28:pounce",
    "30:rockslide",
    "32:firstimpression",
    "33:stealthrock",
    "35:heavyslam",
    "40:earthquake",
    "44:lunge",
    "45:stoneedge",
    "egg:ancientpower",
    "egg:curse",
    "egg:fissure",
    "egg:powergem",
    "tm:bodyslam",
    "tm:bulldoze",
    "tm:curse",
    "tm:dig",
    "tm:earthpower",
    "tm:earthquake",
    "tm:endure",
    "tm:facade",
    "tm:flashcannon",
    "tm:heavyslam",
    "tm:irondefense",
    "tm:ironhead",
    "tm:meteorbeam",
    "tm:mudshot",
    "tm:powergem",
    "tm:protect",
    "tm:rest",
    "tm:rockslide",
    "tm:sandstorm",
    "tm:sleeptalk",
    "tm:smackdown",
    "tm:stealthrock",
    "tm:stompingtantrum",
    "tm:stoneedge",
    "tm:substitute",
    "tm:takedown",
    "tm:terablast"
  ],
  "labels": [
    "gen9"
  ],
  "aspects": [],
  "height": 4,
  "weight": 160,
  "evolutions": [
    {
      "id": "teranacli_teranaclstack",
      "variant": "level_up",
      "result": "teranaclstack",
      "consumeHeldItem": false,
      "learnableMoves": [
        "saltcure"
      ],
      "requirements": [
        {
          "variant": "level",
          "minLevel": 24
        }
      ]
    }
  ],
  "baseScale": 1,
  "hitbox": {
    "width": 0.5,
    "height": 0.5,
    "fixed": false
  },
  "cannotDynamax": false,
  "pokedex": [
    "cobblemon.species.teranacli.desc"
  ]
}
