{
  "name": "Regirock",
  "nationalPokedexNumber": 377,
  "primaryType": "rock",
  "secondaryType": "ghost",
  "abilities": [
    "clearbody",
    "sturdy",
    "h:levitate"
  ],
  "baseStats": {
    "hp": 80,
    "attack": 120,
    "defence": 95,
    "special_attack": 50,
    "special_defence": 200,
    "speed": 50
  },
  "catchRate": 3,
  "maleRatio": -1,
  "shoulderMountable": false,
  "baseExperienceYield": 290,
  "experienceGroup": "slow",
  "eggCycles": 80,
  "eggGroups": [
    "undiscovered"
  ],
  "moves": [
    "1:chargebeam",
    "1:rockthrow",
    "6:bulldoze",
    "12:ancientpower",
    "16:shadowsneak",
    "18:stomp",
    "24:rockslide",
    "28:shadowpunch",
    "30:curse",
    "36:irondefense",
    "42:hammerarm",
    "44:shadowclaw",
    "48:stoneedge",
    "54:superpower",
    "58:phantomforce",
    "60:lockon",
    "66:zapcannon",
    "72:hyperbeam",
    "78:explosion",
    "tm:bodypress",
    "tm:bodyslam",
    "tm:brickbreak",
    "tm:bulldoze",
    "tm:chargebeam",
    "tm:confide",
    "tm:confuseray",
    "tm:curse",
    "tm:dig",
    "tm:doubleedge",
    "tm:doubleteam",
    "tm:drainpunch",
    "tm:earthpower",
    "tm:earthquake",
    "tm:endure",
    "tm:explosion",
    "tm:facade",
    "tm:firepunch",
    "tm:flashcannon",
    "tm:fling",
    "tm:focusblast",
    "tm:focuspunch",
    "tm:frustration",
    "tm:gigaimpact",
    "tm:gravity",
    "tm:hardpress",
    "tm:heavyslam",
    "tm:hiddenpower",
    "tm:hyperbeam",
    "tm:icepunch",
    "tm:irondefense",
    "tm:ironhead",
    "tm:megakick",
    "tm:megapunch",
    "tm:meteorbeam",
    "tm:naturalgift",
    "tm:powergem",
    "tm:poweruppunch",
    "tm:protect",
    "tm:psychup",
    "tm:rest",
    "tm:return",
    "tm:rockblast",
    "tm:rockclimb",
    "tm:rockpolish",
    "tm:rockslide",
    "tm:rocksmash",
    "tm:rocktomb",
    "tm:round",
    "tm:safeguard",
    "tm:sandstorm",
    "tm:sandtomb",
    "tm:secretpower",
    "tm:selfdestruct",
    "tm:shadowball",
    "tm:shockwave",
    "tm:sleeptalk",
    "tm:smackdown",
    "tm:snore",
    "tm:stealthrock",
    "tm:stompingtantrum",
    "tm:stoneedge",
    "tm:strength",
    "tm:substitute",
    "tm:sunnyday",
    "tm:superpower",
    "tm:swagger",
    "tm:takedown",
    "tm:terablast",
    "tm:thunder",
    "tm:thunderbolt",
    "tm:thunderpunch",
    "tm:thunderwave",
    "tm:toxic",
    "tutor:ancientpower",
    "tutor:block",
    "tutor:bodyslam",
    "tutor:bulldoze",
    "tutor:chargebeam",
    "tutor:counter",
    "tutor:curse",
    "tutor:defensecurl",
    "tutor:doubleedge",
    "tutor:drainpunch",
    "tutor:dynamicpunch",
    "tutor:earthpower",
    "tutor:endure",
    "tutor:explosion",
    "tutor:firepunch",
    "tutor:focuspunch",
    "tutor:gravity",
    "tutor:hammerarm",
    "tutor:headbutt",
    "tutor:hyperbeam",
    "tutor:icepunch",
    "tutor:irondefense",
    "tutor:ironhead",
    "tutor:lockon",
    "tutor:megakick",
    "tutor:megapunch",
    "tutor:meteorbeam",
    "tutor:mimic",
    "tutor:mudslap",
    "tutor:psychup",
    "tutor:rockslide",
    "tutor:rockthrow",
    "tutor:rollout",
    "tutor:seismictoss",
    "tutor:selfdestruct",
    "tutor:shockwave",
    "tutor:sleeptalk",
    "tutor:snore",
    "tutor:stealthrock",
    "tutor:stomp",
    "tutor:stompingtantrum",
    "tutor:stoneedge",
    "tutor:substitute",
    "tutor:superpower",
    "tutor:swagger",
    "tutor:thunderpunch",
    "tutor:thunderwave",
    "tutor:zapcannon"
  ],
  "labels": [
    "gen3",
    "legendary"
  ],
  "pokedex": [
    "cobblemon.species.teraregirock.desc"
  ],
  "evolutions": [],
  "baseScale": 1,
  "hitbox": {
    "width": 1,
    "height": 3,
    "fixed": false
  },
  "behaviour": {
   "resting": {
   "canSleep": true,
   "willSleepOnBed": false,
   "depth": "normal",
   "light": "0-4"
    },
   "moving": {
   "canLook": true,         
     "walk": {
        "walkSpeed": 0.25
      },
     "swim": {
       "swimSpeed": 0.2,
       "canSwimInWater": false,
       "canBreatheUnderwater": false
     }
   }
 },
  "baseFriendship": 35,
  "evYield": {
    "hp": 0,
    "attack": 0,
    "defence": 3,
    "special_attack": 0,
    "special_defence": 0,
    "speed": 0
  },
  "height": 17,
  "weight": 2300,
  "aspects": [],
  "cannotDynamax": false,
  "drops": {
    "amount": 1,
    "entries": [
      {
        "item": "cobblemon:hard_stone"
      }
    ]
  }
}