{
  "name": "Corsola",
  "nationalPokedexNumber": 222,
  "primaryType": "water",
  "secondaryType": "electric",
  "abilities": [
    "regenerator",
    "electricsurge",
    "swiftswim",
    "h:motordrive"
  ],
  "baseStats": {
    "hp": 65,
    "attack": 35,
    "defence": 85,
    "special_attack": 110,
    "special_defence": 85,
    "speed": 100
  },
  "features": [
    "galarian"
  ],
  "catchRate": 60,
  "maleRatio": 0.25,
  "shoulderMountable": false,
  "forms": [
    {
      "name": "Galar",
      "primaryType": "ghost",
      "abilities": [
        "weakarmor",
        "h:cursedbody"
      ],
      "baseStats": {
        "hp": 60,
        "attack": 55,
        "defence": 100,
        "special_attack": 65,
        "special_defence": 100,
        "speed": 30
      },
      "catchRate": 60,
      "maleRatio": 0.25,
      "baseExperienceYield": 144,
      "baseFriendship": 50,
      "evYield": {
        "hp": 0,
        "attack": 0,
        "defence": 0,
        "special_attack": 0,
        "special_defence": 1,
        "speed": 0
      },
      "experienceGroup": "fast",
      "eggCycles": 20,
      "eggGroups": [
        "water_1",
        "water_3"
      ],
      "moves": [
        "1:harden",
        "1:tackle",
        "5:astonish",
        "10:disable",
        "15:spite",
        "20:ancientpower",
        "25:hex",
        "30:curse",
        "35:strengthsap",
        "40:powergem",
        "45:nightshade",
        "50:grudge",
        "55:mirrorcoat",
        "egg:confuseray",
        "egg:destinybond",
        "egg:haze",
        "egg:headsmash",
        "egg:naturepower",
        "egg:waterpulse",
        "tm:amnesia",
        "tm:attract",
        "tm:blizzard",
        "tm:bodyslam",
        "tm:brine",
        "tm:bulldoze",
        "tm:calmmind",
        "tm:dig",
        "tm:earthpower",
        "tm:earthquake",
        "tm:endure",
        "tm:facade",
        "tm:gigadrain",
        "tm:hail",
        "tm:hex",
        "tm:hydropump",
        "tm:icebeam",
        "tm:iciclespear",
        "tm:icywind",
        "tm:irondefense",
        "tm:lightscreen",
        "tm:liquidation",
        "tm:powergem",
        "tm:protect",
        "tm:psychic",
        "tm:raindance",
        "tm:reflect",
        "tm:rest",
        "tm:rockblast",
        "tm:rockslide",
        "tm:rocktomb",
        "tm:round",
        "tm:safeguard",
        "tm:sandstorm",
        "tm:scald",
        "tm:screech",
        "tm:selfdestruct",
        "tm:shadowball",
        "tm:sleeptalk",
        "tm:snore",
        "tm:stealthrock",
        "tm:stompingtantrum",
        "tm:stoneedge",
        "tm:substitute",
        "tm:sunnyday",
        "tm:surf",
        "tm:throatchop",
        "tm:whirlpool",
        "tm:willowisp",
        "tutor:astonish",
        "tutor:disable",
        "tutor:meteorbeam",
        "tutor:spite",
        "tutor:tackle"
      ],
      "labels": [
        "gen8",
        "galar_regional"
      ],
      "aspects": [
        "galarian"
      ],
      "height": 6,
      "weight": 5,
      "evolutions": [
        {
          "id": "teracorsola_cursola",
          "variant": "level_up",
          "result": "cursola",
          "consumeHeldItem": false,
          "learnableMoves": [],
          "requirements": [
            {
              "variant": "level",
              "minLevel": 38
            }
          ]
        }
      ],
      "cannotDynamax": false,
      "battleOnly": false,
      "drops": {
        "amount": 1,
        "entries": [
          {
            "item": "cobblemon:kasib_berry",
            "percentage": 2.5
          }
        ]
      }
    }
  ],
  "baseExperienceYield": 144,
  "experienceGroup": "fast",
  "eggCycles": 20,
  "eggGroups": [
    "water_1",
    "water_3"
  ],
  "moves": [
    "1:harden",
    "1:tackle",
    "4:bubble",
    "5:watergun",
    "8:charge",
    "10:aquaring",
    "13:refresh",
    "15:endure",
    "18:chargebeam",
    "20:ancientpower",
    "20:spikecannon",
    "22:electroball",
    "23:luckychant",
    "25:bubblebeam",
    "27:brine",
    "29:irondefense",
    "30:flail",
    "31:rockblast",
    "33:voltswitch",
    "35:lifedew",
    "40:powergem",
    "42:thunderbolt",
    "45:earthpower",
    "48:thunder",
    "50:recover",
    "55:mirrorcoat",
    "egg:amnesia",
    "egg:aquaring",
    "egg:barrier",
    "egg:bide",
    "egg:camouflage",
    "egg:confuseray",
    "egg:curse",
    "egg:headsmash",
    "egg:iciclespear",
    "egg:ingrain",
    "egg:liquidation",
    "egg:mist",
    "egg:naturepower",
    "egg:rockslide",
    "egg:screech",
    "egg:waterpulse",
    "tm:amnesia",
    "tm:attract",
    "tm:blizzard",
    "tm:bodyslam",
    "tm:brine",
    "tm:bulldoze",
    "tm:calmmind",
    "tm:captivate",
    "tm:confide",
    "tm:dig",
    "tm:doubleteam",
    "tm:earthpower",
    "tm:earthquake",
    "tm:endure",
    "tm:explosion",
    "tm:facade",
    "tm:frustration",
    "tm:hail",
    "tm:hiddenpower",
    "tm:hydropump",
    "tm:icebeam",
    "tm:iciclespear",
    "tm:icywind",
    "tm:irondefense",
    "tm:lightscreen",
    "tm:liquidation",
    "tm:naturalgift",
    "tm:naturepower",
    "tm:paraboliccharge",
    "tm:powergem",
    "tm:protect",
    "tm:psychic",
    "tm:raindance",
    "tm:reflect",
    "tm:rest",
    "tm:return",
    "tm:rockblast",
    "tm:rockpolish",
    "tm:rockslide",
    "tm:rocksmash",
    "tm:rocktomb",
    "tm:round",
    "tm:safeguard",
    "tm:sandstorm",
    "tm:scald",
    "tm:screech",
    "tm:secretpower",
    "tm:selfdestruct",
    "tm:shadowball",
    "tm:sleeptalk",
    "tm:snore",
    "tm:stealthrock",
    "tm:stompingtantrum",
    "tm:stoneedge",
    "tm:strength",
    "tm:substitute",
    "tm:sunnyday",
    "tm:surf",
    "tm:swagger",
    "tm:throatchop",
    "tm:thundercage",
    "tm:thundershock",
    "tm:thunderwave",
    "tm:toxic",
    "tm:waterpulse",
    "tm:whirlpool",
    "tutor:amnesia",
    "tutor:ancientpower",
    "tutor:attract",
    "tutor:bodyslam",
    "tutor:bubble",
    "tutor:bubblebeam",
    "tutor:confuseray",
    "tutor:curse",
    "tutor:defensecurl",
    "tutor:doubleedge",
    "tutor:doubleteam",
    "tutor:earthpower",
    "tutor:earthquake",
    "tutor:endeavor",
    "tutor:endure",
    "tutor:explosion",
    "tutor:frustration",
    "tutor:harden",
    "tutor:headbutt",
    "tutor:hiddenpower",
    "tutor:icywind",
    "tutor:irondefense",
    "tutor:liquidation",
    "tutor:magiccoat",
    "tutor:meteorbeam",
    "tutor:mimic",
    "tutor:mirrorcoat",
    "tutor:mist",
    "tutor:mudslap",
    "tutor:mudsport",
    "tutor:powergem",
    "tutor:protect",
    "tutor:psychic",
    "tutor:raindance",
    "tutor:recover",
    "tutor:rest",
    "tutor:return",
    "tutor:rockslide",
    "tutor:rocksmash",
    "tutor:rollout",
    "tutor:safeguard",
    "tutor:sandstorm",
    "tutor:screech",
    "tutor:selfdestruct",
    "tutor:sleeptalk",
    "tutor:snore",
    "tutor:spikecannon",
    "tutor:stealthrock",
    "tutor:stompingtantrum",
    "tutor:strength",
    "tutor:substitute",
    "tutor:suckerpunch",
    "tutor:sunnyday",
    "tutor:surf",
    "tutor:swagger",
    "tutor:tackle",
    "tutor:throatchop",
    "tutor:toxic",
    "tutor:waterpulse",
    "tutor:whirlpool"
  ],
  "labels": [
    "gen2",
    "johto_regional"
  ],
  "pokedex": [
    "cobblemon.species.teracorsola.desc"
  ],
  "evolutions": [],
  "baseScale": 1,
  "hitbox": {
    "width": 1,
    "height": 1,
    "fixed": false
  },
  "behaviour": {
   "resting": {
   "canSleep": true,
   "willSleepOnBed": true,
   "depth": "normal",
   "light": "0-4"
    },
   "moving": {
   "canLook": true,
     "swim": {
       "swimSpeed": 0.2,
       "canSwimInWater": true,
       "canBreatheUnderwater": true
     }
   }
 },
  "baseFriendship": 50,
  "evYield": {
    "hp": 0,
    "attack": 0,
    "defence": 1,
    "special_attack": 0,
    "special_defence": 1,
    "speed": 0
  },
  "height": 6,
  "weight": 50,
  "aspects": [],
  "cannotDynamax": false,
  "drops": {
    "amount": 1,
    "entries": [
      {
        "item": "cobblemon:rindo_berry",
        "percentage": 5.0
      }
    ]
  }
}