{
  "name": "Diancie",
  "nationalPokedexNumber": 719,
  "primaryType": "rock",
  "secondaryType": "grass",
  "abilities": [
    "clearbody",
    "rockypayload",
    "h:waterabsorb"
  ],
  "baseStats": {
    "hp": 75,
    "attack": 125,
    "defence": 115,
    "special_attack": 75,
    "special_defence": 160,
    "speed": 50
  },
  "catchRate": 3,
  "maleRatio": -1,
  "shoulderMountable": false,
  "forms": [
    {
      "name": "Mega",
      "primaryType": "rock",
      "secondaryType": "grass",
      "abilities": [
        "grassysurge"
      ],
      "baseStats": {
        "hp": 75,
        "attack": 160,
        "defence": 145,
        "special_attack": 70,
        "special_defence": 125,
        "speed": 125
      },
      "catchRate": 3,
      "maleRatio": -1,
      "baseExperienceYield": 300,
      "baseFriendship": 50,
      "evYield": {
        "hp": 0,
        "attack": 0,
        "defence": 1,
        "special_attack": 0,
        "special_defence": 2,
        "speed": 0
      },
      "experienceGroup": "slow",
      "eggCycles": 25,
      "eggGroups": [
        "undiscovered"
      ],
      "labels": [
        "gen6",
        "mega",
        "mythical",
        "legendary"
      ],
      "aspects": [
        "mega"
      ],
      "height": 11,
      "weight": 278,
      "cannotDynamax": false,
      "battleOnly": true
    }
  ],
  "baseExperienceYield": 300,
  "experienceGroup": "slow",
  "eggCycles": 25,
  "eggGroups": [
    "undiscovered"
  ],
  "moves": [
    "1:diamondstorm",
    "1:harden",
    "1:rockthrow",
    "1:tackle",
    "5:sharpen",
    "7:guardsplit",
    "9:vinewhip",
    "12:reflect",
    "13:cottonspore",
    "14:smackdown",
    "17:grassyterrain",
    "21:flail",
    "28:ancientpower",
    "30:gigadrain",
    "35:rockpolish",
    "42:lightscreen",
    "46:trickroom",
    "48:petaldance",
    "49:rockslide",
    "51:solarbeam",
    "56:skillswap",
    "63:powergem",
    "70:safeguard",
    "70:stealthrock",
    "77:moonblast",
    "84:stoneedge",
    "94:hornleech",
    "100:woodhammer",
    "tm:allyswitch",
    "tm:amnesia",
    "tm:batonpass",
    "tm:bodypress",
    "tm:bodyslam",
    "tm:bulldoze",
    "tm:ingrain",
    "tm:calmmind",
    "tm:charm",
    "tm:confide",
    "tm:dazzlinggleam",
    "tm:doubleteam",
    "tm:drainingkiss",
    "tm:earthpower",
    "tm:encore",
    "tm:endeavor",
    "tm:endure",
    "tm:explosion",
    "tm:facade",
    "tm:faketears",
    "tm:flash",
    "tm:flashcannon",
    "tm:frenzyplant",
    "tm:frustration",
    "tm:gigaimpact",
    "tm:gravity",
    "tm:guardswap",
    "tm:gyroball",
    "tm:hail",
    "tm:helpinghand",
    "tm:hiddenpower",
    "tm:hyperbeam",
    "tm:irondefense",
    "tm:lightscreen",
    "tm:meteorbeam",
    "tm:metronome",
    "tm:mistyexplosion",
    "tm:mysticalfire",
    "tm:naturepower",
    "tm:playrough",
    "tm:powergem",
    "tm:powerwhip",
    "tm:protect",
    "tm:psychic",
    "tm:psychup",
    "tm:psyshock",
    "tm:raindance",
    "tm:reflect",
    "tm:rest",
    "tm:return",
    "tm:rockpolish",
    "tm:rockslide",
    "tm:rocktomb",
    "tm:round",
    "tm:safeguard",
    "tm:sandstorm",
    "tm:sandtomb",
    "tm:scorchingsands",
    "tm:secretpower",
    "tm:seedbomb",
    "tm:skillswap",
    "tm:sleeptalk",
    "tm:smackdown",
    "tm:snore",
    "tm:snowscape",
    "tm:spikes",
    "tm:stealthrock",
    "tm:stoneedge",
    "tm:storedpower",
    "tm:substitute",
    "tm:sunnyday",
    "tm:swagger",
    "tm:swift",
    "tm:takedown",
    "tm:terablast",
    "tm:toxic",
    "tm:trickroom",
    "tm:wonderroom",
    "tm:icepunch",
    "tm:firepunch",
    "tm:thunderpunch",
    "tm:earthquake",
    "tm:accelerock",
    "tm:ragepowder",
    "tm:fakeout",
    "tm:honeclaws",
    "tm:stunspore",
    "tutor:afteryou",
    "tutor:covet",
    "tutor:diamondstorm",
    "tutor:earthpower",
    "tutor:endeavor",
    "tutor:gravity",
    "tutor:healbell",
    "tutor:helpinghand",
    "tutor:irondefense",
    "tutor:lastresort",
    "tutor:magnetrise",
    "tutor:meteorbeam",
    "tutor:mistyexplosion",
    "tutor:moonblast",
    "tutor:reflect",
    "tutor:return",
    "tutor:skillswap",
    "tutor:snore",
    "tutor:stealthrock",
    "tutor:telekinesis",
    "tutor:terrainpulse",
    "tutor:wonderroom"
  ],
  "labels": [
    "gen6",
    "mythical",
    "legendary"
  ],
  "pokedex": [
    "cobblemon.species.teradiancie.desc"
  ],
  "evolutions": [],
  "baseScale": 1,
  "hitbox": {
    "width": 1,
    "height": 1,
    "fixed": false
  },
  "behaviour": {
   "resting": {
   "canSleep": true,
   "willSleepOnBed": true,
   "depth": "normal",
   "light": "0-4"
    },
   "moving": {
   "canLook": true,   
     "swim": {
       "swimSpeed": 0.2,
       "canSwimInWater": false,
       "canBreatheUnderwater": false
     }
   }
 },
  "baseFriendship": 50,
  "evYield": {
    "hp": 0,
    "attack": 0,
    "defence": 1,
    "special_attack": 0,
    "special_defence": 2,
    "speed": 0
  },
  "height": 7,
  "weight": 88,
  "aspects": [],
  "cannotDynamax": false
}
