{
 "species": "cobblemon:ironabyss",
 "order": 0,
 "variations": [
   {
     "aspects": [],
     "poser": "cobblemon:ironabyss",
     "model": "cobblemon:ironabyss.geo",
     "texture": "cobblemon:textures/pokemon/ironabyss/ironabyss.png",
     "layers": [
        {
          "name": "emissive",
          "texture": "cobblemon:textures/pokemon/ironabyss/ironabyss_emissive.png",
          "emissive": true
        }
      ]
   },
   {
     "aspects": [
       "shiny"
     ],
     "texture": "cobblemon:textures/pokemon/ironabyss/ironabyss_shiny.png",
      "layers": [
        {
          "name": "emissive",
          "texture": "cobblemon:textures/pokemon/ironabyss/ironabyss_shiny_emissive.png",
          "emissive": true
        }
      ]
   }
 ]
}