{
	"format_version": "1.12.0",
	"minecraft:geometry": [
		{
			"description": {
				"identifier": "geometry.carbink",
				"texture_width": 64,
				"texture_height": 64,
				"visible_bounds_width": 3,
				"visible_bounds_height": 2.5,
				"visible_bounds_offset": [0, 0.75, 0]
			},
			"bones": [
				{
					"name": "carbink",
					"pivot": [0, 0, 0]
				},
				{
					"name": "body",
					"parent": "carbink",
					"pivot": [0, 8, 0],
					"cubes": [
						{"origin": [-3, 0, -3], "size": [6, 3, 6], "pivot": [0, 1, 0], "rotation": [0, 45, 0], "uv": [0, 42]},
						{"origin": [-6, 3, -6], "size": [12, 9, 12], "pivot": [0, 3, 0], "rotation": [0, 45, 0], "uv": [0, 0]},
						{"origin": [-7.36229, 5.13026, -4.91254], "size": [3, 3, 5], "pivot": [-6.86229, 6.63026, -1.91254], "rotation": [-24.93109, 30.37704, 12.25061], "uv": [41, 43]},
						{"origin": [-3.5, 4.4, -7], "size": [2, 2, 3], "pivot": [0, 8, 0], "rotation": [-143.12011, 50.10903, -95.38251], "uv": [0, 26]},
						{"origin": [-2.5, 4.5, -8.18198], "size": [3, 3, 4], "pivot": [0, 8, 0], "rotation": [-166.29362, 26.0847, -104.36549], "uv": [48, 14]},
						{"origin": [-5.5, 7.5, -7.18198], "size": [3, 3, 4], "pivot": [0, 8, 0], "rotation": [131.20638, 26.0847, -104.36549], "uv": [48, 7]},
						{"origin": [-6.4, 8.4, -7.7], "size": [2, 2, 4], "pivot": [0, 8, 0], "rotation": [108.70638, 26.0847, -104.36549], "uv": [0, 51]},
						{"origin": [-6.5, 8.5, -7.18198], "size": [2, 2, 4], "pivot": [0, 8, 0], "rotation": [101.36852, 32.98475, -129.05635], "uv": [0, 0]},
						{"origin": [5.07981, 6.17448, -3.13006], "size": [3, 3, 3], "pivot": [6.57981, 7.67448, -1.63006], "rotation": [-47.5, -45, 0], "uv": [0, 6]},
						{"origin": [4.6917, 4.44406, -4.16997], "size": [2, 2, 3], "pivot": [5.6917, 5.44406, -2.66997], "rotation": [-17.90773, -24.1782, 13.51584], "uv": [0, 21]},
						{"origin": [-5, 12, -5], "size": [10, 2, 10], "pivot": [0, 13, 0], "rotation": [0, 45, 0], "uv": [0, 21]}
					]
				},
				{
					"name": "neck_fluff_front_left_top",
					"parent": "body",
					"pivot": [3.5355, 13, -3.5355],
					"rotation": [0, -45, 0],
					"cubes": [
						{"origin": [-1.46447, 13, -3.53553], "size": [10, 1, 0], "uv": [0, 57]}
					]
				},
				{
					"name": "neck_fluff_front_left_bottom",
					"parent": "body",
					"pivot": [3.5355, 13, -3.5355],
					"rotation": [0, -45, 0],
					"cubes": [
						{"origin": [-1.46447, 12, -3.53553], "size": [10, 1, 0], "uv": [0, 57]}
					]
				},
				{
					"name": "neck_fluff_back_left",
					"parent": "body",
					"pivot": [3.5355, 13, 3.5345],
					"rotation": [0, 45, 0],
					"cubes": [
						{"origin": [-1.4645, 13, 3.53455], "size": [10, 1, 0], "uv": [0, 59]}
					]
				},
				{
					"name": "neck_fluff_back_right",
					"parent": "body",
					"pivot": [-3.5348, 13, 3.5343],
					"rotation": [0, -45, 0],
					"cubes": [
						{"origin": [-8.53479, 13, 3.53426], "size": [10, 1, 0], "uv": [0, 60]}
					]
				},
				{
					"name": "neck_fluff_front_right_top",
					"parent": "body",
					"pivot": [-3.5355, 13, -3.5356],
					"rotation": [0, 45, 0],
					"cubes": [
						{"origin": [-8.53552, 13, -3.53556], "size": [10, 1, 0], "uv": [0, 58]}
					]
				},
				{
					"name": "neck_fluff_front_right_bottom",
					"parent": "body",
					"pivot": [-3.5355, 13, -3.5356],
					"rotation": [0, 45, 0],
					"cubes": [
						{"origin": [-8.53552, 12, -3.53556], "size": [10, 1, 0], "uv": [0, 58]}
					]
				},
				{
					"name": "head",
					"parent": "body",
					"pivot": [0, 14, 0],
					"cubes": [
						{"origin": [-3.5, 13, -3.5], "size": [7, 4, 7], "uv": [18, 37]},
						{"origin": [-5, 15, -6.5], "size": [4, 4, 11], "pivot": [0, 14, 0], "rotation": [0, 0, 45], "uv": [29, 22]}
					]
				},
				{
					"name": "ear_left",
					"parent": "head",
					"pivot": [3.5, 17, 0],
					"rotation": [0, 0, 0],
					"cubes": [
						{"origin": [3.5, 17, -3.5], "size": [9, 0, 7], "uv": [0, 33]}
					]
				},
				{
					"name": "ear_right",
					"parent": "head",
					"pivot": [-3.5, 17, 0],
					"rotation": [0, 0, 0],
					"cubes": [
						{"origin": [-12.5, 17, -3.5], "size": [9, 0, 7], "uv": [29, 0]}
					]
				},
				{
					"name": "eyes",
					"parent": "head",
					"pivot": [0, 15, -3.5]
				},
				{
					"name": "eye_left",
					"parent": "eyes",
					"pivot": [2, 15.5, -3.5],
					"cubes": [
						{"origin": [1, 14.5, -3.501], "size": [2, 2, 0], "uv": [0, 2]}
					]
				},
				{
					"name": "eyelid_left",
					"parent": "eye_left",
					"pivot": [2, 15.5, -3.4],
					"cubes": [
						{"origin": [1, 14.5, -3.401], "size": [2, 2, 1], "inflate": 0.01, "uv": [30, 24]}
					]
				},
				{
					"name": "eye_right",
					"parent": "eyes",
					"pivot": [-2, 15.5, -3.5],
					"cubes": [
						{"origin": [-3, 14.5, -3.501], "size": [2, 2, 0], "uv": [0, 0]}
					]
				},
				{
					"name": "eyelid_right",
					"parent": "eye_right",
					"pivot": [-2, 15.5, -3.4],
					"cubes": [
						{"origin": [-3, 14.5, -3.401], "size": [2, 2, 1], "inflate": 0.01, "uv": [30, 21]}
					]
				}
			]
		}
	]
}