{
	"format_version": "1.12.0",
	"minecraft:geometry": [
		{
			"description": {
				"identifier": "geometry.teranaclstack",
				"texture_width": 64,
				"texture_height": 64,
				"visible_bounds_width": 3,
				"visible_bounds_height": 2.5,
				"visible_bounds_offset": [0, 0.75, 0]
			},
			"bones": [
				{
					"name": "teranaclstack",
					"pivot": [0, 0, 0]
				},
				{
					"name": "body",
					"parent": "teranaclstack",
					"pivot": [0, 0, 0]
				},
				{
					"name": "torso",
					"parent": "body",
					"pivot": [0, 4, 3],
					"cubes": [
						{"origin": [-5.5, 4, -5], "size": [11, 4, 13], "uv": [0, 0]},
						{"origin": [-3.5, 8, -3], "size": [7, 3, 3], "uv": [18, 46]},
						{"origin": [-5.5, 8, 2], "size": [11, 1, 6], "uv": [23, 17]},
						{"origin": [-1.5, 9, 4.8], "size": [3, 4, 3], "pivot": [0, 0, 0], "rotation": [12.12449, -15.19077, 8.92], "uv": [26, 52]},
						{"origin": [-0.5, 9, -1.2], "size": [3, 4, 3], "pivot": [0, 0, 0], "rotation": [-24.03649, -13.19938, 13.65114], "uv": [26, 52]},
						{"origin": [0.5, 11, 1], "size": [2, 4, 2], "pivot": [0, 0, 0], "rotation": [-15.54296, 1.6702, -16.84784], "uv": [16, 52]},
						{"origin": [-1.5, 11, -2], "size": [2, 4, 2], "pivot": [0, 0, 0], "rotation": [-34.36785, 6.21966, 0.0954], "uv": [16, 52]},
						{"origin": [-3.05617, 7.55251, 5], "size": [2, 4, 2], "pivot": [-2.05617, 8.55251, 5.73383], "rotation": [-47.33979, 43.34015, -65.01244], "uv": [16, 58]},
						{"origin": [0.5, 8, 5.1], "size": [2, 4, 2], "pivot": [0, 0, 0], "rotation": [17.01046, 3.94591, -14.48113], "uv": [16, 58]},
						{"origin": [-4.5, 8, 0], "size": [9, 3, 4], "uv": [0, 35]},
						{"origin": [-2.5, 6, -7], "size": [5, 5, 13], "inflate": -0.01, "uv": [0, 17]},
						{"origin": [-2.5, 2, -4], "size": [5, 2, 9], "inflate": -0.01, "uv": [27, 26]}
					]
				},
				{
					"name": "antenna_left",
					"parent": "torso",
					"pivot": [1.5, 21, -1.5],
					"rotation": [7.5, -12.5, -1],
					"cubes": [
						{"origin": [-0.09523, 9.4933, -7.01576], "size": [1, 4, 0], "uv": [53, 5]}
					]
				},
				{
					"name": "antenna_left2",
					"parent": "antenna_left",
					"pivot": [1.5, 25, -1.5],
					"rotation": [105, 0, 0],
					"cubes": [
						{"origin": [-0.09523, 33.30965, -11.19518], "size": [1, 5, 0], "uv": [55, 5]}
					]
				},
				{
					"name": "antenna_right3",
					"parent": "torso",
					"pivot": [-1.5, 21, -1.5],
					"rotation": [7.5, 12.5, 1],
					"cubes": [
						{"origin": [-0.67978, 9.51519, -6.89291], "size": [1, 4, 0], "uv": [53, 5]}
					]
				},
				{
					"name": "antenna_right4",
					"parent": "antenna_right3",
					"pivot": [-1.5, 25, -1.5],
					"rotation": [105, 0, 0],
					"cubes": [
						{"origin": [-0.67978, 33.18287, -11.2018], "size": [1, 5, 0], "uv": [55, 5]}
					]
				},
				{
					"name": "eyes",
					"parent": "torso",
					"pivot": [0, 8, -7]
				},
				{
					"name": "eye_left",
					"parent": "eyes",
					"pivot": [1.5, 8, -7],
					"cubes": [
						{"origin": [0.5, 7, -7], "size": [2, 2, 1], "uv": [6, 51]}
					]
				},
				{
					"name": "eyelid_left",
					"parent": "eye_left",
					"pivot": [1.4, 8, -6.9],
					"cubes": [
						{"origin": [0.4, 7, -6.9], "size": [2, 2, 1], "inflate": 0.01, "uv": [6, 57]}
					]
				},
				{
					"name": "eye_angry_left",
					"parent": "eye_left",
					"pivot": [1.4, 8, -6.9],
					"cubes": [
						{"origin": [0.4, 7, -6.9], "size": [2, 2, 1], "inflate": 0.01, "uv": [6, 54]}
					]
				},
				{
					"name": "eye_right",
					"parent": "eyes",
					"pivot": [-1.5, 8, -7],
					"cubes": [
						{"origin": [-2.5, 7, -7], "size": [2, 2, 1], "uv": [0, 51]}
					]
				},
				{
					"name": "eyelid_right",
					"parent": "eye_right",
					"pivot": [-1.4, 8, -6.9],
					"cubes": [
						{"origin": [-2.4, 7, -6.9], "size": [2, 2, 1], "inflate": 0.01, "uv": [0, 57]}
					]
				},
				{
					"name": "eye_angry_right",
					"parent": "eye_right",
					"pivot": [-1.4, 8, -6.9],
					"cubes": [
						{"origin": [-2.4, 7, -6.9], "size": [2, 2, 1], "inflate": 0.01, "uv": [0, 54]}
					]
				},
				{
					"name": "leg_front_left",
					"parent": "body",
					"pivot": [4.5, 4, -4],
					"cubes": [
						{"origin": [2.5, 0, -6], "size": [4, 4, 5], "uv": [0, 42]},
						{"origin": [2, 0, -6.5], "size": [1, 2, 2], "inflate": 0.01, "pivot": [2.5, 1, -6], "rotation": [0, 45, 0], "uv": [4, 6]}
					]
				},
				{
					"name": "leg_front_right",
					"parent": "body",
					"pivot": [-4.5, 4, -4],
					"cubes": [
						{"origin": [-6.5, 0, -6], "size": [4, 4, 5], "uv": [21, 37]},
						{"origin": [-3, 0, -6.5], "size": [1, 2, 2], "inflate": 0.01, "pivot": [-2.5, 1, -6], "rotation": [0, -45, 0], "uv": [0, 4]}
					]
				},
				{
					"name": "leg_back_right",
					"parent": "body",
					"pivot": [-4.5, 4, 8],
					"cubes": [
						{"origin": [-6.5, 0, 4], "size": [4, 4, 5], "uv": [35, 0]},
						{"origin": [-3, 0, -1.5], "size": [1, 2, 2], "inflate": 0.01, "pivot": [-2.5, 1, 5], "rotation": [0, 135, 0], "uv": [0, 0]}
					]
				},
				{
					"name": "leg_back_left",
					"parent": "body",
					"pivot": [4.5, 4, 8],
					"cubes": [
						{"origin": [2.5, 0, 4], "size": [4, 4, 5], "uv": [39, 37]},
						{"origin": [2, 0, 9.5], "size": [1, 2, 2], "inflate": 0.01, "pivot": [2.5, 1, 5], "rotation": [0, 45, 0], "uv": [4, 2]}
					]
				}
			]
		}
	]
}