{
 "species": "cobblemon:ironguardian",
 "order": 0,
 "variations": [
   {
     "aspects": [],
     "poser": "cobblemon:ironguardian",
     "model": "cobblemon:ironguardian.geo",
     "texture": "cobblemon:textures/pokemon/ironguardian/ironguardian.png",
     "layers": [
        {
          "name": "emissive",
          "texture": "cobblemon:textures/pokemon/ironguardian/ironguardian_emissive.png",
          "emissive": true
        }
      ]
   },
   {
     "aspects": [
       "shiny"
     ],
     "texture": "cobblemon:textures/pokemon/ironguardian/ironguardian_shiny.png",
      "layers": [
        {
          "name": "emissive",
          "texture": "cobblemon:textures/pokemon/ironguardian/ironguardian_emissive.png",
          "emissive": true
        }
      ]
   },
   {
     "aspects": [
       "sakura"
     ],
     "texture": "cobblemon:textures/pokemon/ironguardian/ironguardian_sakura.png",
      "layers": [
        {
          "name": "emissive",
          "texture": "cobblemon:textures/pokemon/ironguardian/ironguardian_sakura_emissive.png",
          "emissive": true
        }
      ]
   },
   {
     "aspects": [
       "shadow"
     ],
     "texture": "cobblemon:textures/pokemon/ironguardian/ironguardian_shadow.png",
      "layers": [
        {
          "name": "emissive",
          "texture": "cobblemon:textures/pokemon/ironguardian/ironguardian_shadow_emissive.png",
          "emissive": true
        }
      ]
   }
 ]
}