{
	"format_version": "1.12.0",
	"minecraft:geometry": [
		{
			"description": {
				"identifier": "geometry.megaterasteelix",
				"texture_width": 256,
				"texture_height": 256,
				"visible_bounds_width": 12,
				"visible_bounds_height": 6,
				"visible_bounds_offset": [0, 1, 0]
			},
			"bones": [
				{
					"name": "megaterasteelix",
					"pivot": [0, 0, 0]
				},
				{
					"name": "body",
					"parent": "megaterasteelix",
					"pivot": [0, 8, 0]
				},
				{
					"name": "head",
					"parent": "body",
					"pivot": [0, 8.5, -28],
					"cubes": [
						{"origin": [-13, 5.5, -42.5], "size": [26, 15, 12], "inflate": 0.02, "uv": [133, 201]},
						{"origin": [6, 2.5, -30.5], "size": [7, 21, 5], "inflate": 0.02, "uv": [136, 230]},
						{"origin": [-13, 2.5, -30.5], "size": [7, 21, 5], "inflate": 0.02, "uv": [136, 230], "mirror": true},
						{"origin": [-12.5, 11.5, -48.5], "size": [25, 9, 6], "inflate": 0.01, "uv": [145, 182]},
						{"origin": [-11, 11.5, -56.5], "size": [22, 9, 8], "uv": [146, 162]},
						{"origin": [-24.5, 4.5, -44.5], "size": [49, 5, 2], "inflate": 0.01, "uv": [0, 186]},
						{"origin": [-20, 1.5, -44.5], "size": [40, 4, 14], "inflate": 0.01, "uv": [0, 206]},
						{"origin": [-7, 2.5, -31], "size": [14, 12, 3], "uv": [0, 139]},
						{"origin": [6.01, 19.07335, -39.84406], "size": [7, 3, 10], "pivot": [9.51, 20.57335, -34.84406], "rotation": [17.5, 0, 0], "uv": [75, 142]},
						{"origin": [-13.01, 19.07335, -39.84406], "size": [7, 3, 10], "pivot": [-9.51, 20.57335, -34.84406], "rotation": [17.5, 0, 0], "uv": [75, 142], "mirror": true},
						{"origin": [-24.5, 4.5, -42.5], "size": [18, 5, 13], "inflate": 0.01, "uv": [68, 238]},
						{"origin": [6.5, 4.5, -42.5], "size": [18, 5, 13], "inflate": 0.01, "uv": [68, 238], "mirror": true},
						{"origin": [22.03862, 8.22827, -44.5], "size": [0, 6, 15], "pivot": [22.03862, 11.22827, -36], "rotation": [0, 0, -55], "uv": [190, 229]},
						{"origin": [20.01362, 8.22827, -44.5], "size": [2, 4, 15], "pivot": [22.03862, 11.22827, -36], "rotation": [0, 0, -55], "uv": [197, 215]},
						{"origin": [20.74291, 7.66729, -49.5], "size": [0, 6, 5], "pivot": [20.23041, 9.91729, -46.9875], "rotation": [0, 0, -66.75], "uv": [246, 237]},
						{"origin": [18.71791, 7.66729, -49.475], "size": [2, 3, 5], "pivot": [20.23041, 9.91729, -46.9875], "rotation": [0, 0, -66.75], "uv": [57, 240]},
						{"origin": [-20.74291, 7.66729, -49.5], "size": [0, 6, 5], "pivot": [-20.23041, 9.91729, -46.9875], "rotation": [0, 0, 66.75], "uv": [246, 237], "mirror": true},
						{"origin": [-20.71791, 7.66729, -49.475], "size": [2, 3, 5], "pivot": [-20.23041, 9.91729, -46.9875], "rotation": [0, 0, 66.75], "uv": [57, 240], "mirror": true},
						{"origin": [-22.03862, 8.22827, -44.5], "size": [0, 6, 15], "pivot": [-22.03862, 11.22827, -36], "rotation": [0, 0, 55], "uv": [190, 229], "mirror": true},
						{"origin": [-22.01362, 8.22827, -44.5], "size": [2, 4, 15], "pivot": [-22.03862, 11.22827, -36], "rotation": [0, 0, 55], "uv": [197, 215], "mirror": true}
					]
				},
				{
					"name": "stones",
					"parent": "head",
					"pivot": [0.5, 9, -25.5],
					"cubes": [
						{"origin": [24.2186, -11.85925, -27.13864], "size": [7, 5, 0], "pivot": [31.8123, -5.8492, -24.73895], "rotation": [-9.64265, 8.8944, 124.88022], "uv": [242, 58], "mirror": true},
						{"origin": [14.2686, -9.66036, -25.11568], "size": [7, 5, 0], "pivot": [31.8123, -5.8492, -24.73895], "rotation": [8.85735, 8.8944, 124.88022], "uv": [242, 64], "mirror": true},
						{"origin": [26.25398, -4.21207, -27.49321], "size": [8, 3, 4], "pivot": [31.8123, -5.8492, -24.73895], "rotation": [0, -0.25, 117.25], "uv": [232, 22], "mirror": true},
						{"origin": [24.58377, -5.50374, -26.41595], "size": [12, 5, 2], "pivot": [31.8123, -5.8492, -24.73895], "rotation": [0, -4, 129.25], "uv": [228, 30], "mirror": true},
						{"origin": [21.925, -6.4, -25.5], "size": [18, 7, 0], "pivot": [31.8123, -5.8492, -24.73895], "rotation": [0, 0, 123.5], "uv": [220, 38], "mirror": true},
						{"origin": [35.9841, -8.9977, -28.10249], "size": [7, 5, 0], "pivot": [31.8123, -5.8492, -24.73895], "rotation": [-12.03229, -5.19261, 141.41568], "uv": [242, 52]},
						{"origin": [42.36828, -6.28563, -24.13364], "size": [7, 5, 0], "pivot": [31.8123, -5.8492, -24.73895], "rotation": [7.79544, -9.83671, 128.63818], "uv": [242, 46]},
						{"origin": [-30.7686, -14.48425, -27.13864], "size": [7, 5, 0], "pivot": [-31.3623, -8.4742, -24.73895], "rotation": [-9.64265, -8.8944, -127.63022], "uv": [242, 58]},
						{"origin": [-20.8186, -12.28536, -25.11568], "size": [7, 5, 0], "pivot": [-31.3623, -8.4742, -24.73895], "rotation": [8.85735, -8.8944, -127.63022], "uv": [242, 64]},
						{"origin": [-33.80398, -6.83707, -27.49321], "size": [8, 3, 4], "pivot": [-31.3623, -8.4742, -24.73895], "rotation": [0, 0.25, -120], "uv": [232, 22]},
						{"origin": [-36.13377, -8.12874, -26.41595], "size": [12, 5, 2], "pivot": [-31.3623, -8.4742, -24.73895], "rotation": [0, 4, -132], "uv": [228, 30]},
						{"origin": [-39.475, -9.025, -25.5], "size": [18, 7, 0], "pivot": [-31.3623, -8.4742, -24.73895], "rotation": [0, 0, -126.25], "uv": [220, 38]},
						{"origin": [-42.5341, -11.6227, -28.10249], "size": [7, 5, 0], "pivot": [-31.3623, -8.4742, -24.73895], "rotation": [-12.03229, 5.19261, -144.16568], "uv": [242, 52], "mirror": true},
						{"origin": [-48.91828, -8.91063, -24.13364], "size": [7, 5, 0], "pivot": [-31.3623, -8.4742, -24.73895], "rotation": [7.79544, 9.83671, -131.38818], "uv": [242, 46], "mirror": true},
						{"origin": [22.8686, 21.36575, -27.13864], "size": [7, 5, 0], "pivot": [30.4623, 27.3758, -24.73895], "rotation": [-9.64265, 8.8944, 56.13022], "uv": [242, 58], "mirror": true},
						{"origin": [12.9186, 23.56464, -25.11568], "size": [7, 5, 0], "pivot": [30.4623, 27.3758, -24.73895], "rotation": [8.85735, 8.8944, 56.13022], "uv": [242, 64], "mirror": true},
						{"origin": [24.90398, 29.01293, -27.49321], "size": [8, 3, 4], "pivot": [30.4623, 27.3758, -24.73895], "rotation": [0, -0.25, 48.5], "uv": [232, 22], "mirror": true},
						{"origin": [23.23377, 27.72126, -26.41595], "size": [12, 5, 2], "pivot": [30.4623, 27.3758, -24.73895], "rotation": [0, -4, 60.5], "uv": [228, 30], "mirror": true},
						{"origin": [20.575, 26.825, -25.5], "size": [18, 7, 0], "pivot": [30.4623, 27.3758, -24.73895], "rotation": [0, 0, 54.75], "uv": [220, 38], "mirror": true},
						{"origin": [34.6341, 24.2273, -28.10249], "size": [7, 5, 0], "pivot": [30.4623, 27.3758, -24.73895], "rotation": [-12.03229, -5.19261, 72.66568], "uv": [242, 52]},
						{"origin": [41.01828, 26.93937, -24.13364], "size": [7, 5, 0], "pivot": [30.4623, 27.3758, -24.73895], "rotation": [7.79544, -9.83671, 59.88818], "uv": [242, 46]},
						{"origin": [-31.4936, 20.26575, -27.13864], "size": [7, 5, 0], "pivot": [-32.0873, 26.2758, -24.73895], "rotation": [-9.64265, -8.8944, -60.13022], "uv": [242, 58]},
						{"origin": [-21.5436, 22.46464, -25.11568], "size": [7, 5, 0], "pivot": [-32.0873, 26.2758, -24.73895], "rotation": [8.85735, -8.8944, -60.13022], "uv": [242, 64]},
						{"origin": [-34.52898, 27.91293, -27.49321], "size": [8, 3, 4], "pivot": [-32.0873, 26.2758, -24.73895], "rotation": [0, 0.25, -52.5], "uv": [232, 22]},
						{"origin": [-36.85877, 26.62126, -26.41595], "size": [12, 5, 2], "pivot": [-32.0873, 26.2758, -24.73895], "rotation": [0, 4, -64.5], "uv": [228, 30]},
						{"origin": [-40.2, 25.725, -25.5], "size": [18, 7, 0], "pivot": [-32.0873, 26.2758, -24.73895], "rotation": [0, 0, -58.75], "uv": [220, 38]},
						{"origin": [-43.2591, 23.1273, -28.10249], "size": [7, 5, 0], "pivot": [-32.0873, 26.2758, -24.73895], "rotation": [-12.03229, 5.19261, -76.66568], "uv": [242, 52], "mirror": true},
						{"origin": [-49.64328, 25.83937, -24.13364], "size": [7, 5, 0], "pivot": [-32.0873, 26.2758, -24.73895], "rotation": [7.79544, 9.83671, -63.88818], "uv": [242, 46], "mirror": true},
						{"origin": [0.525, -22.55, -25.375], "size": [7, 5, 0], "pivot": [13.975, -20.7, -25.5], "rotation": [9.64265, -8.8944, 1.38022], "uv": [242, 58]},
						{"origin": [10.475, -23.8, -22.575], "size": [7, 5, 0], "pivot": [13.975, -20.7, -25.5], "rotation": [-8.85735, -8.8944, 1.38022], "uv": [242, 64]},
						{"origin": [-2.525, -27.2, -27.5], "size": [8, 3, 4], "pivot": [1.475, -25.7, -25.5], "rotation": [0, 0.25, -6.25], "uv": [232, 22]},
						{"origin": [-5.525, -28.2, -26.5], "size": [12, 5, 2], "pivot": [0.475, -25.7, -25.5], "rotation": [0, 4, 5.75], "uv": [228, 30]},
						{"origin": [-8.525, -29.2, -25.5], "size": [18, 7, 0], "uv": [220, 38]},
						{"origin": [-11.64539, -22.57317, -27.2406], "size": [7, 5, 0], "pivot": [-8.97039, -20.74817, -27.2406], "rotation": [12.03229, 5.19261, 17.91568], "uv": [242, 52], "mirror": true},
						{"origin": [-17.76754, -26.36607, -22.29739], "size": [7, 5, 0], "pivot": [-11.81754, -22.79107, -22.29739], "rotation": [-7.79544, 9.83671, 5.13818], "uv": [242, 46], "mirror": true},
						{"origin": [-0.5, 38.125, -25.375], "size": [7, 5, 0], "pivot": [12.95, 41.275, -25.5], "rotation": [-9.64265, -8.8944, -1.38022], "uv": [242, 58]},
						{"origin": [9.45, 39.375, -22.575], "size": [7, 5, 0], "pivot": [12.95, 41.275, -25.5], "rotation": [8.85735, -8.8944, -1.38022], "uv": [242, 64]},
						{"origin": [-3.55, 44.775, -27.5], "size": [8, 3, 4], "pivot": [0.45, 46.275, -25.5], "rotation": [0, 0.25, 6.25], "uv": [232, 22]},
						{"origin": [-6.55, 43.775, -26.5], "size": [12, 5, 2], "pivot": [-0.55, 46.275, -25.5], "rotation": [0, 4, -5.75], "uv": [228, 30]},
						{"origin": [-9.55, 42.775, -25.5], "size": [18, 7, 0], "uv": [220, 38]},
						{"origin": [-12.67039, 38.14817, -27.2406], "size": [7, 5, 0], "pivot": [-9.99539, 41.32317, -27.2406], "rotation": [-12.03229, 5.19261, -17.91568], "uv": [242, 52], "mirror": true},
						{"origin": [-18.79254, 41.94107, -22.29739], "size": [7, 5, 0], "pivot": [-12.84254, 43.36607, -22.29739], "rotation": [7.79544, 9.83671, -5.13818], "uv": [242, 46], "mirror": true}
					]
				},
				{
					"name": "eyes",
					"parent": "head",
					"pivot": [0.5, 16, -52.5]
				},
				{
					"name": "eye_right",
					"parent": "eyes",
					"pivot": [-8, 16, -52.5],
					"cubes": [
						{"origin": [-11, 13.5, -56.5], "size": [6, 5, 8], "inflate": 0.01, "uv": [140, 52], "mirror": true}
					]
				},
				{
					"name": "eyelid_right",
					"parent": "eye_right",
					"pivot": [-7.9, 16, -52.4],
					"cubes": [
						{"origin": [-10.9, 13.5, -56.4], "size": [6, 5, 8], "inflate": 0.02, "uv": [111, 53], "mirror": true}
					]
				},
				{
					"name": "eye_left",
					"parent": "eyes",
					"pivot": [8, 16, -52.5],
					"cubes": [
						{"origin": [5, 13.5, -56.5], "size": [6, 5, 8], "inflate": 0.01, "uv": [140, 52]}
					]
				},
				{
					"name": "eyelid_left",
					"parent": "eye_left",
					"pivot": [7.9, 16, -52.4],
					"cubes": [
						{"origin": [4.9, 13.5, -56.4], "size": [6, 5, 8], "inflate": 0.02, "uv": [111, 53]}
					]
				},
				{
					"name": "tooth_top_right",
					"parent": "head",
					"pivot": [-2.5, 10, -56],
					"rotation": [0, 10, 0],
					"cubes": [
						{"origin": [-7.5, 8.5, -56], "size": [5, 3, 0], "uv": [50, 86]}
					]
				},
				{
					"name": "tooth_top_left",
					"parent": "head",
					"pivot": [2.5, 10, -56],
					"rotation": [0, -10, 0],
					"cubes": [
						{"origin": [2.5, 8.5, -56], "size": [5, 3, 0], "uv": [50, 86], "mirror": true}
					]
				},
				{
					"name": "jaw",
					"parent": "head",
					"pivot": [0, 9.5, -44.5],
					"cubes": [
						{"origin": [-22.5, 4.5, -49.5], "size": [45, 5, 5], "uv": [0, 173]},
						{"origin": [-20, 4.5, -57.5], "size": [40, 5, 8], "uv": [0, 157]},
						{"origin": [-16.5, 4.5, -61.5], "size": [33, 5, 4], "uv": [0, 227]},
						{"origin": [-12.5, 6.5, -48.5], "size": [0, 7, 7], "uv": [76, -7]},
						{"origin": [12.5, 6.5, -48.5], "size": [0, 7, 7], "uv": [76, -7], "mirror": true},
						{"origin": [-17, 1.5, -50.5], "size": [34, 3, 6], "uv": [0, 195]},
						{"origin": [-14.5, 1.5, -55.5], "size": [29, 3, 5], "uv": [56, 106]},
						{"origin": [-11.5, 1.5, -59.5], "size": [23, 3, 4], "uv": [157, 0]},
						{"origin": [10.35, 1.375, -68.275], "size": [6, 3, 13], "pivot": [8.75, 3.8, -64.1], "rotation": [20, -23, 0], "uv": [99, 13]},
						{"origin": [13.08204, 3.22598, -65.50031], "size": [6, 0, 13], "pivot": [12.00704, 3.72598, -60.00031], "rotation": [20.92091, -28.15367, -2.13076], "uv": [162, 53]},
						{"origin": [19.50704, 1.85098, -68.70031], "size": [6, 0, 13], "pivot": [12.00704, 2.92598, -61.30031], "rotation": [27.20307, -46.47356, -12.34528], "uv": [162, 53]},
						{"origin": [16.87111, 0.96016, -64.01387], "size": [6, 3, 13], "pivot": [18.97111, 2.46016, -59.41387], "rotation": [19.4999, -41.61936, -0.73572], "uv": [127, 0]},
						{"origin": [21.31056, 1.31332, -58.83465], "size": [6, 3, 13], "pivot": [22.66056, 4.13832, -53.15965], "rotation": [19.1651, -63.42152, -4.24518], "uv": [128, 18]},
						{"origin": [-16.35, 1.375, -68.275], "size": [6, 3, 13], "pivot": [-8.75, 3.8, -64.1], "rotation": [20, 23, 0], "uv": [99, 13], "mirror": true},
						{"origin": [-19.08204, 3.22598, -65.50031], "size": [6, 0, 13], "pivot": [-12.00704, 3.72598, -60.00031], "rotation": [20.92091, 28.15367, 2.13076], "uv": [162, 53], "mirror": true},
						{"origin": [-22.87111, 0.96016, -64.01387], "size": [6, 3, 13], "pivot": [-18.97111, 2.46016, -59.41387], "rotation": [19.4999, 41.61936, 0.73572], "uv": [127, 0], "mirror": true},
						{"origin": [-25.50704, 1.85098, -68.70031], "size": [6, 0, 13], "pivot": [-12.00704, 2.92598, -61.30031], "rotation": [27.20307, 46.47356, 12.34528], "uv": [162, 53], "mirror": true},
						{"origin": [-27.31056, 1.31332, -58.83465], "size": [6, 3, 13], "pivot": [-22.66056, 4.13832, -53.15965], "rotation": [19.1651, 63.42152, 4.24518], "uv": [128, 18], "mirror": true},
						{"origin": [-11.8, 7, -57.35], "size": [0, 5, 5], "pivot": [-11.8, 9.5, -54.85], "rotation": [-45, -30, 0], "uv": [0, 0]},
						{"origin": [-13.4, 6.5, -52.35], "size": [0, 5, 5], "pivot": [-13.4, 9, -49.85], "rotation": [-45, -5, 10], "uv": [12, -5]},
						{"origin": [11.8, 7, -57.35], "size": [0, 5, 5], "pivot": [11.8, 9.5, -54.85], "rotation": [-45, 30, 0], "uv": [0, 0], "mirror": true},
						{"origin": [13.4, 6.5, -52.35], "size": [0, 5, 5], "pivot": [13.4, 9, -49.85], "rotation": [-45, 5, -10], "uv": [12, -5], "mirror": true},
						{"origin": [13.05, 9.475, -48.625], "size": [0, 5, 5], "pivot": [13.4, 9, -49.85], "rotation": [-45, 5, -10], "uv": [12, 0]},
						{"origin": [-13.05, 9.475, -48.625], "size": [0, 5, 5], "pivot": [-13.4, 9, -49.85], "rotation": [-45, -5, 10], "uv": [12, 0], "mirror": true}
					]
				},
				{
					"name": "tooth_bottom_front",
					"parent": "jaw",
					"pivot": [0, 9.5, -56],
					"cubes": [
						{"origin": [-2.5, 9.5, -56], "size": [5, 3, 0], "uv": [57, 78]}
					]
				},
				{
					"name": "tooth_bottom_right_rot",
					"parent": "tooth_bottom_front",
					"pivot": [-2.5, 10, -56],
					"rotation": [0, 10, 0]
				},
				{
					"name": "tooth_bottom_right",
					"parent": "tooth_bottom_right_rot",
					"pivot": [-7.5, 10, -56],
					"rotation": [0, 40, 0],
					"cubes": [
						{"origin": [-12.5, 9.5, -56], "size": [5, 3, 0], "uv": [12, 10]}
					]
				},
				{
					"name": "tooth_bottom_left_rot",
					"parent": "tooth_bottom_front",
					"pivot": [2.5, 10, -56],
					"rotation": [0, -10, 0]
				},
				{
					"name": "tooth_bottom_left",
					"parent": "tooth_bottom_left_rot",
					"pivot": [7.5, 10, -56],
					"rotation": [0, -40, 0],
					"cubes": [
						{"origin": [7.5, 9.5, -56], "size": [5, 3, 0], "uv": [12, 10], "mirror": true}
					]
				},
				{
					"name": "stones2",
					"parent": "head",
					"pivot": [-0.5, 9, -25.5],
					"cubes": [
						{"origin": [-31.2186, -11.85925, -27.13864], "size": [7, 5, 0], "pivot": [-31.8123, -5.8492, -24.73895], "rotation": [-9.64265, -8.8944, -124.88022], "uv": [242, 58]}
					]
				},
				{
					"name": "stones3",
					"parent": "head",
					"pivot": [-0.5, 9, -25.5],
					"cubes": [
						{"origin": [-21.2686, -9.66036, -25.11568], "size": [7, 5, 0], "pivot": [-31.8123, -5.8492, -24.73895], "rotation": [8.85735, -8.8944, -124.88022], "uv": [242, 64]}
					]
				},
				{
					"name": "stones4",
					"parent": "head",
					"pivot": [-0.5, 9, -25.5],
					"cubes": [
						{"origin": [-34.25398, -4.21207, -27.49321], "size": [8, 3, 4], "pivot": [-31.8123, -5.8492, -24.73895], "rotation": [0, 0.25, -117.25], "uv": [232, 22]}
					]
				},
				{
					"name": "stones5",
					"parent": "head",
					"pivot": [-0.5, 9, -25.5],
					"cubes": [
						{"origin": [-36.58377, -5.50374, -26.41595], "size": [12, 5, 2], "pivot": [-31.8123, -5.8492, -24.73895], "rotation": [0, 4, -129.25], "uv": [228, 30]}
					]
				},
				{
					"name": "stones6",
					"parent": "head",
					"pivot": [-0.5, 9, -25.5],
					"cubes": [
						{"origin": [-39.925, -6.4, -25.5], "size": [18, 7, 0], "pivot": [-31.8123, -5.8492, -24.73895], "rotation": [0, 0, -123.5], "uv": [220, 38]}
					]
				},
				{
					"name": "stones7",
					"parent": "head",
					"pivot": [-0.5, 9, -25.5],
					"cubes": [
						{"origin": [-42.9841, -8.9977, -28.10249], "size": [7, 5, 0], "pivot": [-31.8123, -5.8492, -24.73895], "rotation": [-12.03229, 5.19261, -141.41568], "uv": [242, 52], "mirror": true}
					]
				},
				{
					"name": "stones8",
					"parent": "head",
					"pivot": [-0.5, 9, -25.5],
					"cubes": [
						{"origin": [-49.36828, -6.28563, -24.13364], "size": [7, 5, 0], "pivot": [-31.8123, -5.8492, -24.73895], "rotation": [7.79544, 9.83671, -128.63818], "uv": [242, 46], "mirror": true}
					]
				},
				{
					"name": "stones9",
					"parent": "head",
					"pivot": [-0.5, 9, -25.5],
					"cubes": [
						{"origin": [23.7686, -14.48425, -27.13864], "size": [7, 5, 0], "pivot": [31.3623, -8.4742, -24.73895], "rotation": [-9.64265, 8.8944, 127.63022], "uv": [242, 58], "mirror": true}
					]
				},
				{
					"name": "stones10",
					"parent": "head",
					"pivot": [-0.5, 9, -25.5],
					"cubes": [
						{"origin": [13.8186, -12.28536, -25.11568], "size": [7, 5, 0], "pivot": [31.3623, -8.4742, -24.73895], "rotation": [8.85735, 8.8944, 127.63022], "uv": [242, 64], "mirror": true}
					]
				},
				{
					"name": "stones11",
					"parent": "head",
					"pivot": [-0.5, 9, -25.5],
					"cubes": [
						{"origin": [25.80398, -6.83707, -27.49321], "size": [8, 3, 4], "pivot": [31.3623, -8.4742, -24.73895], "rotation": [0, -0.25, 120], "uv": [232, 22], "mirror": true}
					]
				},
				{
					"name": "stones12",
					"parent": "head",
					"pivot": [-0.5, 9, -25.5],
					"cubes": [
						{"origin": [24.13377, -8.12874, -26.41595], "size": [12, 5, 2], "pivot": [31.3623, -8.4742, -24.73895], "rotation": [0, -4, 132], "uv": [228, 30], "mirror": true}
					]
				},
				{
					"name": "stones13",
					"parent": "head",
					"pivot": [-0.5, 9, -25.5],
					"cubes": [
						{"origin": [21.475, -9.025, -25.5], "size": [18, 7, 0], "pivot": [31.3623, -8.4742, -24.73895], "rotation": [0, 0, 126.25], "uv": [220, 38], "mirror": true}
					]
				},
				{
					"name": "stones14",
					"parent": "head",
					"pivot": [-0.5, 9, -25.5],
					"cubes": [
						{"origin": [35.5341, -11.6227, -28.10249], "size": [7, 5, 0], "pivot": [31.3623, -8.4742, -24.73895], "rotation": [-12.03229, -5.19261, 144.16568], "uv": [242, 52]}
					]
				},
				{
					"name": "stones15",
					"parent": "head",
					"pivot": [-0.5, 9, -25.5],
					"cubes": [
						{"origin": [41.91828, -8.91063, -24.13364], "size": [7, 5, 0], "pivot": [31.3623, -8.4742, -24.73895], "rotation": [7.79544, -9.83671, 131.38818], "uv": [242, 46]}
					]
				},
				{
					"name": "stones16",
					"parent": "head",
					"pivot": [-0.5, 9, -25.5],
					"cubes": [
						{"origin": [-29.8686, 21.36575, -27.13864], "size": [7, 5, 0], "pivot": [-30.4623, 27.3758, -24.73895], "rotation": [-9.64265, -8.8944, -56.13022], "uv": [242, 58]}
					]
				},
				{
					"name": "stones17",
					"parent": "head",
					"pivot": [-0.5, 9, -25.5],
					"cubes": [
						{"origin": [-19.9186, 23.56464, -25.11568], "size": [7, 5, 0], "pivot": [-30.4623, 27.3758, -24.73895], "rotation": [8.85735, -8.8944, -56.13022], "uv": [242, 64]}
					]
				},
				{
					"name": "stones18",
					"parent": "head",
					"pivot": [-0.5, 9, -25.5],
					"cubes": [
						{"origin": [-32.90398, 29.01293, -27.49321], "size": [8, 3, 4], "pivot": [-30.4623, 27.3758, -24.73895], "rotation": [0, 0.25, -48.5], "uv": [232, 22]}
					]
				},
				{
					"name": "stones19",
					"parent": "head",
					"pivot": [-0.5, 9, -25.5],
					"cubes": [
						{"origin": [-35.23377, 27.72126, -26.41595], "size": [12, 5, 2], "pivot": [-30.4623, 27.3758, -24.73895], "rotation": [0, 4, -60.5], "uv": [228, 30]}
					]
				},
				{
					"name": "stones20",
					"parent": "head",
					"pivot": [-0.5, 9, -25.5],
					"cubes": [
						{"origin": [-38.575, 26.825, -25.5], "size": [18, 7, 0], "pivot": [-30.4623, 27.3758, -24.73895], "rotation": [0, 0, -54.75], "uv": [220, 38]}
					]
				},
				{
					"name": "stones21",
					"parent": "head",
					"pivot": [-0.5, 9, -25.5],
					"cubes": [
						{"origin": [-41.6341, 24.2273, -28.10249], "size": [7, 5, 0], "pivot": [-30.4623, 27.3758, -24.73895], "rotation": [-12.03229, 5.19261, -72.66568], "uv": [242, 52], "mirror": true}
					]
				},
				{
					"name": "stones22",
					"parent": "head",
					"pivot": [-0.5, 9, -25.5],
					"cubes": [
						{"origin": [-48.01828, 26.93937, -24.13364], "size": [7, 5, 0], "pivot": [-30.4623, 27.3758, -24.73895], "rotation": [7.79544, 9.83671, -59.88818], "uv": [242, 46], "mirror": true}
					]
				},
				{
					"name": "stones23",
					"parent": "head",
					"pivot": [-0.5, 9, -25.5],
					"cubes": [
						{"origin": [24.4936, 20.26575, -27.13864], "size": [7, 5, 0], "pivot": [32.0873, 26.2758, -24.73895], "rotation": [-9.64265, 8.8944, 60.13022], "uv": [242, 58], "mirror": true}
					]
				},
				{
					"name": "stones24",
					"parent": "head",
					"pivot": [-0.5, 9, -25.5],
					"cubes": [
						{"origin": [14.5436, 22.46464, -25.11568], "size": [7, 5, 0], "pivot": [32.0873, 26.2758, -24.73895], "rotation": [8.85735, 8.8944, 60.13022], "uv": [242, 64], "mirror": true}
					]
				},
				{
					"name": "stones25",
					"parent": "head",
					"pivot": [-0.5, 9, -25.5],
					"cubes": [
						{"origin": [26.52898, 27.91293, -27.49321], "size": [8, 3, 4], "pivot": [32.0873, 26.2758, -24.73895], "rotation": [0, -0.25, 52.5], "uv": [232, 22], "mirror": true}
					]
				},
				{
					"name": "stones26",
					"parent": "head",
					"pivot": [-0.5, 9, -25.5],
					"cubes": [
						{"origin": [24.85877, 26.62126, -26.41595], "size": [12, 5, 2], "pivot": [32.0873, 26.2758, -24.73895], "rotation": [0, -4, 64.5], "uv": [228, 30], "mirror": true}
					]
				},
				{
					"name": "stones27",
					"parent": "head",
					"pivot": [-0.5, 9, -25.5],
					"cubes": [
						{"origin": [22.2, 25.725, -25.5], "size": [18, 7, 0], "pivot": [32.0873, 26.2758, -24.73895], "rotation": [0, 0, 58.75], "uv": [220, 38], "mirror": true}
					]
				},
				{
					"name": "stones28",
					"parent": "head",
					"pivot": [-0.5, 9, -25.5],
					"cubes": [
						{"origin": [36.2591, 23.1273, -28.10249], "size": [7, 5, 0], "pivot": [32.0873, 26.2758, -24.73895], "rotation": [-12.03229, -5.19261, 76.66568], "uv": [242, 52]}
					]
				},
				{
					"name": "stones29",
					"parent": "head",
					"pivot": [-0.5, 9, -25.5],
					"cubes": [
						{"origin": [42.64328, 25.83937, -24.13364], "size": [7, 5, 0], "pivot": [32.0873, 26.2758, -24.73895], "rotation": [7.79544, -9.83671, 63.88818], "uv": [242, 46]}
					]
				},
				{
					"name": "stones30",
					"parent": "head",
					"pivot": [-0.5, 9, -25.5],
					"cubes": [
						{"origin": [-7.525, -22.55, -25.375], "size": [7, 5, 0], "pivot": [-13.975, -20.7, -25.5], "rotation": [9.64265, 8.8944, -1.38022], "uv": [242, 58], "mirror": true}
					]
				},
				{
					"name": "stones31",
					"parent": "head",
					"pivot": [-0.5, 9, -25.5],
					"cubes": [
						{"origin": [-17.475, -23.8, -22.575], "size": [7, 5, 0], "pivot": [-13.975, -20.7, -25.5], "rotation": [-8.85735, 8.8944, -1.38022], "uv": [242, 64], "mirror": true}
					]
				},
				{
					"name": "stones32",
					"parent": "head",
					"pivot": [-0.5, 9, -25.5],
					"cubes": [
						{"origin": [-5.475, -27.2, -27.5], "size": [8, 3, 4], "pivot": [-1.475, -25.7, -25.5], "rotation": [0, -0.25, 6.25], "uv": [232, 22], "mirror": true}
					]
				},
				{
					"name": "stones33",
					"parent": "head",
					"pivot": [-0.5, 9, -25.5],
					"cubes": [
						{"origin": [-6.475, -28.2, -26.5], "size": [12, 5, 2], "pivot": [-0.475, -25.7, -25.5], "rotation": [0, -4, -5.75], "uv": [228, 30], "mirror": true}
					]
				},
				{
					"name": "stones34",
					"parent": "head",
					"pivot": [-0.5, 9, -25.5],
					"cubes": [
						{"origin": [-9.475, -29.2, -25.5], "size": [18, 7, 0], "uv": [220, 38], "mirror": true}
					]
				},
				{
					"name": "stones35",
					"parent": "head",
					"pivot": [-0.5, 9, -25.5],
					"cubes": [
						{"origin": [4.64539, -22.57317, -27.2406], "size": [7, 5, 0], "pivot": [8.97039, -20.74817, -27.2406], "rotation": [12.03229, -5.19261, -17.91568], "uv": [242, 52]}
					]
				},
				{
					"name": "stones36",
					"parent": "head",
					"pivot": [-0.5, 9, -25.5],
					"cubes": [
						{"origin": [10.76754, -26.36607, -22.29739], "size": [7, 5, 0], "pivot": [11.81754, -22.79107, -22.29739], "rotation": [-7.79544, -9.83671, -5.13818], "uv": [242, 46]}
					]
				},
				{
					"name": "stones37",
					"parent": "head",
					"pivot": [-0.5, 9, -25.5],
					"cubes": [
						{"origin": [-6.5, 38.125, -25.375], "size": [7, 5, 0], "pivot": [-12.95, 41.275, -25.5], "rotation": [-9.64265, 8.8944, 1.38022], "uv": [242, 58], "mirror": true}
					]
				},
				{
					"name": "stones38",
					"parent": "head",
					"pivot": [-0.5, 9, -25.5],
					"cubes": [
						{"origin": [-16.45, 39.375, -22.575], "size": [7, 5, 0], "pivot": [-12.95, 41.275, -25.5], "rotation": [8.85735, 8.8944, 1.38022], "uv": [242, 64], "mirror": true}
					]
				},
				{
					"name": "stones39",
					"parent": "head",
					"pivot": [-0.5, 9, -25.5],
					"cubes": [
						{"origin": [-4.45, 44.775, -27.5], "size": [8, 3, 4], "pivot": [-0.45, 46.275, -25.5], "rotation": [0, -0.25, -6.25], "uv": [232, 22], "mirror": true}
					]
				},
				{
					"name": "stones40",
					"parent": "head",
					"pivot": [-0.5, 9, -25.5],
					"cubes": [
						{"origin": [-5.45, 43.775, -26.5], "size": [12, 5, 2], "pivot": [0.55, 46.275, -25.5], "rotation": [0, -4, 5.75], "uv": [228, 30], "mirror": true}
					]
				},
				{
					"name": "stones41",
					"parent": "head",
					"pivot": [-0.5, 9, -25.5],
					"cubes": [
						{"origin": [-8.45, 42.775, -25.5], "size": [18, 7, 0], "uv": [220, 38], "mirror": true}
					]
				},
				{
					"name": "stones42",
					"parent": "head",
					"pivot": [-0.5, 9, -25.5],
					"cubes": [
						{"origin": [5.67039, 38.14817, -27.2406], "size": [7, 5, 0], "pivot": [9.99539, 41.32317, -27.2406], "rotation": [-12.03229, -5.19261, 17.91568], "uv": [242, 52]}
					]
				},
				{
					"name": "stones43",
					"parent": "head",
					"pivot": [-0.5, 9, -25.5],
					"cubes": [
						{"origin": [11.79254, 41.94107, -22.29739], "size": [7, 5, 0], "pivot": [12.84254, 43.36607, -22.29739], "rotation": [7.79544, -9.83671, 5.13818], "uv": [242, 46]}
					]
				},
				{
					"name": "segment",
					"parent": "body",
					"pivot": [0, 8, -28]
				},
				{
					"name": "boulder1",
					"parent": "segment",
					"pivot": [0, 8, -21],
					"cubes": [
						{"origin": [-7.5, 0.5, -28], "size": [15, 15, 14], "uv": [0, 80]}
					]
				},
				{
					"name": "segment2",
					"parent": "segment",
					"pivot": [0, 8, -14]
				},
				{
					"name": "boulder2",
					"parent": "segment2",
					"pivot": [0, 8, -6],
					"cubes": [
						{"origin": [-12.5, -3, -15], "size": [25, 22, 23], "uv": [0, 0]},
						{"origin": [-26.5, 4, -8], "size": [10, 9, 9], "uv": [127, 96], "mirror": true},
						{"origin": [-16.5, 2.5, -9.5], "size": [4, 12, 12], "uv": [98, 190]},
						{"origin": [-36.5, 4.575, -7.5], "size": [10, 8, 8], "uv": [110, 132], "mirror": true},
						{"origin": [12.5, 2.5, -9.5], "size": [4, 12, 12], "uv": [98, 190], "mirror": true},
						{"origin": [16.5, 4, -8], "size": [10, 9, 9], "uv": [127, 96]},
						{"origin": [26.5, 4.575, -7.5], "size": [10, 8, 8], "uv": [110, 132]}
					]
				},
				{
					"name": "big_tcrystal_Left",
					"parent": "boulder2",
					"pivot": [0, 0, 0],
					"cubes": [
						{"origin": [17.41744, 5.54598, -0.82457], "size": [7, 16, 7], "pivot": [20.21744, 13.54598, 4.67543], "rotation": [-60.3437, 47.43543, 0.65042], "uv": [205, 72]},
						{"origin": [15.45959, -3.08363, -0.31785], "size": [6, 13, 6], "pivot": [18.45959, 3.41637, 2.68215], "rotation": [-36.06413, 31.06838, 127.7806], "uv": [206, 119]},
						{"origin": [16, 5.6, 2.5], "size": [5, 8, 5], "pivot": [18.5, 9, 3.5], "rotation": [-62, 0, 93], "uv": [229, 168]}
					]
				},
				{
					"name": "big_tcrystal_Right",
					"parent": "boulder2",
					"pivot": [0, 0, 0],
					"cubes": [
						{"origin": [-21, 5.6, 2.5], "size": [5, 8, 5], "pivot": [-18.5, 9, 3.5], "rotation": [-62, 0, -93], "uv": [229, 168], "mirror": true},
						{"origin": [-21.45959, -3.08363, -0.31785], "size": [6, 13, 6], "pivot": [-18.45959, 3.41637, 2.68215], "rotation": [-36.06413, -31.06838, -127.7806], "uv": [206, 119], "mirror": true},
						{"origin": [-24.41744, 5.54598, -0.82457], "size": [7, 16, 7], "pivot": [-20.21744, 13.54598, 4.67543], "rotation": [-60.3437, -47.43543, -0.65042], "uv": [205, 72], "mirror": true}
					]
				},
				{
					"name": "segment3",
					"parent": "segment2",
					"pivot": [0, 8, 7]
				},
				{
					"name": "boulder3",
					"parent": "segment3",
					"pivot": [0, 8, 13.5],
					"cubes": [
						{"origin": [-6.5, 1.5, 7], "size": [13, 13, 13], "uv": [61, 77]}
					]
				},
				{
					"name": "segment4",
					"parent": "segment3",
					"pivot": [0, 8, 20]
				},
				{
					"name": "boulder4",
					"parent": "segment4",
					"pivot": [0, 8.5, 26.5],
					"cubes": [
						{"origin": [-7.5, 0, 19], "size": [15, 16, 15], "uv": [0, 46]},
						{"origin": [-11.5, 4.5, 22.5], "size": [4, 8, 8], "uv": [148, 125]},
						{"origin": [-18.5, 5, 23], "size": [7, 7, 7], "uv": [116, 116]},
						{"origin": [-26.5, 5.45, 23.5], "size": [8, 6, 6], "uv": [114, 82]},
						{"origin": [7.5, 4.5, 22.5], "size": [4, 8, 8], "uv": [148, 125], "mirror": true},
						{"origin": [11.5, 5, 23], "size": [7, 7, 7], "uv": [116, 116], "mirror": true},
						{"origin": [18.5, 5.45, 23.5], "size": [8, 6, 6], "uv": [114, 82], "mirror": true}
					]
				},
				{
					"name": "segment5",
					"parent": "segment4",
					"pivot": [0, 8, 33]
				},
				{
					"name": "boulder5",
					"parent": "segment5",
					"pivot": [0, 8, 38.5],
					"cubes": [
						{"origin": [-5.5, 3, 33], "size": [11, 10, 11], "uv": [53, 119]}
					]
				},
				{
					"name": "segment6",
					"parent": "segment5",
					"pivot": [0, 8, 44]
				},
				{
					"name": "boulder6",
					"parent": "segment6",
					"pivot": [0, 8, 49.5],
					"cubes": [
						{"origin": [-6, 1.5, 43], "size": [12, 13, 13], "uv": [62, 48]},
						{"origin": [-9, 5, 46.75], "size": [3, 6, 6], "uv": [39, 136]},
						{"origin": [-14, 6, 47.75], "size": [5, 4, 4], "uv": [63, 142]},
						{"origin": [-19, 6.5, 48.25], "size": [5, 3, 3], "uv": [94, 0]},
						{"origin": [6, 5, 46.75], "size": [3, 6, 6], "uv": [39, 136], "mirror": true},
						{"origin": [9, 6, 47.75], "size": [5, 4, 4], "uv": [63, 142], "mirror": true},
						{"origin": [14, 6.5, 48.25], "size": [5, 3, 3], "uv": [94, 0], "mirror": true}
					]
				},
				{
					"name": "segment7",
					"parent": "segment6",
					"pivot": [0, 8, 55]
				},
				{
					"name": "boulder7",
					"parent": "segment7",
					"pivot": [0, 8, 60],
					"cubes": [
						{"origin": [-4.5, 3, 55], "size": [9, 10, 10], "uv": [99, 30]}
					]
				},
				{
					"name": "segment8",
					"parent": "segment7",
					"pivot": [0, 8, 65]
				},
				{
					"name": "boulder8",
					"parent": "segment8",
					"pivot": [0, 8, 65],
					"cubes": [
						{"origin": [-1.5, 6.5, 79], "size": [3, 3, 4], "uv": [139, 69]},
						{"origin": [-2, 6, 65], "size": [4, 4, 14], "uv": [154, 10]},
						{"origin": [-3, 5, 67], "size": [6, 6, 6], "uv": [89, 116]}
					]
				}
			]
		}
	]
}