{
 "species": "cobblemon:searinghorizons",
 "order": 0,
 "variations": [
   {
     "aspects": [],
     "poser": "cobblemon:searinghorizons",
     "model": "cobblemon:searinghorizons.geo",
     "texture": "cobblemon:textures/pokemon/searinghorizons/searinghorizons.png",
     "layers": [
        {
          "name": "emissive",
          "texture": "cobblemon:textures/pokemon/searinghorizons/searinghorizons_emissive.png",
          "emissive": true
        }
      ]
   },
   {
     "aspects": [
       "shiny"
     ],
     "texture": "cobblemon:textures/pokemon/searinghorizons/searinghorizons_shiny.png",
      "layers": [
        {
          "name": "emissive",
          "texture": "cobblemon:textures/pokemon/searinghorizons/searinghorizons_shiny_emissive.png",
          "emissive": true
        }
      ]
   }
 ]
}