{
 "species": "cobblemon:teraroggenrola",
 "order": 0,
 "variations": [
   {
     "aspects": [],
     "poser": "cobblemon:teraroggenrola",
     "model": "cobblemon:teraroggenrola.geo",
     "texture": "cobblemon:textures/pokemon/teraroggenrola/teraroggenrola.png",
     "layers": [
        {
          "name": "emissive",
          "texture": "cobblemon:textures/pokemon/teraroggenrola/teraroggenrola_emissive.png",
          "emissive": true
        }
      ]
   },
   {
     "aspects": [
       "shiny"
     ],
     "texture": "cobblemon:textures/pokemon/teraroggenrola/teraroggenrola_shiny.png",
      "layers": [
        {
          "name": "emissive",
          "texture": "cobblemon:textures/pokemon/teraroggenrola/teraroggenrola_shiny_emissive.png",
          "emissive": true
        }
      ]
   }
 ]
}