{
	"format_version": "1.8.0",
	"animations": {
		"animation.megateradiancie.ground_idle": {
			"loop": true,
			"animation_length": 4,
			"bones": {
				"armleft": {
					"rotation": [0, "0-math.sin(query.anim_time*90*variable.idlespeed/2-45)*1", "35+math.sin(query.anim_time*90*variable.idlespeed-45)*1"]
				},
				"dressleft": {
					"rotation": [0, 0, "25+math.sin(query.anim_time*90*variable.idlespeed-10)*1"]
				},
				"dressfront": {
					"rotation": [0, "0-math.sin(query.anim_time*90*variable.idlespeed-10)*1", 0],
					"position": [0, 0, -0.525]
				},
				"mouth_open": {
					"scale": [0.6, 1, 1]
				},
				"haircrystalleft": {
					"rotation": [
						"-7.4229+math.sin(query.anim_time*90*variable.idlespeed-100)*1",
						"-1.9113+math.sin(query.anim_time*90*variable.idlespeed-100)*1",
						"-4.6211-math.sin(query.anim_time*90*variable.idlespeed-100)*1"
					]
				},
				"armleft2": {
					"rotation": [0, "0+math.sin(query.anim_time*90*variable.idlespeed/2-60)*1", "-12.5+math.sin(query.anim_time*90*variable.idlespeed-60)*2"]
				},
				"armright": {
					"rotation": [0, "0+math.sin(query.anim_time*90*variable.idlespeed/2-45)*1", "-35-math.sin(query.anim_time*90*variable.idlespeed-45)*1"]
				},
				"armright2": {
					"rotation": [0, "0-math.sin(query.anim_time*90*variable.idlespeed/2-60)*1", "12.5-math.sin(query.anim_time*90*variable.idlespeed-60)*2"]
				},
				"dressleft2": {
					"rotation": [0, 0, "-22.5+math.sin(query.anim_time*90*variable.idlespeed-55)*3"]
				},
				"dressright": {
					"rotation": [0, 0, "-25-math.sin(query.anim_time*90*variable.idlespeed-10)*1"]
				},
				"dressright2": {
					"rotation": [0, 0, "22.5-math.sin(query.anim_time*90*variable.idlespeed-55)*3"]
				},
				"body": {
					"rotation": [
						"0+math.sin(query.anim_time*90*variable.idlespeed-45)*0.5",
						"0-math.sin(query.anim_time*90*variable.idlespeed/2-45)*1",
						"0+math.sin(query.anim_time*90*variable.idlespeed/2-45)*2"
					],
					"position": [
						"0+math.sin(query.anim_time*90*variable.idlespeed/2-90)*1",
						"4+math.sin(query.anim_time*90*variable.idlespeed-0)*0.25",
						"0+math.sin(query.anim_time*90*variable.idlespeed+90)*0.1"
					]
				},
				"torso": {
					"rotation": [
						"1+math.sin(query.anim_time*90*variable.idlespeed-45)*1",
						"0+math.sin(query.anim_time*90*variable.idlespeed/2-45)*0.5",
						"0+math.sin(query.anim_time*90*variable.idlespeed/2-0)*0.5"
					]
				},
				"head": {
					"rotation": ["2-math.sin(query.anim_time*90*variable.idlespeed-70)*2", "0+math.sin(query.anim_time*90*variable.idlespeed/2-70)*0.5", 0]
				},
				"earright": {
					"rotation": ["0-math.sin(query.anim_time*90*variable.idlespeed-80)*1", 0, "0+math.sin(query.anim_time*90*variable.idlespeed-80)*2"]
				},
				"earleft": {
					"rotation": ["0-math.sin(query.anim_time*90*variable.idlespeed-80)*1", 0, "0-math.sin(query.anim_time*90*variable.idlespeed-80)*2"]
				},
				"crystalleft2": {
					"rotation": ["0+math.sin(query.anim_time*90*variable.idlespeed-120)*1.5", 0, "0+math.sin(query.anim_time*90*variable.idlespeed-120)*0.5"]
				},
				"crystalright2": {
					"rotation": ["0+math.sin(query.anim_time*90*variable.idlespeed-120)*1.5", 0, "0-math.sin(query.anim_time*90*variable.idlespeed-120)*0.5"]
				},
				"crystalleft": {
					"rotation": ["0+math.sin(query.anim_time*90*variable.idlespeed-100)*1", 0, 0]
				},
				"crystalright": {
					"rotation": ["0+math.sin(query.anim_time*90*variable.idlespeed-100)*1", 0, 0]
				},
				"necklace": {
					"rotation": ["0+math.sin(query.anim_time*90*variable.idlespeed-60)*0.25", 0, 0]
				},
				"rock": {
					"rotation": [0, 0, "0-math.sin(query.anim_time*90*variable.idlespeed+30)*0.5"]
				},
				"dressfrontright": {
					"rotation": ["0+math.sin(query.anim_time*90*variable.idlespeed+10)*2", 0, 0]
				},
				"dressfrontleft": {
					"rotation": ["0+math.sin(query.anim_time*90*variable.idlespeed+10)*2", 0, 0]
				},
				"dressbackleft": {
					"rotation": ["5-math.sin(query.anim_time*90*variable.idlespeed+10)*2", 0, 0]
				},
				"dressbackright": {
					"rotation": ["5-math.sin(query.anim_time*90*variable.idlespeed+10)*2", 0, 0]
				},
				"dressback": {
					"rotation": [0, "0+math.sin(query.anim_time*90*variable.idlespeed-10)*1", 0],
					"position": [0, 0.33, 0.2]
				},
				"ribbon_left": {
					"rotation": [3.32273, -11.8671, 32.26703]
				},
				"ribbon_left2": {
					"rotation": [-0.6574, 7.4713, -10.04292]
				},
				"ribbon_left3": {
					"rotation": [15.22118, 9.99519, -4.97111]
				},
				"ribbon_left4": {
					"rotation": [9.69, 10.14, -1.31]
				},
				"ribbon_left5": {
					"rotation": [22.5, 55, 0]
				},
				"ribbon_left6": {
					"rotation": [14.60496, 41.60167, 3.14219]
				},
				"ribbon_left7": {
					"rotation": [12.30705, -11.42422, 15.27548]
				},
				"ribbon_left8": {
					"rotation": [4.936, 0, 17.5]
				},
				"ribbon_left9": {
					"rotation": [11.87618, 0, 20]
				},
				"ribbon_right": {
					"rotation": [3.32273, 11.8671, -32.267]
				},
				"ribbon_right2": {
					"rotation": [-0.6574, -7.4713, 10.0429]
				},
				"ribbon_right3": {
					"rotation": [15.22118, -9.9952, 4.9711]
				},
				"ribbon_right4": {
					"rotation": [9.69, -10.14, 1.31]
				},
				"ribbon_right5": {
					"rotation": [22.5, -55, 0]
				},
				"ribbon_right6": {
					"rotation": [14.60496, -41.6017, -3.1422]
				},
				"ribbon_right7": {
					"rotation": [12.30705, 11.4242, -15.2755]
				},
				"ribbon_right8": {
					"rotation": [4.936, 0, -17.5]
				},
				"ribbon_right9": {
					"rotation": [11.87618, 0, -20]
				}
			}
		},
		"animation.megateradiancie.ground_walk": {
			"loop": true,
			"animation_length": 2.6667,
			"bones": {
				"armleft": {
					"rotation": [0, "-22.5-math.sin(query.anim_time*90*variable.walkspeed-45)*6", "35+math.sin(query.anim_time*90*variable.walkspeed-45)*2"]
				},
				"dressleft": {
					"rotation": [0, 0, "25+math.sin(query.anim_time*90*variable.walkspeed-30)*2"]
				},
				"dressfront": {
					"rotation": [0, "-12.5-math.sin(query.anim_time*90*variable.walkspeed-30)*3", 0],
					"position": [0, 0, -0.525]
				},
				"mouth_open": {
					"scale": [0.6, 1, 1]
				},
				"haircrystalleft": {
					"rotation": [
						"-19.7939-math.sin(query.anim_time*90*variable.walkspeed-90)*3",
						"-3.3759+math.sin(query.anim_time*90*variable.walkspeed-90)*2",
						"-6.6513-math.sin(query.anim_time*90*variable.walkspeed-90)*2"
					]
				},
				"armleft2": {
					"rotation": [0, "15-math.sin(query.anim_time*90*variable.walkspeed-60)*2", "-12.5+math.sin(query.anim_time*90*variable.walkspeed-60)*3"]
				},
				"armright": {
					"rotation": [0, "22.5+math.sin(query.anim_time*90*variable.walkspeed-45)*6", "-35-math.sin(query.anim_time*90*variable.walkspeed-45)*2"]
				},
				"armright2": {
					"rotation": [0, "-15-math.sin(query.anim_time*90*variable.walkspeed-60)*2", "12.5-math.sin(query.anim_time*90*variable.walkspeed-60)*3"]
				},
				"dressleft2": {
					"rotation": [0, 0, "-22.5+math.sin(query.anim_time*90*variable.walkspeed-75)*4"]
				},
				"dressright": {
					"rotation": [0, 0, "-25-math.sin(query.anim_time*90*variable.walkspeed-30)*2"]
				},
				"dressright2": {
					"rotation": [0, 0, "22.5-math.sin(query.anim_time*90*variable.walkspeed-75)*4"]
				},
				"body": {
					"rotation": [
						"22.5+math.sin(query.anim_time*90*variable.walkspeed-45)*2",
						"-math.sin(query.anim_time*90*variable.walkspeed/2-45)*1",
						"math.sin(query.anim_time*90*variable.walkspeed/2-45)*1"
					],
					"position": [0, "4+math.sin(query.anim_time*90*variable.walkspeed-0)*0.5", "0+math.sin(query.anim_time*90*variable.walkspeed+90)*1"]
				},
				"torso": {
					"rotation": [
						"-14+math.sin(query.anim_time*90*variable.walkspeed-45)*2",
						"0+math.sin(query.anim_time*90*variable.walkspeed/2-45)*0.5",
						"0+math.sin(query.anim_time*90*variable.walkspeed/2-0)*0.5"
					]
				},
				"head": {
					"rotation": ["-5.5-math.sin(query.anim_time*90*variable.walkspeed-70)*4", "math.sin(query.anim_time*90*variable.walkspeed/2-70)*1", 0]
				},
				"earright": {
					"rotation": ["0-math.sin(query.anim_time*90*variable.walkspeed-80)*2", 0, "0+math.sin(query.anim_time*90*variable.walkspeed-80)*4"]
				},
				"earleft": {
					"rotation": ["0-math.sin(query.anim_time*90*variable.walkspeed-80)*2", 0, "0-math.sin(query.anim_time*90*variable.walkspeed-80)*4"]
				},
				"crystalleft2": {
					"rotation": ["0+math.sin(query.anim_time*90*variable.walkspeed-120)*3", 0, "0+math.sin(query.anim_time*90*variable.walkspeed-120)*1"]
				},
				"crystalright2": {
					"rotation": ["0+math.sin(query.anim_time*90*variable.walkspeed-120)*3", 0, "0-math.sin(query.anim_time*90*variable.walkspeed-120)*1"]
				},
				"crystalleft": {
					"rotation": ["0+math.sin(query.anim_time*90*variable.walkspeed-100)*2", 0, 0]
				},
				"crystalright": {
					"rotation": ["0+math.sin(query.anim_time*90*variable.walkspeed-100)*2", 0, 0]
				},
				"necklace": {
					"rotation": ["0+math.sin(query.anim_time*90*variable.walkspeed-60)*0.25", 0, 0]
				},
				"rock": {
					"rotation": [0, 0, "0-math.sin(query.anim_time*90*variable.walkspeed+30)*0.5"]
				},
				"dressfrontright": {
					"rotation": ["12.5636+math.sin(query.anim_time*90*variable.walkspeed-10)*4", 10.04692, 14.59695]
				},
				"dressfrontleft": {
					"rotation": ["12.5636+math.sin(query.anim_time*90*variable.walkspeed-10)*4", -10.04692, -14.59695]
				},
				"dressbackleft": {
					"rotation": ["16.0869-math.sin(query.anim_time*90*variable.walkspeed-10)*4", -12.08292, 4.81183]
				},
				"dressbackright": {
					"rotation": ["8.5869-math.sin(query.anim_time*90*variable.walkspeed-10)*4", 12.08292, -4.81183]
				},
				"dressback": {
					"rotation": [0, "-10+math.sin(query.anim_time*90*variable.walkspeed-30)*5", 0],
					"position": [0, 0.33, 0.2]
				},
				"ribbon_left": {
					"rotation": [3.32273, -11.8671, 32.26703]
				},
				"ribbon_left2": {
					"rotation": [-0.6574, 7.4713, -10.04292]
				},
				"ribbon_left3": {
					"rotation": [15.22118, 9.99519, -4.97111]
				},
				"ribbon_left4": {
					"rotation": [9.69, 10.14, -1.31]
				},
				"ribbon_left5": {
					"rotation": [22.5, 55, 0]
				},
				"ribbon_left6": {
					"rotation": [14.60496, 41.60167, 3.14219]
				},
				"ribbon_left7": {
					"rotation": [12.30705, -11.42422, 15.27548]
				},
				"ribbon_left8": {
					"rotation": [4.936, 0, 17.5]
				},
				"ribbon_left9": {
					"rotation": [11.87618, 0, 20]
				},
				"ribbon_right": {
					"rotation": [3.32273, 11.8671, -32.267]
				},
				"ribbon_right2": {
					"rotation": [-0.6574, -7.4713, 10.0429]
				},
				"ribbon_right3": {
					"rotation": [15.22118, -9.9952, 4.9711]
				},
				"ribbon_right4": {
					"rotation": [9.69, -10.14, 1.31]
				},
				"ribbon_right5": {
					"rotation": [22.5, -55, 0]
				},
				"ribbon_right6": {
					"rotation": [14.60496, -41.6017, -3.1422]
				},
				"ribbon_right7": {
					"rotation": [12.30705, 11.4242, -15.2755]
				},
				"ribbon_right8": {
					"rotation": [4.936, 0, -17.5]
				},
				"ribbon_right9": {
					"rotation": [11.87618, 0, -20]
				}
			}
		},
		"animation.megateradiancie.battle_idle": {
			"loop": true,
			"animation_length": 2.6667,
			"bones": {
				"armleft": {
					"rotation": [0, "0-math.sin(query.anim_time*90*variable.battlespeed /2-45)*1", "35+math.sin(query.anim_time*90*variable.battlespeed -45)*1"]
				},
				"dressleft": {
					"rotation": [0, 0, "25+math.sin(query.anim_time*90*variable.battlespeed -10)*1"]
				},
				"dressfront": {
					"rotation": [0, "0-math.sin(query.anim_time*90*variable.battlespeed -10)*1", 0],
					"position": [0, 0, -0.525]
				},
				"mouth_open": {
					"scale": [0.6, 1, 1]
				},
				"haircrystalleft": {
					"rotation": [
						"-7.4229+math.sin(query.anim_time*90*variable.battlespeed -100)*1",
						"-1.9113+math.sin(query.anim_time*90*variable.battlespeed -100)*1",
						"-4.6211-math.sin(query.anim_time*90*variable.battlespeed -100)*1"
					]
				},
				"armleft2": {
					"rotation": [0, "0+math.sin(query.anim_time*90*variable.battlespeed /2-60)*1", "-12.5+math.sin(query.anim_time*90*variable.battlespeed -60)*2"]
				},
				"armright": {
					"rotation": [0, "0+math.sin(query.anim_time*90*variable.battlespeed /2-45)*1", "-35-math.sin(query.anim_time*90*variable.battlespeed -45)*1"]
				},
				"armright2": {
					"rotation": [0, "0-math.sin(query.anim_time*90*variable.battlespeed /2-60)*1", "12.5-math.sin(query.anim_time*90*variable.battlespeed -60)*2"]
				},
				"dressleft2": {
					"rotation": [0, 0, "-22.5+math.sin(query.anim_time*90*variable.battlespeed -55)*3"]
				},
				"dressright": {
					"rotation": [0, 0, "-25-math.sin(query.anim_time*90*variable.battlespeed -10)*1"]
				},
				"dressright2": {
					"rotation": [0, 0, "22.5-math.sin(query.anim_time*90*variable.battlespeed -55)*3"]
				},
				"body": {
					"rotation": [
						"0+math.sin(query.anim_time*90*variable.battlespeed -45)*0.5",
						"0-math.sin(query.anim_time*90*variable.battlespeed /2-45)*1",
						"0+math.sin(query.anim_time*90*variable.battlespeed /2-45)*2"
					],
					"position": [
						"0+math.sin(query.anim_time*90*variable.battlespeed /2-90)*1",
						"4+math.sin(query.anim_time*90*variable.battlespeed -0)*0.25",
						"0+math.sin(query.anim_time*90*variable.battlespeed +90)*0.1"
					]
				},
				"torso": {
					"rotation": [
						"1+math.sin(query.anim_time*90*variable.battlespeed -45)*1",
						"0+math.sin(query.anim_time*90*variable.battlespeed /2-45)*0.5",
						"0+math.sin(query.anim_time*90*variable.battlespeed /2-0)*0.5"
					]
				},
				"head": {
					"rotation": ["2-math.sin(query.anim_time*90*variable.battlespeed -70)*2", "0+math.sin(query.anim_time*90*variable.battlespeed /2-70)*0.5", 0]
				},
				"earright": {
					"rotation": ["0-math.sin(query.anim_time*90*variable.battlespeed -80)*1", 0, "0+math.sin(query.anim_time*90*variable.battlespeed -80)*2"]
				},
				"earleft": {
					"rotation": ["0-math.sin(query.anim_time*90*variable.battlespeed -80)*1", 0, "0-math.sin(query.anim_time*90*variable.battlespeed -80)*2"]
				},
				"crystalleft2": {
					"rotation": ["0+math.sin(query.anim_time*90*variable.battlespeed -120)*1.5", 0, "0+math.sin(query.anim_time*90*variable.battlespeed -120)*0.5"]
				},
				"crystalright2": {
					"rotation": ["0+math.sin(query.anim_time*90*variable.battlespeed -120)*1.5", 0, "0-math.sin(query.anim_time*90*variable.battlespeed -120)*0.5"]
				},
				"crystalleft": {
					"rotation": ["0+math.sin(query.anim_time*90*variable.battlespeed -100)*1", 0, 0]
				},
				"crystalright": {
					"rotation": ["0+math.sin(query.anim_time*90*variable.battlespeed -100)*1", 0, 0]
				},
				"necklace": {
					"rotation": ["0+math.sin(query.anim_time*90*variable.battlespeed -60)*0.25", 0, 0]
				},
				"rock": {
					"rotation": [0, 0, "0-math.sin(query.anim_time*90*variable.battlespeed +30)*0.5"]
				},
				"dressfrontright": {
					"rotation": ["0+math.sin(query.anim_time*90*variable.battlespeed +10)*2", 0, 0]
				},
				"dressfrontleft": {
					"rotation": ["0+math.sin(query.anim_time*90*variable.battlespeed +10)*2", 0, 0]
				},
				"dressbackleft": {
					"rotation": ["5-math.sin(query.anim_time*90*variable.battlespeed +10)*2", 0, 0]
				},
				"dressbackright": {
					"rotation": ["5-math.sin(query.anim_time*90*variable.battlespeed +10)*2", 0, 0]
				},
				"dressback": {
					"rotation": [0, "0+math.sin(query.anim_time*90*variable.battlespeed -10)*1", 0],
					"position": [0, 0.33, 0.2]
				},
				"eyeright": {
					"rotation": [0, 0, 10]
				},
				"eyeleft": {
					"rotation": [0, 0, -10]
				},
				"ribbon_left": {
					"rotation": [3.32273, -11.8671, 32.26703]
				},
				"ribbon_left2": {
					"rotation": [-0.6574, 7.4713, -10.04292]
				},
				"ribbon_left3": {
					"rotation": [15.22118, 9.99519, -4.97111]
				},
				"ribbon_left4": {
					"rotation": [9.69, 10.14, -1.31]
				},
				"ribbon_left5": {
					"rotation": [22.5, 55, 0]
				},
				"ribbon_left6": {
					"rotation": [14.60496, 41.60167, 3.14219]
				},
				"ribbon_left7": {
					"rotation": [12.30705, -11.42422, 15.27548]
				},
				"ribbon_left8": {
					"rotation": [4.936, 0, 17.5]
				},
				"ribbon_left9": {
					"rotation": [11.87618, 0, 20]
				},
				"ribbon_right": {
					"rotation": [3.32273, 11.8671, -32.267]
				},
				"ribbon_right2": {
					"rotation": [-0.6574, -7.4713, 10.0429]
				},
				"ribbon_right3": {
					"rotation": [15.22118, -9.9952, 4.9711]
				},
				"ribbon_right4": {
					"rotation": [9.69, -10.14, 1.31]
				},
				"ribbon_right5": {
					"rotation": [22.5, -55, 0]
				},
				"ribbon_right6": {
					"rotation": [14.60496, -41.6017, -3.1422]
				},
				"ribbon_right7": {
					"rotation": [12.30705, 11.4242, -15.2755]
				},
				"ribbon_right8": {
					"rotation": [4.936, 0, -17.5]
				},
				"ribbon_right9": {
					"rotation": [11.87618, 0, -20]
				}
			}
		},
		"animation.megateradiancie.sleep": {
			"loop": true,
			"bones": {
				"body": {
					"rotation": [
						"math.sin(query.anim_time*90*variable.sleepspeed-45)*1",
						"0-math.sin(query.anim_time*90*variable.sleepspeed/2-45)*1",
						"0+math.sin(query.anim_time*90*variable.sleepspeed/2-45)*1"
					],
					"position": [
						"0+math.sin(query.anim_time*90*variable.sleepspeed/2-90)*0.1",
						"4+math.sin(query.anim_time*90*variable.sleepspeed-0)*0.25",
						"0+math.sin(query.anim_time*90*variable.sleepspeed+90)*0.1"
					]
				},
				"torso": {
					"rotation": ["7.5+math.sin(query.anim_time*90*variable.sleepspeed-40)*1", 0, 0]
				},
				"head": {
					"rotation": [
						"15.0168+math.sin(query.anim_time*90*variable.sleepspeed-60)*1",
						"8.4126+math.sin(query.anim_time*90*variable.sleepspeed-60)*1",
						"-6.458+math.sin(query.anim_time*90*variable.sleepspeed-60)*1"
					]
				},
				"eyeright": {
					"position": [0, 0, 1]
				},
				"eyeleft": {
					"position": [0, 0, 1]
				},
				"eyelidleft": {
					"rotation": [0, 0, 4.75],
					"position": [0, 0, -1],
					"scale": [0.6, 1, 1]
				},
				"eyelidright": {
					"rotation": [0, 0, -4.75],
					"position": [0, 0, -1],
					"scale": [0.6, 1, 1]
				},
				"earright": {
					"rotation": ["0-math.sin(query.anim_time*90*variable.sleepspeed-80)*1", 0, "0+math.sin(query.anim_time*90*variable.sleepspeed-80)*2"]
				},
				"earleft": {
					"rotation": ["0-math.sin(query.anim_time*90*variable.sleepspeed-80)*1", 0, "0-math.sin(query.anim_time*90*variable.sleepspeed-80)*2"]
				},
				"haircrystalleft": {
					"rotation": [
						"-7.4229+math.sin(query.anim_time*90*variable.sleepspeed-100)*1",
						"-1.9113+math.sin(query.anim_time*90*variable.sleepspeed-100)*1",
						"-4.6211-math.sin(query.anim_time*90*variable.sleepspeed-100)*1"
					]
				},
				"crystalleft2": {
					"rotation": ["0+math.sin(query.anim_time*90*variable.sleepspeed-120)*1.5", 0, "0+math.sin(query.anim_time*90*variable.sleepspeed-120)*0.5"]
				},
				"crystalright2": {
					"rotation": ["0+math.sin(query.anim_time*90*variable.sleepspeed-120)*1.5", 0, "0-math.sin(query.anim_time*90*variable.sleepspeed-120)*0.5"]
				},
				"crystalleft": {
					"rotation": ["0+math.sin(query.anim_time*90*variable.sleepspeed-100)*1", 0, 0]
				},
				"crystalright": {
					"rotation": ["0+math.sin(query.anim_time*90*variable.sleepspeed-100)*1", 0, 0]
				},
				"necklace": {
					"rotation": [10, 0, 0],
					"position": [0, 0, 0.4]
				},
				"armleft": {
					"rotation": [-3.6186, "17.2664+math.sin(query.anim_time*90*variable.sleepspeed-60)*1", "37.264-math.sin(query.anim_time*90*variable.sleepspeed-60)*1"]
				},
				"armleft2": {
					"rotation": [0, "17.5+math.sin(query.anim_time*90*variable.sleepspeed-80)*1", 12.5]
				},
				"handleft2": {
					"rotation": [0, 0, 12.5]
				},
				"thumbleft": {
					"rotation": [0, 0, 15]
				},
				"armright": {
					"rotation": [-3.6186, "-17.2664-math.sin(query.anim_time*90*variable.sleepspeed-60)*1", "-37.264+math.sin(query.anim_time*90*variable.sleepspeed-60)*1"]
				},
				"armright2": {
					"rotation": [0, "-17.5-math.sin(query.anim_time*90*variable.sleepspeed-80)*1", -12.5]
				},
				"handright2": {
					"rotation": [0, 0, -12.5]
				},
				"thumbright": {
					"rotation": [0, 0, -15]
				},
				"rock": {
					"rotation": [0, 0, 0]
				},
				"dressfrontright": {
					"rotation": ["0+math.sin(query.anim_time*90*variable.sleepspeed+10)*2", 0, 0]
				},
				"dressfrontleft": {
					"rotation": ["0+math.sin(query.anim_time*90*variable.sleepspeed+10)*2", 0, 0]
				},
				"dressbackleft": {
					"rotation": ["5-math.sin(query.anim_time*90*variable.sleepspeed+10)*2", 0, 0]
				},
				"dressbackright": {
					"rotation": ["5-math.sin(query.anim_time*90*variable.sleepspeed+10)*2", 0, 0]
				},
				"dressleft": {
					"rotation": [0, 0, "25+math.sin(query.anim_time*90*variable.sleepspeed-10)*1"]
				},
				"dressleft2": {
					"rotation": [0, 0, "-22.5+math.sin(query.anim_time*90*variable.sleepspeed-55)*3"]
				},
				"dressright": {
					"rotation": [0, 0, "-25-math.sin(query.anim_time*90*variable.sleepspeed-10)*1"]
				},
				"dressright2": {
					"rotation": [0, 0, "22.5-math.sin(query.anim_time*90*variable.sleepspeed-55)*3"]
				},
				"dressfront": {
					"rotation": [0, "0-math.sin(query.anim_time*90*variable.sleepspeed-10)*1", 0],
					"position": [0, 0, -0.525]
				},
				"dressback": {
					"rotation": [0, "0+math.sin(query.anim_time*90*variable.sleepspeed-10)*1", 0],
					"position": [0, 0.33, 0.2]
				},
				"ribbon_left": {
					"rotation": [3.32273, -11.8671, 32.26703]
				},
				"ribbon_left2": {
					"rotation": [-0.6574, 7.4713, -10.04292]
				},
				"ribbon_left3": {
					"rotation": [15.22118, 9.99519, -4.97111]
				},
				"ribbon_left4": {
					"rotation": [9.69, 10.14, -1.31]
				},
				"ribbon_left5": {
					"rotation": [22.5, 55, 0]
				},
				"ribbon_left6": {
					"rotation": [14.60496, 41.60167, 3.14219]
				},
				"ribbon_left7": {
					"rotation": [12.30705, -11.42422, 15.27548]
				},
				"ribbon_left8": {
					"rotation": [4.936, 0, 17.5]
				},
				"ribbon_left9": {
					"rotation": [11.87618, 0, 20]
				},
				"ribbon_right": {
					"rotation": [3.32273, 11.8671, -32.267]
				},
				"ribbon_right2": {
					"rotation": [-0.6574, -7.4713, 10.0429]
				},
				"ribbon_right3": {
					"rotation": [15.22118, -9.9952, 4.9711]
				},
				"ribbon_right4": {
					"rotation": [9.69, -10.14, 1.31]
				},
				"ribbon_right5": {
					"rotation": [22.5, -55, 0]
				},
				"ribbon_right6": {
					"rotation": [14.60496, -41.6017, -3.1422]
				},
				"ribbon_right7": {
					"rotation": [12.30705, 11.4242, -15.2755]
				},
				"ribbon_right8": {
					"rotation": [4.936, 0, -17.5]
				},
				"ribbon_right9": {
					"rotation": [11.87618, 0, -20]
				}
			}
		},
		"animation.megateradiancie.blink": {
			"animation_length": 0.1667,
			"bones": {
				"eyeright": {
					"position": {
						"0.0": [0, 0, 1],
						"0.125": {
							"pre": [0, 0, 1],
							"post": [0, 0, 1]
						},
						"0.1667": {
							"pre": [0, 0, 1],
							"post": [0, 0, 0]
						}
					}
				},
				"eyeleft": {
					"position": {
						"0.0": [0, 0, 1],
						"0.125": {
							"pre": [0, 0, 1],
							"post": [0, 0, 1]
						},
						"0.1667": {
							"pre": [0, 0, 1],
							"post": [0, 0, 0]
						}
					}
				},
				"eyelidleft": {
					"rotation": [0, 0, 4.75],
					"position": {
						"0.0": [0, 0, -1],
						"0.125": {
							"pre": [0, 0, -1],
							"post": [0, 0, -1]
						},
						"0.1667": {
							"pre": [0, 0, -1],
							"post": [0, 0, 0]
						}
					},
					"scale": {
						"0.0": [0.6, 1, 1],
						"0.125": {
							"pre": [0.6, 1, 1],
							"post": [0.6, 1, 1]
						},
						"0.1667": {
							"pre": [0.6, 1, 1],
							"post": [0.6, 1, 1]
						}
					}
				},
				"eyelidright": {
					"rotation": [0, 0, -4.75],
					"position": {
						"0.0": [0, 0, -1],
						"0.125": {
							"pre": [0, 0, -1],
							"post": [0, 0, -1]
						},
						"0.1667": {
							"pre": [0, 0, -1],
							"post": [0, 0, 0]
						}
					},
					"scale": {
						"0.0": [0.6, 1, 1],
						"0.125": {
							"pre": [0.6, 1, 1],
							"post": [0.6, 1, 1]
						},
						"0.1667": {
							"pre": [0.6, 1, 1],
							"post": [0.6, 1, 1]
						}
					}
				}
			}
		},
		"animation.megateradiancie.quirk": {
			"animation_length": 2.5,
			"bones": {
				"body": {
					"rotation": {
						"0.0": {
							"post": [0, 0, 0],
							"lerp_mode": "catmullrom"
						},
						"0.25": {
							"post": [0, -10, 0],
							"lerp_mode": "catmullrom"
						},
						"0.5": {
							"post": [5, 55, 0],
							"lerp_mode": "catmullrom"
						},
						"0.75": {
							"post": [10, 135, 0],
							"lerp_mode": "catmullrom"
						},
						"1.0": {
							"post": [10, 202.5, 0],
							"lerp_mode": "catmullrom"
						},
						"1.25": {
							"post": [10, 265, 0],
							"lerp_mode": "catmullrom"
						},
						"1.5": {
							"post": [10, 325, 0],
							"lerp_mode": "catmullrom"
						},
						"1.7083": {
							"post": [10, 382.5, 0],
							"lerp_mode": "catmullrom"
						},
						"1.7917": {
							"post": [10, 382.5, 0],
							"lerp_mode": "catmullrom"
						},
						"2.0": {
							"post": [4.66639, 355, 3.84649],
							"lerp_mode": "catmullrom"
						},
						"2.25": [0, 360, 0]
					},
					"position": {
						"0.0": [0, 0, 0],
						"0.25": [0, 0, 0],
						"0.5": [-0.8, 0.5, 0],
						"0.75": [-1.2, 1, 0],
						"1.0": [-1.2, 1.5, 1.4],
						"1.25": [-0.4, 2, 1.4],
						"1.5": [-0.4, 2.5, 0.1],
						"1.7083": [-1.12, 2.5, -0.78],
						"1.7917": [-1.3, 2.5, -1],
						"2.0": [-1.3, 2.5, -1],
						"2.25": [0, 1, 0],
						"2.5": [0, 0, 0]
					}
				},
				"torso": {
					"rotation": {
						"0.0": {
							"post": [0, 0, 0],
							"lerp_mode": "catmullrom"
						},
						"0.25": {
							"post": [0, -7.5, 0],
							"lerp_mode": "catmullrom"
						},
						"0.5": {
							"post": [0, 2.5, 0],
							"lerp_mode": "catmullrom"
						},
						"1.75": {
							"post": [0, 5, 0],
							"lerp_mode": "catmullrom"
						},
						"2.0": {
							"post": [0, 10, 0],
							"lerp_mode": "catmullrom"
						},
						"2.25": {
							"post": [0, -0.47, 0],
							"lerp_mode": "catmullrom"
						},
						"2.5": {
							"post": [0, 0, 0],
							"lerp_mode": "catmullrom"
						}
					}
				},
				"head": {
					"rotation": {
						"0.0": {
							"post": [0, 0, 0],
							"lerp_mode": "catmullrom"
						},
						"0.25": {
							"post": [0, 7.5, 0],
							"lerp_mode": "catmullrom"
						},
						"0.5": {
							"post": [0, -2.5, 0],
							"lerp_mode": "catmullrom"
						},
						"1.75": {
							"post": [0, -5, 0],
							"lerp_mode": "catmullrom"
						},
						"2.0": {
							"post": [0, 17.5, 0],
							"lerp_mode": "catmullrom"
						},
						"2.25": {
							"post": [0, -2.34, 0],
							"lerp_mode": "catmullrom"
						},
						"2.5": {
							"post": [0, 0, 0],
							"lerp_mode": "catmullrom"
						}
					}
				},
				"eyeright": {
					"position": {
						"0.0": [0, 0, 0],
						"0.375": {"pre": [0, 0, 0], "post": [0, 0, 1]},
						"1.875": {"pre": [0, 0, 1], "post": [0, 0, 0]}
					}
				},
				"eyeleft": {
					"position": {
						"0.0": [0, 0, 0],
						"0.375": {"pre": [0, 0, 0], "post": [0, 0, 1]},
						"1.875": {"pre": [0, 0, 1], "post": [0, 0, 0]}
					}
				},
				"eyelidleft": {
					"rotation": [0, 0, 4.75],
					"position": {
						"0.0": [0, 0, 0],
						"0.375": {"pre": [0, 0, 0], "post": [0, 0, -1]},
						"1.875": {"pre": [0, 0, -1], "post": [0, 0, 0]}
					},
					"scale": [0.6, 1, 1]
				},
				"eyelidright": {
					"rotation": [0, 0, -4.75],
					"position": {
						"0.0": [0, 0, 0],
						"0.375": {"pre": [0, 0, 0], "post": [0, 0, -1]},
						"1.875": {"pre": [0, 0, -1], "post": [0, 0, 0]}
					},
					"scale": [0.6, 1, 1]
				},
				"mouth": {
					"position": {
						"0.0": [0, 0, 0],
						"0.375": {"pre": [0, 0, 0], "post": [0, 0, 1]},
						"2.25": {"pre": [0, 0, 1], "post": [0, 0, 0]}
					}
				},
				"mouth_open": {
					"position": {
						"0.0": [0, 0, 0],
						"0.375": {"pre": [0, 0, 0], "post": [0, 0, -1]},
						"2.25": {"pre": [0, 0, -1], "post": [0, 0, 0]}
					},
					"scale": [0.6, 1, 1]
				},
				"armleft": {
					"rotation": {
						"0.0": {
							"post": [0, 0, 0],
							"lerp_mode": "catmullrom"
						},
						"0.25": {
							"post": [0, -7.5, 0],
							"lerp_mode": "catmullrom"
						},
						"0.5": {
							"post": [0, 10, -20],
							"lerp_mode": "catmullrom"
						},
						"1.8333": {
							"post": [0, 10, -20],
							"lerp_mode": "catmullrom"
						},
						"2.0833": {
							"post": [0, 0, -10],
							"lerp_mode": "catmullrom"
						},
						"2.3333": {
							"post": [0, 0, 0],
							"lerp_mode": "catmullrom"
						}
					}
				},
				"armleft2": {
					"rotation": {
						"0.0": {
							"post": [0, 0, 0],
							"lerp_mode": "catmullrom"
						},
						"0.25": {
							"post": [0, -10, 0],
							"lerp_mode": "catmullrom"
						},
						"0.5": {
							"post": [0, 10, 0],
							"lerp_mode": "catmullrom"
						},
						"1.9167": {
							"post": [0, 10, 0],
							"lerp_mode": "catmullrom"
						},
						"2.1667": {
							"post": [0, -12.5, 0],
							"lerp_mode": "catmullrom"
						},
						"2.4167": {
							"post": [0, 0, 0],
							"lerp_mode": "catmullrom"
						}
					}
				},
				"handleft2": {
					"rotation": [0, 0, 0]
				},
				"thumbleft": {
					"rotation": [0, 0, 0]
				},
				"armright": {
					"rotation": {
						"0.0": {
							"post": [0, 0, 0],
							"lerp_mode": "catmullrom"
						},
						"0.25": {
							"post": [0, -15, 0],
							"lerp_mode": "catmullrom"
						},
						"0.5": {
							"post": [0, -2.5, 20],
							"lerp_mode": "catmullrom"
						},
						"1.8333": {
							"post": [0, -2.5, 20],
							"lerp_mode": "catmullrom"
						},
						"2.0833": {
							"post": [0, -12.5, 10],
							"lerp_mode": "catmullrom"
						},
						"2.3333": {
							"post": [0, 0, 0],
							"lerp_mode": "catmullrom"
						}
					}
				},
				"armright2": {
					"rotation": {
						"0.0": {
							"post": [0, 0, 0],
							"lerp_mode": "catmullrom"
						},
						"0.25": {
							"post": [0, -15, 0],
							"lerp_mode": "catmullrom"
						},
						"0.5": {
							"post": [0, 7.5, 0],
							"lerp_mode": "catmullrom"
						},
						"1.9167": {
							"post": [0, 7.5, 0],
							"lerp_mode": "catmullrom"
						},
						"2.1667": {
							"post": [0, -12.5, 0],
							"lerp_mode": "catmullrom"
						},
						"2.4167": {
							"post": [0, 0, 0],
							"lerp_mode": "catmullrom"
						}
					}
				},
				"handright2": {
					"rotation": [0, 0, 0]
				},
				"thumbright": {
					"rotation": [0, 0, 0]
				},
				"rock": {
					"rotation": [0, 0, 0]
				},
				"dressfrontright": {
					"rotation": {
						"0.0": {
							"post": [0, 0, 0],
							"lerp_mode": "catmullrom"
						},
						"0.375": {
							"post": [-10, 0, 0],
							"lerp_mode": "catmullrom"
						},
						"1.875": {
							"post": [-10, 0, 0],
							"lerp_mode": "catmullrom"
						},
						"2.125": {
							"post": [0, 0, 0],
							"lerp_mode": "catmullrom"
						}
					}
				},
				"dressfrontleft": {
					"rotation": {
						"0.0": {
							"post": [0, 0, 0],
							"lerp_mode": "catmullrom"
						},
						"0.375": {
							"post": [-10, 0, 0],
							"lerp_mode": "catmullrom"
						},
						"1.875": {
							"post": [-10, 0, 0],
							"lerp_mode": "catmullrom"
						},
						"2.125": {
							"post": [0, 0, 0],
							"lerp_mode": "catmullrom"
						}
					}
				},
				"dressbackleft": {
					"rotation": {
						"0.0": {
							"post": [0, 0, 0],
							"lerp_mode": "catmullrom"
						},
						"0.375": {
							"post": [10, 0, 0],
							"lerp_mode": "catmullrom"
						},
						"1.875": {
							"post": [10, 0, 0],
							"lerp_mode": "catmullrom"
						},
						"2.125": {
							"post": [0, 0, 0],
							"lerp_mode": "catmullrom"
						}
					}
				},
				"dressbackright": {
					"rotation": {
						"0.0": {
							"post": [0, 0, 0],
							"lerp_mode": "catmullrom"
						},
						"0.375": {
							"post": [10, 0, 0],
							"lerp_mode": "catmullrom"
						},
						"1.875": {
							"post": [10, 0, 0],
							"lerp_mode": "catmullrom"
						},
						"2.125": {
							"post": [0, 0, 0],
							"lerp_mode": "catmullrom"
						}
					}
				},
				"dressleft": {
					"rotation": {
						"0.0": {
							"post": [0, 0, 0],
							"lerp_mode": "catmullrom"
						},
						"0.375": {
							"post": [0, 0, -10],
							"lerp_mode": "catmullrom"
						},
						"1.875": {
							"post": [0, 0, -10],
							"lerp_mode": "catmullrom"
						},
						"2.125": {
							"post": [0, 0, 0],
							"lerp_mode": "catmullrom"
						}
					}
				},
				"dressleft2": {
					"rotation": {
						"0.0": {
							"post": [0, 0, 0],
							"lerp_mode": "catmullrom"
						},
						"0.375": {
							"post": [0, 0, -5],
							"lerp_mode": "catmullrom"
						},
						"1.875": {
							"post": [0, 0, -5],
							"lerp_mode": "catmullrom"
						},
						"2.125": {
							"post": [0, 0, 0],
							"lerp_mode": "catmullrom"
						}
					}
				},
				"dressright": {
					"rotation": {
						"0.0": {
							"post": [0, 0, 0],
							"lerp_mode": "catmullrom"
						},
						"0.375": {
							"post": [0, 0, 10],
							"lerp_mode": "catmullrom"
						},
						"1.875": {
							"post": [0, 0, 10],
							"lerp_mode": "catmullrom"
						},
						"2.125": {
							"post": [0, 0, 0],
							"lerp_mode": "catmullrom"
						}
					}
				},
				"dressright2": {
					"rotation": {
						"0.0": {
							"post": [0, 0, 0],
							"lerp_mode": "catmullrom"
						},
						"0.375": {
							"post": [0, 0, 5],
							"lerp_mode": "catmullrom"
						},
						"1.875": {
							"post": [0, 0, 5],
							"lerp_mode": "catmullrom"
						},
						"2.125": {
							"post": [0, 0, 0],
							"lerp_mode": "catmullrom"
						}
					}
				},
				"dressfront": {
					"rotation": {
						"0.0": {
							"post": [0, 0, 0],
							"lerp_mode": "catmullrom"
						},
						"0.375": {
							"post": [0, 10, 0],
							"lerp_mode": "catmullrom"
						},
						"1.875": {
							"post": [0, 10, 0],
							"lerp_mode": "catmullrom"
						},
						"2.125": {
							"post": [0, 0, 0],
							"lerp_mode": "catmullrom"
						}
					}
				},
				"dressback": {
					"rotation": {
						"0.0": {
							"post": [0, 0, 0],
							"lerp_mode": "catmullrom"
						},
						"0.375": {
							"post": [0, -10, 0],
							"lerp_mode": "catmullrom"
						},
						"1.875": {
							"post": [0, -10, 0],
							"lerp_mode": "catmullrom"
						},
						"2.125": {
							"post": [0, 0, 0],
							"lerp_mode": "catmullrom"
						}
					}
				}
			}
		},
		"animation.megateradiancie.qurik2": {
			"animation_length": 2.25,
			"bones": {
				"body": {
					"rotation": {
						"0.0": {
							"post": [0, 0, 0],
							"lerp_mode": "catmullrom"
						},
						"0.25": {
							"post": [0, 0, -2.5],
							"lerp_mode": "catmullrom"
						},
						"0.5": {
							"post": [0, 0, -5],
							"lerp_mode": "catmullrom"
						},
						"0.625": {
							"post": [0, 0, -5],
							"lerp_mode": "catmullrom"
						},
						"0.875": {
							"post": [0, 0, 0],
							"lerp_mode": "catmullrom"
						},
						"1.125": {
							"post": [0, 0, 5],
							"lerp_mode": "catmullrom"
						},
						"1.25": {
							"post": [0, 0, 5],
							"lerp_mode": "catmullrom"
						},
						"1.5": {
							"post": [0, 0, 2.5],
							"lerp_mode": "catmullrom"
						},
						"1.75": {
							"post": [0, 0, 0],
							"lerp_mode": "catmullrom"
						}
					},
					"position": {
						"0.0": {
							"post": [0, 0, 0],
							"lerp_mode": "catmullrom"
						},
						"0.25": {
							"post": [-1, -0.5, 0],
							"lerp_mode": "catmullrom"
						},
						"0.5": {
							"post": [-2, 0.5, 0],
							"lerp_mode": "catmullrom"
						},
						"0.625": {
							"post": [-2, 0.5, 0],
							"lerp_mode": "catmullrom"
						},
						"0.875": {
							"post": [0, -0.5, 0],
							"lerp_mode": "catmullrom"
						},
						"1.125": {
							"post": [2, 0.5, 0],
							"lerp_mode": "catmullrom"
						},
						"1.25": {
							"post": [2, 0.5, 0],
							"lerp_mode": "catmullrom"
						},
						"1.5": {
							"post": [1, -0.5, 0],
							"lerp_mode": "catmullrom"
						},
						"1.75": {
							"post": [0, 0, 0],
							"lerp_mode": "catmullrom"
						}
					}
				},
				"torso": {
					"rotation": {
						"0.0": {
							"post": [0, 0, 0],
							"lerp_mode": "catmullrom"
						},
						"0.25": {
							"post": [0, 0, 0],
							"lerp_mode": "catmullrom"
						},
						"0.375": {
							"post": [0, 0, -2.5],
							"lerp_mode": "catmullrom"
						},
						"0.75": {
							"post": [0, 0, -5],
							"lerp_mode": "catmullrom"
						},
						"1.0": {
							"post": [0, 0, 0],
							"lerp_mode": "catmullrom"
						},
						"1.25": {
							"post": [0, 0, 2.5],
							"lerp_mode": "catmullrom"
						},
						"1.375": {
							"post": [0, 0, 5],
							"lerp_mode": "catmullrom"
						},
						"1.5": {
							"post": [0, 0, 2.5],
							"lerp_mode": "catmullrom"
						},
						"1.625": {
							"post": [0, 0, -2.5],
							"lerp_mode": "catmullrom"
						},
						"1.75": {
							"post": [0, 0, 0],
							"lerp_mode": "catmullrom"
						}
					}
				},
				"head": {
					"rotation": {
						"0.0": {
							"post": [0, 0, 0],
							"lerp_mode": "catmullrom"
						},
						"0.375": {
							"post": [0, 0, -5],
							"lerp_mode": "catmullrom"
						},
						"1.375": {
							"post": [0, 0, 2.5],
							"lerp_mode": "catmullrom"
						},
						"1.75": {
							"post": [0, 0, 0],
							"lerp_mode": "catmullrom"
						}
					}
				},
				"armleft": {
					"rotation": {
						"0.0": {
							"post": [0, 0, 0],
							"lerp_mode": "catmullrom"
						},
						"0.25": {
							"post": [0, 0, 0],
							"lerp_mode": "catmullrom"
						},
						"0.75": {
							"post": [0, 0, -5],
							"lerp_mode": "catmullrom"
						},
						"1.5": {
							"post": [0, 0, 5],
							"lerp_mode": "catmullrom"
						},
						"1.75": {
							"post": [0, 0, -2.5],
							"lerp_mode": "catmullrom"
						},
						"2.0": {
							"post": [0, 0, 0],
							"lerp_mode": "catmullrom"
						}
					}
				},
				"armleft2": {
					"rotation": {
						"0.0": [0, 0, 0],
						"0.375": [0, 0, 0],
						"0.875": [0, 0, -5],
						"1.625": [0, 0, 5],
						"2.0": [0, 0, 0]
					}
				},
				"handleft2": {
					"rotation": [0, 0, 0]
				},
				"thumbleft": {
					"rotation": [0, 0, 0]
				},
				"armright": {
					"rotation": {
						"0.0": {
							"post": [0, 0, 0],
							"lerp_mode": "catmullrom"
						},
						"0.25": {
							"post": [0, 0, 0],
							"lerp_mode": "catmullrom"
						},
						"0.75": {
							"post": [0, 0, -5],
							"lerp_mode": "catmullrom"
						},
						"1.5": {
							"post": [0, 0, 5],
							"lerp_mode": "catmullrom"
						},
						"1.75": {
							"post": [0, 0, -2.5],
							"lerp_mode": "catmullrom"
						},
						"2.0": {
							"post": [0, 0, 0],
							"lerp_mode": "catmullrom"
						}
					}
				},
				"armright2": {
					"rotation": {
						"0.0": [0, 0, 0],
						"0.375": [0, 0, 0],
						"0.875": [0, 0, -5],
						"1.625": [0, 0, 5],
						"2.0": [0, 0, 0]
					}
				},
				"handright2": {
					"rotation": [0, 0, 0]
				},
				"thumbright": {
					"rotation": [0, 0, 0]
				},
				"dressfrontright": {
					"rotation": [0, 0, 0]
				},
				"dressfrontleft": {
					"rotation": [0, 0, 0]
				},
				"dressbackleft": {
					"rotation": [0, 0, 0]
				},
				"dressbackright": {
					"rotation": [0, 0, 0]
				},
				"dressleft": {
					"rotation": {
						"0.0": {
							"post": [0, 0, 0],
							"lerp_mode": "catmullrom"
						},
						"0.5": {
							"post": [0, 0, 5],
							"lerp_mode": "catmullrom"
						},
						"1.25": {
							"post": [0, 0, -5],
							"lerp_mode": "catmullrom"
						},
						"1.75": {
							"post": [0, 0, 0],
							"lerp_mode": "catmullrom"
						}
					}
				},
				"dressleft2": {
					"rotation": [0, 0, 0]
				},
				"dressright": {
					"rotation": {
						"0.0": {
							"post": [0, 0, 0],
							"lerp_mode": "catmullrom"
						},
						"0.5": {
							"post": [0, 0, 5],
							"lerp_mode": "catmullrom"
						},
						"1.25": {
							"post": [0, 0, -5],
							"lerp_mode": "catmullrom"
						},
						"1.75": {
							"post": [0, 0, 0],
							"lerp_mode": "catmullrom"
						}
					}
				},
				"dressright2": {
					"rotation": [0, 0, 0]
				},
				"dressfront": {
					"rotation": [0, 0, 0]
				},
				"dressback": {
					"rotation": [0, 0, 0]
				}
			}
		},
		"animation.megateradiancie.cry": {
			"animation_length": 1,
			"bones": {
				"armleft": {
					"rotation": [0, 0, 17.5]
				},
				"dressleft": {
					"rotation": [0, 0, 5]
				},
				"dressfront": {
					"position": [0, 0, -0.525]
				},
				"mouth_open": {
					"position": {
						"0.0": [0, 0, -1],
						"0.5": {
							"pre": [0, 0, -1],
							"post": [0, 0, -1]
						},
						"0.5417": {
							"pre": [0, 0, -1],
							"post": [0, 0, 0]
						}
					},
					"scale": {
						"0.0": [0.6, 1, 1],
						"0.5": {
							"pre": [0.6, 1, 1],
							"post": [0.6, 1, 1]
						},
						"0.5417": {
							"pre": [0.6, 1, 1],
							"post": [0.6, 1, 1]
						}
					}
				},
				"mouth": {
					"position": {
						"0.0": [0, 0, 1],
						"0.5": {
							"pre": [0, 0, 1],
							"post": [0, 0, 1]
						},
						"0.5417": {
							"pre": [0, 0, 1],
							"post": [0, 0, 0]
						}
					}
				},
				"armright": {
					"rotation": [0, 0, -17.5]
				}
			}
		},
		"animation.megateradiancie.pose": {
			"animation_length": 8,
			"bones": {
				"body": {
					"rotation": [0, 0, 0]
				},
				"torso": {
					"rotation": [0, 0, 0]
				},
				"head": {
					"rotation": [0, 12.5, -5]
				},
				"mouth": {
					"position": [0, 0, 1]
				},
				"mouth_open": {
					"position": [0, 0, -1],
					"scale": [0.6, 1, 1]
				},
				"haircrystalleft": {
					"rotation": [0, 0, -2.5]
				},
				"armleft": {
					"rotation": [15, 12.5, 27.5]
				},
				"armleft2": {
					"rotation": [0, 0, -15]
				},
				"handleft2": {
					"rotation": [0, 0, -25]
				},
				"thumbleft": {
					"rotation": [0, 0, 15]
				},
				"dressfrontright": {
					"rotation": {
						"0.0": [-5, 0, 0],
						"0.625": [2.05042, -9.48134, -10.96773]
					}
				},
				"dressfrontleft": {
					"rotation": {
						"0.0": [-5, 0, 0],
						"0.625": [1.65754, 9.0608, 10.45844]
					}
				},
				"dressleft": {
					"rotation": {
						"0.0": [0, 0, 17.5],
						"0.625": [0, 0, 45]
					}
				},
				"dressfront": {
					"rotation": [0, 0, 0]
				},
				"armright": {
					"rotation": [0, -35, -20]
				},
				"armright2": {
					"rotation": [0, 0, 20]
				},
				"handright2": {
					"rotation": [0, 0, 15]
				},
				"thumbright": {
					"rotation": [0, -10, -20]
				},
				"rock": {
					"rotation": [0, 0, 0]
				},
				"dressleft2": {
					"rotation": {
						"0.0": [0, 0, -32.5],
						"0.625": [0, 0, -7.5]
					}
				},
				"dressright": {
					"rotation": {
						"0.0": [0, 0, -17.5],
						"0.625": [0, 0, -45]
					}
				},
				"dressright2": {
					"rotation": {
						"0.0": [0, 0, 32.5],
						"0.625": [0, 0, 7.5]
					}
				},
				"dressbackleft": {
					"rotation": {
						"0.0": [0, 0, 0],
						"0.625": [3.53341, -15.37631, 2.76883]
					}
				},
				"dressbackright": {
					"rotation": {
						"0.0": [0, 0, 0],
						"0.625": [-6.23748, 16.48056, -1.50709]
					}
				},
				"ribbon_left": {
					"rotation": [3.32273, -11.8671, 32.26703]
				},
				"ribbon_left2": {
					"rotation": [-0.6574, 7.4713, -10.04292]
				},
				"ribbon_left3": {
					"rotation": [15.22118, 9.99519, -4.97111]
				},
				"ribbon_left4": {
					"rotation": {
						"0.0": [10.74468, 27.3376, 1.94527],
						"1.875": [9.69, 10.14, -1.31]
					}
				},
				"ribbon_left5": {
					"rotation": [22.5, 55, 0]
				},
				"ribbon_left6": {
					"rotation": [14.60496, 41.60167, 3.14219]
				},
				"ribbon_left7": {
					"rotation": [12.30705, -11.42422, 15.27548]
				},
				"ribbon_left8": {
					"rotation": {
						"0.0": [0, 0, 17.5],
						"0.625": [4.936, 0, 17.5]
					}
				},
				"ribbon_left9": {
					"rotation": {
						"0.0": [0, 0, 20],
						"0.625": [11.87618, 0, 20]
					}
				},
				"ribbon_right": {
					"rotation": {
						"0.0": [0, 0, 0],
						"0.625": [0, 0, -37.5]
					}
				},
				"ribbon_right2": {
					"rotation": {
						"0.0": [0, 0, 0],
						"0.625": [0, -11.87618, 6.58791]
					}
				},
				"ribbon_right3": {
					"rotation": {
						"0.0": [0, 0, 0],
						"0.625": [11.87618, -12.3608, 7.51813]
					}
				},
				"ribbon_right4": {
					"rotation": {
						"0.0": [0, 0, 0],
						"0.625": [20.32847, -35.63264, 0],
						"1.875": [17.15799, -16.77154, 7.086]
					}
				},
				"ribbon_right5": {
					"rotation": {
						"0.0": [0, 0, 0],
						"0.625": [20.83951, -54.10012, -13.86695]
					}
				},
				"ribbon_right6": {
					"rotation": {
						"0.0": [0, 0, 0],
						"0.625": [10.58092, -15.97252, -11.36159],
						"1.875": [23.06093, -15.97252, -11.36159]
					}
				},
				"ribbon_right7": {
					"rotation": {
						"0.0": [0, 0, 0],
						"0.625": [20.09548, -8.19288, -21.30662],
						"1.875": [17.64336, -8.19288, -21.30662]
					}
				},
				"ribbon_right8": {
					"rotation": {
						"0.0": [0, 0, 0],
						"0.625": [9.07215, 0, -21.39753],
						"1.875": [19.11162, 4.72369, -19.76266]
					}
				},
				"ribbon_right9": {
					"rotation": {
						"0.0": [0, 0, 0],
						"0.625": [12.77313, 1.30959, -15.17499],
						"1.875": [11.49612, -12.42163, -10.47986]
					}
				},
				"small_crystal7": {
					"rotation": {
						"0.0": [0, 0, 0],
						"1.875": [-7.46381, 0.65112, 4.95618]
					}
				},
				"small_crystal6": {
					"rotation": {
						"0.0": [0, 0, 0],
						"1.875": [-7.46381, 0.65112, 4.95618]
					}
				},
				"small_crystal8": {
					"rotation": {
						"0.0": [0, 0, 0],
						"1.875": [-19.07147, -5.88162, -16.48149]
					}
				},
				"small_crystal9": {
					"rotation": {
						"0.0": [0, 0, 0],
						"1.875": [-19.30794, -5.06268, -14.11707]
					}
				}
			}
		},
		"animation.megateradiancie.pose2": {
			"loop": true,
			"bones": {
				"body": {
					"rotation": [-10, 0, 7.5]
				},
				"torso": {
					"rotation": [9.96271, 0.86717, -4.92442]
				},
				"head": {
					"rotation": [-5.20569, 22.47741, -1.03509]
				},
				"eyeright": {
					"position": [0, 0, 1]
				},
				"eyelidright": {
					"rotation": [0, 0, -4.75],
					"position": [0, 0, -1],
					"scale": [0.6, 1, 1]
				},
				"mouth": {
					"position": [0, 0, 1]
				},
				"mouth_open": {
					"position": [0, 0, -1],
					"scale": [0.6, 1, 1]
				},
				"haircrystalleft": {
					"rotation": [-20, 0, 0]
				},
				"armleft": {
					"rotation": [0, 0, 45]
				},
				"armleft2": {
					"rotation": [0, 20, -25]
				},
				"armright": {
					"rotation": [0, -17.5, 7.5]
				},
				"armright2": {
					"rotation": [0, 0, 32.5]
				},
				"handright2": {
					"rotation": [0, 0, 10]
				},
				"thumbright": {
					"rotation": [0, -22.5, -27.5]
				},
				"dressfrontright": {
					"rotation": [0, 0, 0]
				},
				"dressleft": {
					"rotation": [0, 0, 27.5]
				},
				"dressleft2": {
					"rotation": [0, 0, -30]
				},
				"dressright": {
					"rotation": [0, 0, -27.5]
				},
				"dressright2": {
					"rotation": [0, 0, 22.5]
				},
				"dressfront": {
					"rotation": [0, 7.5, 0]
				},
				"dressback": {
					"rotation": [0, -7.5, 0]
				},
				"ribbon_left": {
					"rotation": [3.32273, -11.8671, 32.26703]
				},
				"ribbon_left2": {
					"rotation": [-0.6574, 7.4713, -10.04292]
				},
				"ribbon_left3": {
					"rotation": [15.22118, 9.99519, -4.97111]
				},
				"ribbon_left4": {
					"rotation": [9.69, 10.14, -1.31]
				},
				"ribbon_left5": {
					"rotation": [22.5, 55, 0]
				},
				"ribbon_left6": {
					"rotation": [14.60496, 41.60167, 3.14219]
				},
				"ribbon_left7": {
					"rotation": [12.30705, -11.42422, 15.27548]
				},
				"ribbon_left8": {
					"rotation": [4.936, 0, 17.5]
				},
				"ribbon_left9": {
					"rotation": [11.87618, 0, 20]
				}
			}
		},
		"animation.megateradiancie.movetest": {
			"loop": true,
			"bones": {
				"body": {
					"position": [0, 0, "0-query.anim_time*90*0.3"]
				},
				"ribbon_left": {
					"rotation": [3.32273, -11.8671, 32.26703]
				},
				"ribbon_left2": {
					"rotation": [-0.6574, 7.4713, -10.04292]
				},
				"ribbon_left3": {
					"rotation": [15.22118, 9.99519, -4.97111]
				},
				"ribbon_left4": {
					"rotation": [9.69, 10.14, -1.31]
				},
				"ribbon_left5": {
					"rotation": [22.5, 55, 0]
				},
				"ribbon_left6": {
					"rotation": [14.60496, 41.60167, 3.14219]
				},
				"ribbon_left7": {
					"rotation": [12.30705, -11.42422, 15.27548]
				},
				"ribbon_left8": {
					"rotation": [4.936, 0, 17.5]
				},
				"ribbon_right": {
					"rotation": [3.32273, 11.8671, -32.267]
				},
				"ribbon_right2": {
					"rotation": [-0.6574, -7.4713, 10.0429]
				},
				"ribbon_right3": {
					"rotation": [15.22118, -9.9952, 4.9711]
				},
				"ribbon_right4": {
					"rotation": [9.69, -10.14, 1.31]
				},
				"ribbon_right5": {
					"rotation": [22.5, -55, 0]
				},
				"ribbon_right6": {
					"rotation": [14.60496, -41.6017, -3.1422]
				},
				"ribbon_right7": {
					"rotation": [12.30705, 11.4242, -15.2755]
				},
				"ribbon_right8": {
					"rotation": [4.936, 0, -17.5]
				},
				"ribbon_right9": {
					"rotation": [11.87618, 0, -20]
				}
			}
		}
	}
}