{
	"format_version": "1.12.0",
	"minecraft:geometry": [
		{
			"description": {
				"identifier": "geometry.teragigalith",
				"texture_width": 128,
				"texture_height": 128,
				"visible_bounds_width": 4,
				"visible_bounds_height": 3.5,
				"visible_bounds_offset": [0, 1.25, 0]
			},
			"bones": [
				{
					"name": "teragigalith",
					"pivot": [0, 0, 0]
				},
				{
					"name": "body",
					"parent": "teragigalith",
					"pivot": [0, 12.5, 0]
				},
				{
					"name": "torso",
					"parent": "body",
					"pivot": [0, 6.5, 3],
					"cubes": [
						{"origin": [-4.5, 12.5, -4.5], "size": [9, 6, 9], "pivot": [0, 12.5, 0], "rotation": [0, -45, 0], "uv": [0, 31]},
						{"origin": [-6, 6.5, -6], "size": [12, 6, 12], "pivot": [0, 12.5, 0], "rotation": [0, -45, 0], "uv": [0, 0]},
						{"origin": [-5, 3.5, -5], "size": [10, 3, 10], "pivot": [0, 12.5, 0], "rotation": [0, -45, 0], "uv": [0, 18]}
					]
				},
				{
					"name": "spike_front",
					"parent": "torso",
					"pivot": [0, 10.5, -7],
					"rotation": [50, 0, 0]
				},
				{
					"name": "spike_back_top",
					"parent": "torso",
					"pivot": [0, 16.5, 3.5],
					"rotation": [-25, 0, 0]
				},
				{
					"name": "spike_back_bottom",
					"parent": "torso",
					"pivot": [0, 9.5, 6.5],
					"rotation": [-45, 0, 0]
				},
				{
					"name": "neck",
					"parent": "torso",
					"pivot": [0, 18.5, -6],
					"rotation": [35, 0, 0],
					"cubes": [
						{"origin": [0, 11.5, -6], "size": [7, 7, 7], "pivot": [0, 18.5, -6], "rotation": [0, -45, 0], "uv": [51, 53]}
					]
				},
				{
					"name": "back_Tcrystal",
					"parent": "neck",
					"pivot": [-0.03392, 12.87148, 4.11692],
					"rotation": [-40, 0, 0],
					"cubes": [
						{"origin": [-2.1, 8.8, 4.7], "size": [4, 6, 3], "pivot": [-0.1, 10.9, 6.2], "rotation": [72.44278, -1.74626, -177.61143], "uv": [50, 111]},
						{"origin": [-2.1, 10.85672, 0.36243], "size": [4, 9, 3], "pivot": [-0.1, 14.75672, 3.86243], "rotation": [-15, 0, 0], "uv": [114, 36]},
						{"origin": [-43.4, -10.4, -11.3], "size": [5, 10, 5], "pivot": [-19.5, -0.4, -3], "rotation": [33.39339, 20.70481, 157.79235], "uv": [108, 1], "mirror": true},
						{"origin": [-6.3, -6.4, -18.2], "size": [4, 8, 3], "pivot": [-22, -2.4, -1.5], "rotation": [-74.71629, -32.97808, 8.05282], "uv": [98, 37], "mirror": true},
						{"origin": [2.3, -6.4, -18.2], "size": [4, 8, 3], "pivot": [22, -2.4, -1.5], "rotation": [-74.71629, 32.97808, -8.05282], "uv": [98, 37]},
						{"origin": [-3, 13.0544, 3.09001], "size": [6, 17, 7], "pivot": [0, 18.5544, 0.59001], "rotation": [-52.5, 0, 0], "uv": [0, 104]},
						{"origin": [38.4, -10.4, -11.3], "size": [5, 10, 5], "pivot": [19.5, -0.4, -3], "rotation": [33.39339, -20.70481, -157.79235], "uv": [108, 1]}
					]
				},
				{
					"name": "head",
					"parent": "torso",
					"pivot": [0, 22.5, 0.5],
					"cubes": [
						{"origin": [-3, 22.5, -3.5], "size": [6, 2, 5], "uv": [65, 0]},
						{"origin": [-2, 23.5, -7], "size": [4, 1, 4], "uv": [30, 73]}
					]
				},
				{
					"name": "fang_left",
					"parent": "head",
					"pivot": [-1.5, 25, -5.5],
					"rotation": [60, 30, 0],
					"cubes": [
						{"origin": [-1.5, 24, -8.5], "size": [0, 2, 3], "uv": [27, 35]}
					]
				},
				{
					"name": "fang_right",
					"parent": "head",
					"pivot": [1.5, 25, -5.5],
					"rotation": [60, -30, 0],
					"cubes": [
						{"origin": [1.5, 24, -8.5], "size": [0, 2, 3], "uv": [27, 35], "mirror": true}
					]
				},
				{
					"name": "head_upper",
					"parent": "head",
					"pivot": [0, 24.5, -0.5],
					"cubes": [
						{"origin": [-3.5, 24.5, -4], "size": [7, 5, 6], "uv": [46, 67]},
						{"origin": [-2, 24.5, -8], "size": [4, 4, 4], "uv": [72, 52]},
						{"origin": [0, 23, -10], "size": [0, 14, 10], "uv": [38, 36]}
					]
				},
				{
					"name": "eye_left",
					"parent": "head_upper",
					"pivot": [-2, 27, -5],
					"cubes": [
						{"origin": [-2.015, 26.5, -5.5], "size": [0, 1, 1], "uv": [0, 0]}
					]
				},
				{
					"name": "eye_right",
					"parent": "head_upper",
					"pivot": [2, 27, -5],
					"cubes": [
						{"origin": [2.015, 26.5, -5.5], "size": [0, 1, 1], "uv": [0, 0], "mirror": true}
					]
				},
				{
					"name": "horn_left",
					"parent": "head_upper",
					"pivot": [-3.5, 26.5, -1.1],
					"rotation": [-10, 0, 0],
					"cubes": [
						{"origin": [-4.5, 25, -2.6], "size": [1, 3, 3], "uv": [30, 22]},
						{"origin": [-4, 28, -2.6], "size": [0, 4, 3], "uv": [0, 48]},
						{"origin": [-4, 22, -2.6], "size": [0, 3, 3], "uv": [36, 3]}
					]
				},
				{
					"name": "horn_right",
					"parent": "head_upper",
					"pivot": [3.5, 26.5, -1.1],
					"rotation": [-10, 0, 0],
					"cubes": [
						{"origin": [3.5, 25, -2.6], "size": [1, 3, 3], "uv": [30, 22], "mirror": true},
						{"origin": [4, 28, -2.6], "size": [0, 4, 3], "uv": [0, 48], "mirror": true},
						{"origin": [4, 22, -2.6], "size": [0, 3, 3], "uv": [36, 3], "mirror": true}
					]
				},
				{
					"name": "head_tcrystal_1",
					"parent": "head",
					"pivot": [0, 0, 0],
					"cubes": [
						{"origin": [0.5, 27.8, -4.2], "size": [3, 2, 3], "pivot": [2.5, 27, -5.5], "rotation": [-45.51916, -20.77721, 162.82773], "uv": [115, 64]},
						{"origin": [1.5, 27.8, -4.6], "size": [2, 3, 2], "pivot": [3, 29.5, -2.7], "rotation": [58.00596, -19.66565, -28.31074], "uv": [49, 123]}
					]
				},
				{
					"name": "torso_tcrystal_1",
					"parent": "torso",
					"pivot": [0, 0, 0],
					"cubes": [
						{"origin": [6, 12.6, -4.6], "size": [1, 3, 2], "pivot": [6.5, 15.5, -2], "rotation": [43.78495, 21.86925, 67.9851], "uv": [42, 123]},
						{"origin": [5, 11.1, -5.6], "size": [2, 4, 2], "pivot": [6, 14, -3], "rotation": [67, 0, 70], "uv": [91, 110]},
						{"origin": [2, 12, -1], "size": [3, 5, 2], "pivot": [5.5, 15, 0], "rotation": [-21.60661, -48.59038, -79.10661], "uv": [118, 112]}
					]
				},
				{
					"name": "torso_tcrystal_2",
					"parent": "torso",
					"pivot": [0, 0, 0],
					"cubes": [
						{"origin": [-2, -1, 1], "size": [1, 3, 1], "pivot": [-13.5, 1.5, -0.5], "rotation": [-22.5, 0, -67.5], "uv": [121, 125]},
						{"origin": [-16, 1, 12.3], "size": [2, 4, 2], "pivot": [-16, 2, 0], "rotation": [84.20086, 69.89278, 37.96943], "uv": [120, 119]}
					]
				},
				{
					"name": "head_tcrystal_4",
					"parent": "torso",
					"pivot": [0, -0.9, 0],
					"cubes": [
						{"origin": [-5.00249, 16.65821, -4.87963], "size": [2, 3, 2], "pivot": [-3.00249, 18.45821, -3.67963], "rotation": [-65.75876, 53.14982, 34.21961], "uv": [105, 119]}
					]
				},
				{
					"name": "leg_back_left",
					"parent": "body",
					"pivot": [3, 6.5, 3],
					"cubes": [
						{"origin": [1.5, 5, 2], "size": [3, 3, 9], "uv": [63, 69]}
					]
				},
				{
					"name": "leg_back2_left",
					"parent": "leg_back_left",
					"pivot": [3, 6.5, 10],
					"cubes": [
						{"origin": [-2, 0, 9], "size": [10, 3, 9], "inflate": 0.01, "uv": [36, 0]}
					]
				},
				{
					"name": "leg_back3_left",
					"parent": "leg_back2_left",
					"pivot": [3, 2, 14],
					"rotation": [10, 0, 0],
					"cubes": [
						{"origin": [-0.5, 2, 10.5], "size": [7, 6, 6], "uv": [60, 12]}
					]
				},
				{
					"name": "leg_back4_left",
					"parent": "leg_back3_left",
					"pivot": [3, 8, 14.5],
					"cubes": [
						{"origin": [1, 8, 11.5], "size": [4, 5, 3], "pivot": [3, 8, 14.5], "rotation": [10, 0, 0], "uv": [10, 85]}
					]
				},
				{
					"name": "legspike_back_left",
					"parent": "leg_back3_left",
					"pivot": [3, 8, 14.5],
					"rotation": [45, 0, 0]
				},
				{
					"name": "leg_tcrystal_back_left2",
					"parent": "leg_back3_left",
					"pivot": [-4, 11.87618, 15.75997],
					"rotation": [-18, 0, 0],
					"cubes": [
						{"origin": [1.5, 7.37438, 14.27305], "size": [3, 5, 3], "uv": [70, 119]},
						{"origin": [2, 12.37438, 14.77305], "size": [2, 3, 2], "pivot": [3, 16.87438, 16.17305], "rotation": [-0.5, 0, 0], "uv": [91, 122]}
					]
				},
				{
					"name": "toe_back_left",
					"parent": "leg_back2_left",
					"pivot": [3, 1, 18],
					"cubes": [
						{"origin": [1.5, 0, 16.5], "size": [3, 2, 3], "pivot": [3, 1, 18], "rotation": [0, 45, 0], "uv": [74, 7]}
					]
				},
				{
					"name": "toe_back_left2",
					"parent": "toe_back_left",
					"pivot": [3, 2, 20],
					"rotation": [10, 0, 0],
					"cubes": [
						{"origin": [3, 2, 18], "size": [2, 3, 2], "pivot": [3, 2, 20], "rotation": [0, 45, 0], "uv": [0, 46]}
					]
				},
				{
					"name": "leg_back_right",
					"parent": "body",
					"pivot": [-3, 6.5, 3],
					"cubes": [
						{"origin": [-4.5, 5, 2], "size": [3, 3, 9], "uv": [63, 69], "mirror": true}
					]
				},
				{
					"name": "leg_back2_right",
					"parent": "leg_back_right",
					"pivot": [-3, 6.5, 10],
					"cubes": [
						{"origin": [-8, 0, 9], "size": [10, 3, 9], "inflate": 0.01, "uv": [36, 0], "mirror": true}
					]
				},
				{
					"name": "leg_back3_right",
					"parent": "leg_back2_right",
					"pivot": [-3, 2, 14],
					"rotation": [10, 0, 0],
					"cubes": [
						{"origin": [-6.5, 2, 10.5], "size": [7, 6, 6], "uv": [60, 12], "mirror": true}
					]
				},
				{
					"name": "leg_back4_right",
					"parent": "leg_back3_right",
					"pivot": [-3, 8, 14.5],
					"cubes": [
						{"origin": [-5, 8, 11.5], "size": [4, 5, 3], "pivot": [-3, 8, 14.5], "rotation": [10, 0, 0], "uv": [10, 85], "mirror": true}
					]
				},
				{
					"name": "legspike_back_right",
					"parent": "leg_back3_right",
					"pivot": [-3, 8, 14.5],
					"rotation": [45, 0, 0]
				},
				{
					"name": "leg_tcrystal_front_right2",
					"parent": "leg_back3_right",
					"pivot": [4, 11.87618, 15.85997],
					"rotation": [-18, 0, 0],
					"cubes": [
						{"origin": [-4.5, 7.37438, 14.37305], "size": [3, 5, 3], "uv": [70, 119], "mirror": true},
						{"origin": [-4, 12.37438, 14.87305], "size": [2, 3, 2], "pivot": [-3, 16.87438, 16.27305], "rotation": [-0.5, 0, 0], "uv": [91, 122], "mirror": true}
					]
				},
				{
					"name": "toe_back_right",
					"parent": "leg_back2_right",
					"pivot": [-3, 1, 18],
					"cubes": [
						{"origin": [-4.5, 0, 16.5], "size": [3, 2, 3], "pivot": [-3, 1, 18], "rotation": [0, -45, 0], "uv": [74, 7], "mirror": true}
					]
				},
				{
					"name": "toe_back_right2",
					"parent": "toe_back_right",
					"pivot": [-3, 2, 20],
					"rotation": [10, 0, 0],
					"cubes": [
						{"origin": [-5, 2, 18], "size": [2, 3, 2], "pivot": [-3, 2, 20], "rotation": [0, -45, 0], "uv": [0, 46], "mirror": true}
					]
				},
				{
					"name": "leg_front_left",
					"parent": "body",
					"pivot": [3, 6.5, -3],
					"cubes": [
						{"origin": [1.5, 5, -11], "size": [3, 3, 9], "uv": [15, 73]}
					]
				},
				{
					"name": "leg_front2_left",
					"parent": "leg_front_left",
					"pivot": [3, 6.5, -10],
					"cubes": [
						{"origin": [-2, 0, -18], "size": [10, 3, 9], "inflate": 0.01, "uv": [0, 46]}
					]
				},
				{
					"name": "leg_front3_left",
					"parent": "leg_front2_left",
					"pivot": [3, 2, -14],
					"rotation": [-10, 0, 0],
					"cubes": [
						{"origin": [-0.5, 2, -16.5], "size": [7, 6, 6], "uv": [65, 28]}
					]
				},
				{
					"name": "leg_front4_left",
					"parent": "leg_front3_left",
					"pivot": [3, 8, -14.5],
					"rotation": [-45, 0, 0],
					"cubes": [
						{"origin": [1, 8, -14.5], "size": [4, 5, 3], "pivot": [3, 8, -14.5], "rotation": [35, 0, 0], "uv": [86, 57]}
					]
				},
				{
					"name": "legspike_front_left",
					"parent": "leg_front3_left",
					"pivot": [3, 8, -14.5],
					"rotation": [-45, 0, 0]
				},
				{
					"name": "leg_tcrystal_front_left",
					"parent": "leg_front3_left",
					"pivot": [3, 11.77618, -15.94003],
					"rotation": [19, 0, 0],
					"cubes": [
						{"origin": [1.5, 7.27438, -17.42695], "size": [3, 5, 3], "uv": [70, 119]},
						{"origin": [2, 12.27438, -16.92695], "size": [2, 3, 2], "pivot": [3, 16.77438, -15.52695], "rotation": [-0.5, 0, 0], "uv": [91, 122]}
					]
				},
				{
					"name": "toe_front_left",
					"parent": "leg_front2_left",
					"pivot": [3, 1, -18],
					"cubes": [
						{"origin": [1.5, 0, -19.5], "size": [3, 2, 3], "pivot": [3, 1, -18], "rotation": [0, -45, 0], "uv": [82, 0]}
					]
				},
				{
					"name": "toe_front_left2",
					"parent": "toe_front_left",
					"pivot": [3, 2, -20],
					"rotation": [-10, 0, 0],
					"cubes": [
						{"origin": [3, 2, -20], "size": [2, 3, 2], "pivot": [3, 2, -20], "rotation": [0, -45, 0], "uv": [60, 24]}
					]
				},
				{
					"name": "leg_front_right",
					"parent": "body",
					"pivot": [-3, 6.5, -3],
					"cubes": [
						{"origin": [-4.5, 5, -11], "size": [3, 3, 9], "uv": [15, 73], "mirror": true}
					]
				},
				{
					"name": "leg_front2_right",
					"parent": "leg_front_right",
					"pivot": [-3, 6.5, -10],
					"cubes": [
						{"origin": [-8, 0, -18], "size": [10, 3, 9], "inflate": 0.01, "uv": [0, 46], "mirror": true}
					]
				},
				{
					"name": "leg_front3_right",
					"parent": "leg_front2_right",
					"pivot": [-3, 2, -14],
					"rotation": [-10, 0, 0],
					"cubes": [
						{"origin": [-6.5, 2, -16.5], "size": [7, 6, 6], "uv": [65, 28], "mirror": true}
					]
				},
				{
					"name": "leg_front4_right",
					"parent": "leg_front3_right",
					"pivot": [-3, 8, -14.5],
					"cubes": [
						{"origin": [-5, 8, -14.5], "size": [4, 5, 3], "pivot": [-3, 8, -14.5], "rotation": [-10, 0, 0], "uv": [86, 57], "mirror": true}
					]
				},
				{
					"name": "legspike_front_right",
					"parent": "leg_front3_right",
					"pivot": [-3, 8, -14.5],
					"rotation": [-45, 0, 0]
				},
				{
					"name": "leg_tcrystal_front_right",
					"parent": "leg_front3_right",
					"pivot": [-3, 13.8, -16.2],
					"rotation": [19, 0, 0],
					"cubes": [
						{"origin": [-4.5, 7.3, -18.1], "size": [3, 5, 3], "uv": [70, 119], "mirror": true},
						{"origin": [-4, 12.3, -17.5], "size": [2, 3, 2], "pivot": [-3, 16.8, -16.6], "rotation": [-0.5, 0, 0], "uv": [91, 122], "mirror": true}
					]
				},
				{
					"name": "toe_front_right",
					"parent": "leg_front2_right",
					"pivot": [-3, 1, -18],
					"cubes": [
						{"origin": [-4.5, 0, -19.5], "size": [3, 2, 3], "pivot": [-3, 1, -18], "rotation": [0, 45, 0], "uv": [82, 0], "mirror": true}
					]
				},
				{
					"name": "toe_front_right2",
					"parent": "toe_front_right",
					"pivot": [-3, 2, -20],
					"rotation": [-10, 0, 0],
					"cubes": [
						{"origin": [-5, 2, -20], "size": [2, 3, 2], "pivot": [-3, 2, -20], "rotation": [0, 45, 0], "uv": [60, 24], "mirror": true}
					]
				}
			]
		}
	]
}