{
 "species": "cobblemon:teranacli",
 "order": 0,
 "variations": [
   {
     "aspects": [],
     "poser": "cobblemon:teranacli",
     "model": "cobblemon:teranacli.geo",
     "texture": "cobblemon:textures/pokemon/teranacli/teranacli.png",
     "layers": [
        {
          "name": "emissive",
          "texture": "cobblemon:textures/pokemon/teranacli/teranacli_emissive.png",
          "emissive": true
        }
      ]
   },
   {
     "aspects": [
       "shiny"
     ],
     "texture": "cobblemon:textures/pokemon/teranacli/teranacli_shiny.png",
      "layers": [
        {
          "name": "emissive",
          "texture": "cobblemon:textures/pokemon/teranacli/teranacli_emissive.png",
          "emissive": true
        }
      ]
   }
 ]
}