{
 "species": "cobblemon:teracorsola",
 "order": 0,
 "variations": [
   {
     "aspects": [],
     "poser": "cobblemon:teracorsola",
     "model": "cobblemon:teracorsola.geo",
     "texture": "cobblemon:textures/pokemon/teracorsola/teracorsola.png",
     "layers": [
        {
          "name": "emissive",
          "texture": "cobblemon:textures/pokemon/teracorsola/teracorsola_emissive.png",
          "emissive": true
        }
      ]
   },
   {
     "aspects": [
       "shiny"
     ],
     "texture": "cobblemon:textures/pokemon/teracorsola/teracorsola_shiny.png",
      "layers": [
        {
          "name": "emissive",
          "texture": "cobblemon:textures/pokemon/teracorsola/teracorsola_emissive.png",
          "emissive": true
        }
      ]
   }
 ]
}